{
    "type": "FeatureCollection",
    "features": [
      {
        "type": "Feature",
        "properties": {},
        "geometry": {
          "type": "Polygon",
          "coordinates": [
            [
              [
                124.509510055138,
                40.21880650281608
              ],
              [
                124.62112908097683,
                40.290618636764954
              ],
              [
                124.71698329695649,
                40.320119661700446
              ],
              [
                124.73358699233509,
                40.370264686441274
              ],
              [
                124.82853397311834,
                40.42184939556034
              ],
              [
                124.90805016438263,
                40.48064503984426
              ],
              [
                124.94001661543,
                40.454665831964675
              ],
              [
                124.97990195775807,
                40.47367950276582
              ],
              [
                125.03817796699941,
                40.46486742126166
              ],
              [
                125.03694778243965,
                40.48216140928057
              ],
              [
                124.99891110926772,
                40.49455010523815
              ],
              [
                125.00994421665463,
                40.53225995365389
              ],
              [
                125.0707260622459,
                40.560310550798356
              ],
              [
                125.10766183217753,
                40.56757490609765
              ],
              [
                125.1755220230124,
                40.60946210383886
              ],
              [
                125.25689930307338,
                40.61861341384314
              ],
              [
                125.27350435380531,
                40.65354649374935
              ],
              [
                125.29932138958715,
                40.65940752727806
              ],
              [
                125.32328477905415,
                40.64212038804566
              ],
              [
                125.3693770685667,
                40.65656574123396
              ],
              [
                125.41618410272278,
                40.633870288837215
              ],
              [
                125.41247971224597,
                40.67152622205259
              ],
              [
                125.44765815193026,
                40.6747526377941
              ],
              [
                125.45383289049867,
                40.70560179668999
              ],
              [
                125.48968876955385,
                40.72700251224296
              ],
              [
                125.53915292415672,
                40.728045204799656
              ],
              [
                125.54532727193471,
                40.7602248331527
              ],
              [
                125.57988455176674,
                40.78698725713688
              ],
              [
                125.61130575792555,
                40.76207571197286
              ],
              [
                125.67955938741953,
                40.76740056942756
              ],
              [
                125.67033630624044,
                40.78643714664268
              ],
              [
                125.6352947530553,
                40.796913463775375
              ],
              [
                125.64266936829458,
                40.82450920988723
              ],
              [
                125.70168233457478,
                40.865113541660946
              ],
              [
                125.77252580409352,
                40.895836668291054
              ],
              [
                125.81143511478938,
                40.865152239497974
              ],
              [
                125.85529355347914,
                40.88693119689635
              ],
              [
                125.86949102014925,
                40.906836209071166
              ],
              [
                125.91572894703884,
                40.881077668794696
              ],
              [
                125.95385963938978,
                40.88010927814139
              ],
              [
                126.00236410870544,
                40.9346509544111
              ],
              [
                126.03552804804102,
                40.92687985409329
              ],
              [
                126.04597174547605,
                40.95982767647533
              ],
              [
                126.0767323804205,
                40.97468444508765
              ],
              [
                126.06011152767775,
                40.99546452170611
              ],
              [
                126.10261083152389,
                41.00988374011617
              ],
              [
                126.0939757724126,
                41.03424177694955
              ],
              [
                126.12790362405785,
                41.06177311332385
              ],
              [
                126.11864016946303,
                41.09015937092021
              ],
              [
                126.16187295076502,
                41.092480614455184
              ],
              [
                126.18225886440806,
                41.11099179618184
              ],
              [
                126.18287644365057,
                41.11279439937646
              ],
              [
                126.28951787862374,
                41.169558997371354
              ],
              [
                126.32639539136167,
                41.23473082996902
              ],
              [
                126.34852440954306,
                41.24233499171748
              ],
              [
                126.36758386293519,
                41.28681054841098
              ],
              [
                126.43166527713934,
                41.35105061297885
              ],
              [
                126.49161741553876,
                41.37274483255197
              ],
              [
                126.51883069135629,
                41.3472362214955
              ],
              [
                126.53366253167307,
                41.3647828638797
              ],
              [
                126.4916131263981,
                41.40460403202376
              ],
              [
                126.55463864347163,
                41.54594052200026
              ],
              [
                126.57746246772557,
                41.561187811382545
              ],
              [
                126.55895172020709,
                41.60681284690723
              ],
              [
                126.58731509674422,
                41.62249186303884
              ],
              [
                126.60270533318716,
                41.667201545711265
              ],
              [
                126.63960540876063,
                41.65911406663181
              ],
              [
                126.68260775889405,
                41.671996980958596
              ],
              [
                126.71886553640132,
                41.70858374693219
              ],
              [
                126.68505711003344,
                41.72605086695754
              ],
              [
                126.68935518404153,
                41.74881609830342
              ],
              [
                126.71762960948963,
                41.75100846163427
              ],
              [
                126.794646948235,
                41.70057280385947
              ],
              [
                126.80389708837677,
                41.747034927427165
              ],
              [
                126.84278378654803,
                41.73192409920531
              ],
              [
                126.85080180305448,
                41.75783194736414
              ],
              [
                126.88162866292606,
                41.789552862597546
              ],
              [
                126.92593398437639,
                41.81050468428308
              ],
              [
                126.9474324031512,
                41.80199178691952
              ],
              [
                126.93454100526993,
                41.77122925664743
              ],
              [
                126.97381814642264,
                41.77470614597394
              ],
              [
                127.00018837853419,
                41.746952805399914
              ],
              [
                127.04497182901133,
                41.74236893700305
              ],
              [
                127.05173205553793,
                41.70126670122896
              ],
              [
                127.03209181327176,
                41.67449906108635
              ],
              [
                127.09724897934086,
                41.64536489160387
              ],
              [
                127.0874014807336,
                41.62747893305804
              ],
              [
                127.12128376939604,
                41.6198920124535
              ],
              [
                127.12992109484419,
                41.59798342384526
              ],
              [
                127.17249796662448,
                41.597609022591314
              ],
              [
                127.11944297436101,
                41.5639596970154
              ],
              [
                127.11266554286237,
                41.53753823615679
              ],
              [
                127.15892872222375,
                41.54029262156158
              ],
              [
                127.18238252338608,
                41.52511034819902
              ],
              [
                127.23541208837973,
                41.51845278900626
              ],
              [
                127.28278805824732,
                41.49961161388085
              ],
              [
                127.24773191286647,
                41.484404549967095
              ],
              [
                127.29016423558775,
                41.48391851912581
              ],
              [
                127.35466398978146,
                41.46363398525183
              ],
              [
                127.35404749548341,
                41.47708187767341
              ],
              [
                127.39956757423194,
                41.47615010419195
              ],
              [
                127.413742113113,
                41.45777886756976
              ],
              [
                127.45323678438716,
                41.45918727401241
              ],
              [
                127.45941190417815,
                41.476682290530064
              ],
              [
                127.52061362714606,
                41.46565167655599
              ],
              [
                127.54161986659466,
                41.47511546914158
              ],
              [
                127.55829452144023,
                41.43076156303207
              ],
              [
                127.61313139699686,
                41.43077689087703
              ],
              [
                127.63096816345059,
                41.411469931074464
              ],
              [
                127.67828312900522,
                41.42080383677295
              ],
              [
                127.77430227281701,
                41.424783975260034
              ],
              [
                127.84900765912118,
                41.41862773030308
              ],
              [
                127.86382245887948,
                41.401602794985386
              ],
              [
                127.8767709371128,
                41.446017015963854
              ],
              [
                127.90388765980934,
                41.427638366376385
              ],
              [
                127.92603854387521,
                41.44286587741566
              ],
              [
                127.96474339207114,
                41.436508331074776
              ],
              [
                127.98561154485174,
                41.41895696814529
              ],
              [
                127.99419829819055,
                41.440456945686904
              ],
              [
                128.03409783473253,
                41.39100376352952
              ],
              [
                128.10484765454785,
                41.39093306475434
              ],
              [
                128.0845194174392,
                41.3720828867835
              ],
              [
                128.10855019811862,
                41.36176306005323
              ],
              [
                128.16347279710718,
                41.40178224335901
              ],
              [
                128.19804535073894,
                41.40857202539624
              ],
              [
                128.2375031178031,
                41.47496927235263
              ],
              [
                128.23257124922583,
                41.49558084161371
              ],
              [
                128.2953275017372,
                41.53763999832344
              ],
              [
                128.31191081926988,
                41.57342452299846
              ],
              [
                128.2959294992929,
                41.62535100392695
              ],
              [
                128.24301879327803,
                41.67904605660031
              ],
              [
                128.20294318930866,
                41.68616654033857
              ],
              [
                128.1578689850576,
                41.719147212109014
              ],
              [
                128.1418074956929,
                41.778495890398176
              ],
              [
                128.10663787512797,
                41.79094780105239
              ],
              [
                128.0980016801749,
                41.84089627917974
              ],
              [
                128.10970566090543,
                41.89438126755037
              ],
              [
                128.10045119596745,
                41.94736755211641
              ],
              [
                128.02787034423287,
                41.997735793090975
              ],
              [
                128.08442437294116,
                42.020328037076844
              ],
              [
                128.28849625742532,
                42.024028908310285
              ],
              [
                128.39914165158075,
                42.016317962911884
              ],
              [
                128.46021485094136,
                42.01818280431492
              ],
              [
                128.49297199524412,
                41.998263338758186
              ],
              [
                128.59233344435782,
                42.00512049276413
              ],
              [
                128.6009452466695,
                42.027795856955386
              ],
              [
                128.6316809115216,
                42.03310043085943
              ],
              [
                128.6525632826339,
                42.01661549736942
              ],
              [
                128.696153828474,
                42.01786950290738
              ],
              [
                128.73179426089135,
                42.04805934391487
              ],
              [
                128.77304562755756,
                42.03118057259489
              ],
              [
                128.78907109078804,
                42.040091592658186
              ],
              [
                128.89203588284585,
                42.014451710383916
              ],
              [
                128.94672213171694,
                42.02328688134525
              ],
              [
                128.9485530795977,
                42.08149987762196
              ],
              [
                128.9651099295584,
                42.094782926590625
              ],
              [
                129.0024961564174,
                42.08934239747459
              ],
              [
                129.03253200802814,
                42.10524631214377
              ],
              [
                129.04172877639917,
                42.13496829682333
              ],
              [
                129.10688650662442,
                42.138025274429964
              ],
              [
                129.1598995201855,
                42.18556805412751
              ],
              [
                129.20923646333554,
                42.206046379984905
              ],
              [
                129.20245024411355,
                42.23528997991842
              ],
              [
                129.17469630665215,
                42.239674799208515
              ],
              [
                129.17654398164387,
                42.259613393173225
              ],
              [
                129.20922744218186,
                42.26276524560912
              ],
              [
                129.22462827612387,
                42.2813784197573
              ],
              [
                129.20182483543442,
                42.290652103006416
              ],
              [
                129.25354970228327,
                42.33316465879168
              ],
              [
                129.2246166955468,
                42.35394987280157
              ],
              [
                129.2338508237908,
                42.37385225298264
              ],
              [
                129.3192738792231,
                42.38746508766887
              ],
              [
                129.30208104024837,
                42.401197812633704
              ],
              [
                129.32417799843424,
                42.42722178360358
              ],
              [
                129.34935297795477,
                42.424526367437664
              ],
              [
                129.33706722223783,
                42.44927787964453
              ],
              [
                129.36901022765537,
                42.445256259083344
              ],
              [
                129.35918110471414,
                42.42627754963176
              ],
              [
                129.38561589750273,
                42.42581213791892
              ],
              [
                129.39361168252046,
                42.446566641558206
              ],
              [
                129.44539574172802,
                42.43867260115625
              ],
              [
                129.49174119312462,
                42.40964218074251
              ],
              [
                129.5393310211129,
                42.35938142233138
              ],
              [
                129.5714129955188,
                42.378000474155684
              ],
              [
                129.56277735873613,
                42.3969967968358
              ],
              [
                129.59481752598643,
                42.41292112923286
              ],
              [
                129.59481632233857,
                42.420431724325645
              ],
              [
                129.5812626715369,
                42.44648734839176
              ],
              [
                129.6175742332185,
                42.4570714950241
              ],
              [
                129.6452374009294,
                42.42435245840441
              ],
              [
                129.69745691120738,
                42.42469923243365
              ],
              [
                129.74174290210556,
                42.46881682191194
              ],
              [
                129.73188686382014,
                42.49794418582114
              ],
              [
                129.74296230592316,
                42.54424699489339
              ],
              [
                129.73926060107328,
                42.5821466455125
              ],
              [
                129.77993910847763,
                42.61300069813105
              ],
              [
                129.7472580700963,
                42.64335125668145
              ],
              [
                129.78980184657908,
                42.67946524212798
              ],
              [
                129.7601882310025,
                42.705377909849716
              ],
              [
                129.77683047751523,
                42.76032246940865
              ],
              [
                129.8039822132376,
                42.792857655844394
              ],
              [
                129.80952973983443,
                42.84859487450491
              ],
              [
                129.82867173716232,
                42.86441789063944
              ],
              [
                129.83977831689862,
                42.91615679379075
              ],
              [
                129.86816889950063,
                42.92145458664001
              ],
              [
                129.84965096997573,
                42.94946143773453
              ],
              [
                129.86137320100121,
                42.97136739780193
              ],
              [
                129.89713395877928,
                42.96613628299348
              ],
              [
                129.89035209386887,
                42.99939763421968
              ],
              [
                129.94755908163447,
                43.00852361473987
              ],
              [
                129.9567753401193,
                42.97612168123126
              ],
              [
                129.99543474031705,
                42.978636264543
              ],
              [
                130.019981882285,
                42.96499472847023
              ],
              [
                130.065443890415,
                42.968841706299344
              ],
              [
                130.10115601904207,
                42.987210591660805
              ],
              [
                130.13694114582725,
                42.97368088109912
              ],
              [
                130.11349486654873,
                42.951762970409966
              ],
              [
                130.12028438721603,
                42.92987246438811
              ],
              [
                130.09500382792777,
                42.920219058640065
              ],
              [
                130.12892887692112,
                42.90096741784958
              ],
              [
                130.163507039219,
                42.909789934495286
              ],
              [
                130.20302685507204,
                42.89977823005084
              ],
              [
                130.2511124829237,
                42.90374810058549
              ],
              [
                130.2708090417166,
                42.88971147901186
              ],
              [
                130.25112014070694,
                42.85815899844253
              ],
              [
                130.23819507281465,
                42.79673486548919
              ],
              [
                130.23512483144853,
                42.73612628580836
              ],
              [
                130.25052935927832,
                42.708436127030716
              ],
              [
                130.283140943362,
                42.700493679619015
              ],
              [
                130.32616700945104,
                42.64719369789056
              ],
              [
                130.3661201114413,
                42.62820207522164
              ],
              [
                130.380889354445,
                42.60044999736933
              ],
              [
                130.4135355530676,
                42.61454374151088
              ],
              [
                130.43945311342495,
                42.60489220649057
              ],
              [
                130.4166263117406,
                42.57226199841864
              ],
              [
                130.4283516150784,
                42.55068187902852
              ],
              [
                130.46911723230366,
                42.56751769659098
              ],
              [
                130.45242779843497,
                42.585539640769795
              ],
              [
                130.47529060236056,
                42.62435341711122
              ],
              [
                130.51609982700788,
                42.62006958893798
              ],
              [
                130.51363164120852,
                42.59099785351998
              ],
              [
                130.55194965322983,
                42.49365945427427
              ],
              [
                130.5790888075501,
                42.48309996439551
              ],
              [
                130.574782213279,
                42.43321075800254
              ],
              [
                130.6387735222787,
                42.42433868850974
              ],
              [
                130.59387685289528,
                42.44823107938688
              ],
              [
                130.5932553214356,
                42.48398572808883
              ],
              [
                130.55873688460002,
                42.504258684948766
              ],
              [
                130.56366340413769,
                42.554972553312524
              ],
              [
                130.61600775232935,
                42.570840705478645
              ],
              [
                130.6270689148365,
                42.60122348806557
              ],
              [
                130.58583545688094,
                42.66903466899652
              ],
              [
                130.514231937935,
                42.6997003583673
              ],
              [
                130.45735462338837,
                42.68590600493354
              ],
              [
                130.41783745557666,
                42.704303060168364
              ],
              [
                130.39995600788322,
                42.728907206136704
              ],
              [
                130.45919356582024,
                42.76984986846698
              ],
              [
                130.52596179061774,
                42.78496903412981
              ],
              [
                130.55560090028538,
                42.8126846749002
              ],
              [
                130.59689518703587,
                42.81709966189784
              ],
              [
                130.65897452970265,
                42.845536826853305
              ],
              [
                130.7013582237433,
                42.84414475950296
              ],
              [
                130.712424604068,
                42.829215689509425
              ],
              [
                130.74749320480618,
                42.84323622134832
              ],
              [
                130.77707441534056,
                42.839746489731816
              ],
              [
                130.79495693124363,
                42.87704670717889
              ],
              [
                130.8381599878614,
                42.87887781923809
              ],
              [
                130.88379977933246,
                42.85043198681142
              ],
              [
                130.90595935845164,
                42.868411403829796
              ],
              [
                130.94283276726105,
                42.87450075501952
              ],
              [
                130.9747401701144,
                42.85468720078894
              ],
              [
                131.03606808116461,
                42.86021270735373
              ],
              [
                131.01029300876172,
                42.91244189293971
              ],
              [
                131.02685203108095,
                42.92641506509951
              ],
              [
                131.10739748177036,
                42.9123128429298
              ],
              [
                131.13822963184046,
                42.9338148161146
              ],
              [
                131.1437776332345,
                42.965787825256726
              ],
              [
                131.10800311560155,
                42.97274714010534
              ],
              [
                131.11107842059363,
                43.00513141533614
              ],
              [
                131.09505703570107,
                43.018245997452595
              ],
              [
                131.1129171468508,
                43.06547638524101
              ],
              [
                131.1641295590811,
                43.06686619818927
              ],
              [
                131.16659167078816,
                43.108814324920594
              ],
              [
                131.20053303188064,
                43.12896024878151
              ],
              [
                131.21162544686493,
                43.188764322098685
              ],
              [
                131.19373356730895,
                43.20051808846946
              ],
              [
                131.19866429637443,
                43.2345359566929
              ],
              [
                131.2479675837098,
                43.262461134914616
              ],
              [
                131.2621157038883,
                43.29512616046758
              ],
              [
                131.26825479166004,
                43.36650658361189
              ],
              [
                131.30697085530878,
                43.38993733755027
              ],
              [
                131.28852960323226,
                43.439092373893665
              ],
              [
                131.3069585007036,
                43.4586136449055
              ],
              [
                131.3112511076599,
                43.4968247945374
              ],
              [
                131.29712140927958,
                43.49945587267361
              ],
              [
                131.26946236011304,
                43.49298128489232
              ],
              [
                131.19305778633654,
                43.529417401988795
              ],
              [
                131.21463751232324,
                43.59060545475015
              ],
              [
                131.20908416180404,
                43.61054056624225
              ],
              [
                131.23188192369574,
                43.6677463691312
              ],
              [
                131.21400484270458,
                43.679425513670786
              ],
              [
                131.2084467203018,
                43.72486475861222
              ],
              [
                131.22509073504796,
                43.740021724705535
              ],
              [
                131.20596585772591,
                43.79880455488818
              ],
              [
                131.2096596287781,
                43.83380448870971
              ],
              [
                131.24662349621045,
                43.89080992798423
              ],
              [
                131.2552306205198,
                43.94644765821346
              ],
              [
                131.23799108498798,
                43.95334786732353
              ],
              [
                131.25829199893974,
                44.032178636939975
              ],
              [
                131.2748981865753,
                44.033454445809035
              ],
              [
                131.27981654362117,
                44.03560161953873
              ],
              [
                131.28596178042127,
                44.04075813625592
              ],
              [
                131.3031653743951,
                44.044172640838894
              ],
              [
                131.10398475483643,
                44.70770513031417
              ],
              [
                131.0830461153163,
                44.71493250395117
              ],
              [
                131.08550258508623,
                44.74384129602545
              ],
              [
                131.0615136346276,
                44.757458812568
              ],
              [
                131.05659319325102,
                44.78465324720226
              ],
              [
                131.00872712298153,
                44.78731328783831
              ],
              [
                131.00810912030923,
                44.81279010818797
              ],
              [
                130.96519224465376,
                44.81801225830975
              ],
              [
                130.95782548802782,
                44.84858345624964
              ],
              [
                131.0713260615501,
                44.87926320163495
              ],
              [
                131.09409215627906,
                44.896634918644665
              ],
              [
                131.08239064211037,
                44.92206137488492
              ],
              [
                131.153287652983,
                44.94584766743325
              ],
              [
                131.19588362929926,
                44.93067596492684
              ],
              [
                131.20020585440656,
                44.91161791880699
              ],
              [
                131.25566286191383,
                44.92774365790493
              ],
              [
                131.2673536122924,
                44.91756807356798
              ],
              [
                131.3060663718538,
                44.948431111471905
              ],
              [
                131.3060634278379,
                44.96367391288223
              ],
              [
                131.34721613760925,
                44.98772231604294
              ],
              [
                131.3724246583199,
                44.975839906815054
              ],
              [
                131.40197616931144,
                44.98344895721864
              ],
              [
                131.45692067544564,
                44.96109620138731
              ],
              [
                131.49402860727864,
                44.9755935801359
              ],
              [
                131.4767034529028,
                44.99331569747086
              ],
              [
                131.52185929226172,
                45.00994541090204
              ],
              [
                131.55892870926374,
                45.04342823168595
              ],
              [
                131.6254677269301,
                45.073008622145764
              ],
              [
                131.6881583149112,
                45.12991071932878
              ],
              [
                131.680163069433,
                45.14891688361723
              ],
              [
                131.64328320939399,
                45.15784635143693
              ],
              [
                131.67400450403932,
                45.21303283437845
              ],
              [
                131.71397283496987,
                45.23235639585976
              ],
              [
                131.7515529819237,
                45.21169162707668
              ],
              [
                131.7861148375255,
                45.209615332510765
              ],
              [
                131.78116726223107,
                45.24374273906664
              ],
              [
                131.8182296753457,
                45.28928539211264
              ],
              [
                131.822551510927,
                45.309495933500514
              ],
              [
                131.8806045300732,
                45.34029003424858
              ],
              [
                131.91019177218593,
                45.33734352436477
              ],
              [
                131.92435954940393,
                45.285569883937995
              ],
              [
                131.96922520068588,
                45.27494677801643
              ],
              [
                131.99623930707045,
                45.2521235024932
              ],
              [
                132.16688504453205,
                45.214539655146766
              ],
              [
                132.38678747032313,
                45.161307006039316
              ],
              [
                132.7572947063765,
                45.07915894957338
              ],
              [
                132.86035769802749,
                45.05987604619581
              ],
              [
                132.90965119892627,
                45.02903439209172
              ],
              [
                132.94713534546665,
                45.02094365939715
              ],
              [
                132.98025756526354,
                45.04115158782442
              ],
              [
                133.02869938399797,
                45.05200065650245
              ],
              [
                133.06307904979607,
                45.0946093839377
              ],
              [
                133.08214448621337,
                45.09501547512944
              ],
              [
                133.09999547056162,
                45.12204040415905
              ],
              [
                133.1320575235865,
                45.12502560987219
              ],
              [
                133.12217101668963,
                45.20895859625344
              ],
              [
                133.0882706740724,
                45.244338220742215
              ],
              [
                133.1030491982577,
                45.26413796965493
              ],
              [
                133.0901105790959,
                45.282240361450874
              ],
              [
                133.1215300988328,
                45.33444187714716
              ],
              [
                133.11166106030953,
                45.35041452556509
              ],
              [
                133.1375659450666,
                45.36474257319351
              ],
              [
                133.13631934856244,
                45.42819085109281
              ],
              [
                133.15730528863375,
                45.434946028657095
              ],
              [
                133.16285590309909,
                45.46308546524775
              ],
              [
                133.19618037413107,
                45.51432874444397
              ],
              [
                133.23872161576693,
                45.51520443959482
              ],
              [
                133.32600808694426,
                45.55995318261342
              ],
              [
                133.33522254482048,
                45.55239199862518
              ],
              [
                133.38562953525584,
                45.57788879929108
              ],
              [
                133.4158191969053,
                45.58166692906182
              ],
              [
                133.405331577981,
                45.61558063773655
              ],
              [
                133.46398183156828,
                45.628654328982165
              ],
              [
                133.44111318190684,
                45.644922960484706
              ],
              [
                133.4782005014644,
                45.65631295798252
              ],
              [
                133.4775755056058,
                45.68935307369781
              ],
              [
                133.43801342737478,
                45.70263416520843
              ],
              [
                133.4466559962672,
                45.72939996562959
              ],
              [
                133.479421845745,
                45.73784103484072
              ],
              [
                133.4620991438657,
                45.77538108955684
              ],
              [
                133.4979707055681,
                45.7834161569653
              ],
              [
                133.46209488329598,
                45.79708724860912
              ],
              [
                133.46023300623648,
                45.832547001627375
              ],
              [
                133.4868249453616,
                45.83804321583603
              ],
              [
                133.48434511113823,
                45.8647211998915
              ],
              [
                133.50475529431083,
                45.884786936149744
              ],
              [
                133.547410747738,
                45.891142663668624
              ],
              [
                133.5764211871096,
                45.86659098305891
              ],
              [
                133.61090807898518,
                45.90159034750561
              ],
              [
                133.60782337587705,
                45.94073747552944
              ],
              [
                133.66929778721658,
                45.941058506755496
              ],
              [
                133.67420552074051,
                45.98432617200795
              ],
              [
                133.7332349572097,
                46.04660889193875
              ],
              [
                133.73815657299585,
                46.07319246308145
              ],
              [
                133.68339435975398,
                46.131776193609504
              ],
              [
                133.69875521506017,
                46.161195211712965
              ],
              [
                133.75724429868373,
                46.171112721846654
              ],
              [
                133.7874780106286,
                46.19145100454494
              ],
              [
                133.8072359813034,
                46.22876192959428
              ],
              [
                133.84245711137433,
                46.2019055511146
              ],
              [
                133.87208709479174,
                46.231763859050226
              ],
              [
                133.86035693105418,
                46.24872404471834
              ],
              [
                133.9029072795211,
                46.25247100720752
              ],
              [
                133.91152222224557,
                46.27894694952028
              ],
              [
                133.90104894789516,
                46.30624776363257
              ],
              [
                133.91582129636606,
                46.32897251005867
              ],
              [
                133.86219217414848,
                46.336400686160715
              ],
              [
                133.86959377976353,
                46.36036913065982
              ],
              [
                133.93364745825068,
                46.37934280501373
              ],
              [
                133.94163278202163,
                46.39914084970707
              ],
              [
                133.89547802096726,
                46.44415464369895
              ],
              [
                133.84488028138236,
                46.44823177239396
              ],
              [
                133.84240428534048,
                46.47337249910548
              ],
              [
                133.88375063965879,
                46.52325914027881
              ],
              [
                133.9126923123268,
                46.59401594348241
              ],
              [
                134.00357817974046,
                46.63571997194633
              ],
              [
                134.02320164346497,
                46.70667928902284
              ],
              [
                134.02564722569738,
                46.756694507532714
              ],
              [
                134.04529620029132,
                46.77754498652306
              ],
              [
                134.01765731539498,
                46.8083268989316
              ],
              [
                134.03361078157516,
                46.84593628241597
              ],
              [
                134.03483125488552,
                46.88437506728694
              ],
              [
                134.06862931292412,
                46.935801653951756
              ],
              [
                134.0563188104054,
                46.977459090313886
              ],
              [
                134.0944800600769,
                47.003134923779854
              ],
              [
                134.1105015480051,
                47.05940273444182
              ],
              [
                134.13518537995907,
                47.09079685806903
              ],
              [
                134.21485694892854,
                47.102735153892226
              ],
              [
                134.22533725963802,
                47.13245646568652
              ],
              [
                134.22286152805387,
                47.17963705239287
              ],
              [
                134.20311006135634,
                47.20766209819373
              ],
              [
                134.14936045452956,
                47.2457553846436
              ],
              [
                134.16973298345468,
                47.32370557825851
              ],
              [
                134.19567202764028,
                47.34483315288035
              ],
              [
                134.2560962148266,
                47.36877744586881
              ],
              [
                134.2591700560342,
                47.38943704055306
              ],
              [
                134.29974727614575,
                47.4262317207161
              ],
              [
                134.33169039454748,
                47.43709922241387
              ],
              [
                134.48271407438247,
                47.44365513276591
              ],
              [
                134.51549020909314,
                47.46559797474044
              ],
              [
                134.5611988728938,
                47.47580606344834
              ],
              [
                134.56920939067572,
                47.516647019295114
              ],
              [
                134.6202951710793,
                47.54411189795644
              ],
              [
                134.67064621799292,
                47.586019721261145
              ],
              [
                134.68230013589957,
                47.635622390236804
              ],
              [
                134.7720929820638,
                47.71335347546923
              ],
              [
                134.76530169279087,
                47.76084668954751
              ],
              [
                134.67121107044258,
                47.81682066081187
              ],
              [
                134.66260709170115,
                47.862238551016276
              ],
              [
                134.66997038437623,
                47.88230128486765
              ],
              [
                134.65154865598328,
                47.898794588765334
              ],
              [
                134.60054206880002,
                47.90688598435377
              ],
              [
                134.59253321001665,
                47.94539781013851
              ],
              [
                134.54689990163487,
                47.97983084888394
              ],
              [
                134.54441899805272,
                48.03029297806316
              ],
              [
                134.62509766099194,
                48.097127541717136
              ],
              [
                134.66499827066804,
                48.16817626804536
              ],
              [
                134.67173237425743,
                48.2539307620068
              ],
              [
                134.76333958081375,
                48.28652868462502
              ],
              [
                134.8564946510934,
                48.33007000139943
              ],
              [
                135.00146214790348,
                48.363298979181124
              ],
              [
                135.08246299768678,
                48.40090704336259
              ],
              [
                135.08737694163824,
                48.43506870709286
              ],
              [
                135.06031987741156,
                48.4569248364635
              ],
              [
                135.02779926814745,
                48.43833052914707
              ],
              [
                134.98857898761804,
                48.43725203069175
              ],
              [
                134.91988448749984,
                48.44932549908712
              ],
              [
                134.87928061033557,
                48.435439221060705
              ],
              [
                134.8410580597902,
                48.391691780743585
              ],
              [
                134.81328650205043,
                48.373752681456246
              ],
              [
                134.7565445091592,
                48.36771249498876
              ],
              [
                134.69687544080566,
                48.40312605423246
              ],
              [
                134.63301846701896,
                48.407611679628424
              ],
              [
                134.57087428780008,
                48.403269333573064
              ],
              [
                134.49426078846105,
                48.41660981255077
              ],
              [
                134.4305893220066,
                48.40294243052694
              ],
              [
                134.3615987551835,
                48.38028104501231
              ],
              [
                134.19607001789296,
                48.380014494314665
              ],
              [
                134.14294693427348,
                48.3437301313078
              ],
              [
                134.10837762343337,
                48.33055517581956
              ],
              [
                134.06094750179517,
                48.33613965965383
              ],
              [
                134.02163240211945,
                48.325078578145494
              ],
              [
                133.98789406792105,
                48.301291996742435
              ],
              [
                133.9332571136326,
                48.299839301045985
              ],
              [
                133.8685878842437,
                48.280344294829256
              ],
              [
                133.81670193046685,
                48.2750835403618
              ],
              [
                133.78334607406842,
                48.25869015854001
              ],
              [
                133.7327787901759,
                48.25228618762279
              ],
              [
                133.68543076209818,
                48.18453428030303
              ],
              [
                133.65962561555514,
                48.180990600654624
              ],
              [
                133.5895131151754,
                48.19264952208988
              ],
              [
                133.56546941318842,
                48.17986419701131
              ],
              [
                133.5383103960004,
                48.11910971749462
              ],
              [
                133.44368771099397,
                48.11046355463715
              ],
              [
                133.39987733768203,
                48.122001621149984
              ],
              [
                133.29416224956842,
                48.100558066069276
              ],
              [
                133.23203073607817,
                48.12418725171405
              ],
              [
                133.17465758626827,
                48.133306241318365
              ],
              [
                133.12218750834782,
                48.13241985297242
              ],
              [
                133.04526491641968,
                48.10766751647154
              ],
              [
                133.01888790470713,
                48.08294094049725
              ],
              [
                133.00847174002587,
                48.0517665418308
              ],
              [
                132.9845709233402,
                48.03302822394053
              ],
              [
                132.87582351723577,
                48.00034859074169
              ],
              [
                132.81164939337864,
                47.93451582177451
              ],
              [
                132.76166456065286,
                47.93605067503859
              ],
              [
                132.7154801248784,
                47.96051777833885
              ],
              [
                132.68352143131838,
                47.960563926959246
              ],
              [
                132.6540432835098,
                47.94257763515367
              ],
              [
                132.65466222208244,
                47.92011504905481
              ],
              [
                132.67985267238416,
                47.88274430276624
              ],
              [
                132.65467632084096,
                47.851870203427175
              ],
              [
                132.6141192174775,
                47.82621813588563
              ],
              [
                132.59196797359417,
                47.79004824381893
              ],
              [
                132.593210400102,
                47.738548426657104
              ],
              [
                132.5506573135143,
                47.715968623630296
              ],
              [
                132.46158602796214,
                47.72378674646631
              ],
              [
                132.3641035713903,
                47.76275325073554
              ],
              [
                132.31738213177786,
                47.759613788043
              ],
              [
                132.28111504153955,
                47.73955322520051
              ],
              [
                132.26450582987488,
                47.716220715445
              ],
              [
                132.23493370982058,
                47.707370396317586
              ],
              [
                132.18925064350415,
                47.7117540959898
              ],
              [
                132.14907706092296,
                47.70282160001402
              ],
              [
                132.07809847564363,
                47.70034650164025
              ],
              [
                131.9926747764402,
                47.70979321251777
              ],
              [
                131.96874639287034,
                47.67078451206188
              ],
              [
                131.89309124679235,
                47.683394871835986
              ],
              [
                131.81774926885717,
                47.67483983572102
              ],
              [
                131.73378613741582,
                47.70416501142623
              ],
              [
                131.68210320016746,
                47.70462854311041
              ],
              [
                131.63355806014354,
                47.661603509583266
              ],
              [
                131.5824661718019,
                47.65841515354605
              ],
              [
                131.56025216482226,
                47.68016161282506
              ],
              [
                131.55159804556538,
                47.72244289372504
              ],
              [
                131.53552860378213,
                47.73368453130873
              ],
              [
                131.4476877490047,
                47.74471705464426
              ],
              [
                131.35155911644648,
                47.728186734892894
              ],
              [
                131.26554635747743,
                47.73638037482102
              ],
              [
                131.22861174988526,
                47.730752692692775
              ],
              [
                131.17494593102933,
                47.70008002418361
              ],
              [
                131.10706676814377,
                47.68708485136514
              ],
              [
                131.02162632530894,
                47.6920138159856
              ],
              [
                130.97565011259408,
                47.71067881153479
              ],
              [
                130.95847917893587,
                47.73086004440119
              ],
              [
                130.9535527474848,
                47.82580050987576
              ],
              [
                130.88346184767883,
                47.92505109192523
              ],
              [
                130.86311773249219,
                47.94107790105327
              ],
              [
                130.76252388442373,
                47.99583582078598
              ],
              [
                130.72926432884736,
                48.03187389417293
              ],
              [
                130.69176657524648,
                48.04192361199748
              ],
              [
                130.65859669557676,
                48.102786837805446
              ],
              [
                130.66595900887293,
                48.12595392835934
              ],
              [
                130.75755277292149,
                48.186966654942246
              ],
              [
                130.7612414361893,
                48.22885859809152
              ],
              [
                130.77973305170417,
                48.25439173069722
              ],
              [
                130.80997054131575,
                48.263208546223545
              ],
              [
                130.8371265165257,
                48.29433116216309
              ],
              [
                130.81180616163485,
                48.33926744044442
              ],
              [
                130.77724349509606,
                48.35512556318986
              ],
              [
                130.7396452287217,
                48.40201694476546
              ],
              [
                130.73778850025332,
                48.446899827610544
              ],
              [
                130.76858337024714,
                48.47786894536887
              ],
              [
                130.75933144395563,
                48.5056267491735
              ],
              [
                130.70333706127016,
                48.50921789771176
              ],
              [
                130.63947944179233,
                48.48275874325994
              ],
              [
                130.6130531743461,
                48.4939019523461
              ],
              [
                130.60811678714643,
                48.57356272756012
              ],
              [
                130.59765356755682,
                48.592175107607574
              ],
              [
                130.53041610342956,
                48.60991081985683
              ],
              [
                130.53102902959606,
                48.6336470750849
              ],
              [
                130.56867906778444,
                48.68667678399368
              ],
              [
                130.6142205131488,
                48.781787768386785
              ],
              [
                130.6817641785193,
                48.847474018642885
              ],
              [
                130.6725474414788,
                48.87898137370153
              ],
              [
                130.60128268429187,
                48.8790879438421
              ],
              [
                130.55136429921035,
                48.85898704666927
              ],
              [
                130.4938734011378,
                48.863566692436535
              ],
              [
                130.4629365995261,
                48.90321792934863
              ],
              [
                130.40366263431713,
                48.902727958908315
              ],
              [
                130.2714938975564,
                48.864732155841715
              ],
              [
                130.22962519483238,
                48.866321534779644
              ],
              [
                130.21173419724096,
                48.89149236278645
              ],
              [
                130.10489651816192,
                48.95423668020851
              ],
              [
                130.05072194284676,
                48.976657186775455
              ],
              [
                130.0126516928443,
                49.01875221393808
              ],
              [
                129.92919901223217,
                49.03819798108959
              ],
              [
                129.9107452568955,
                49.05861299382619
              ],
              [
                129.9267317431553,
                49.07662855942201
              ],
              [
                129.90519617123587,
                49.10642971085838
              ],
              [
                129.8589616218061,
                49.11189364796104
              ],
              [
                129.84722715094045,
                49.131456843701976
              ],
              [
                129.85648241001462,
                49.15652227711601
              ],
              [
                129.8398050766888,
                49.17918998948406
              ],
              [
                129.77619605992155,
                49.18182100661257
              ],
              [
                129.74536225272752,
                49.206437502363165
              ],
              [
                129.75336112238787,
                49.25528696160672
              ],
              [
                129.72195085018524,
                49.28614055413772
              ],
              [
                129.68875494958135,
                49.29633127252997
              ],
              [
                129.5965978848574,
                49.276951401763554
              ],
              [
                129.55468432375105,
                49.297614943015326
              ],
              [
                129.5379924065347,
                49.39311600203975
              ],
              [
                129.51017314526828,
                49.42147593996911
              ],
              [
                129.4403159154198,
                49.438805938155454
              ],
              [
                129.38177555684197,
                49.430198843098836
              ],
              [
                129.36641260828802,
                49.411911768793416
              ],
              [
                129.3707255326523,
                49.36476553370062
              ],
              [
                129.34984327644645,
                49.353486996982966
              ],
              [
                129.31240536526926,
                49.35628506005948
              ],
              [
                129.25836015508673,
                49.393773077242315
              ],
              [
                129.20726250563882,
                49.39687436238192
              ],
              [
                129.17272452057807,
                49.38435308746266
              ],
              [
                129.13571335193762,
                49.35505705179321
              ],
              [
                129.07659467815478,
                49.3573606776788
              ],
              [
                129.05386631233972,
                49.371808299939374
              ],
              [
                129.00603689229195,
                49.4548704267404
              ],
              [
                128.92514198299077,
                49.46597203615202
              ],
              [
                128.86423263705257,
                49.49047873175697
              ],
              [
                128.78466201035712,
                49.470900668388865
              ],
              [
                128.75385040865683,
                49.47981882965652
              ],
              [
                128.75569060023565,
                49.51364492242008
              ],
              [
                128.80561588724797,
                49.556053988699084
              ],
              [
                128.7951232164172,
                49.58010868219375
              ],
              [
                128.73659508272078,
                49.59287172953392
              ],
              [
                128.70771398664328,
                49.56261472691967
              ],
              [
                128.6487913223633,
                49.57553104367719
              ],
              [
                128.61255615253813,
                49.591497016606574
              ],
              [
                128.53058819971238,
                49.602297034234084
              ],
              [
                128.4928781988925,
                49.59171478721756
              ],
              [
                128.3823964001656,
                49.58765558572235
              ],
              [
                128.33570058179023,
                49.54267487806823
              ],
              [
                128.2798059090142,
                49.56413476892356
              ],
              [
                128.23611680424028,
                49.561052956811885
              ],
              [
                128.17812211608327,
                49.53729519059379
              ],
              [
                128.1145152314978,
                49.55078816917181
              ],
              [
                128.06339336759712,
                49.55428942128519
              ],
              [
                127.99402814461206,
                49.59017330175891
              ],
              [
                127.94249360333903,
                49.59419539326224
              ],
              [
                127.89082624258961,
                49.57716809615104
              ],
              [
                127.80809923939982,
                49.591805541993736
              ],
              [
                127.77474797836607,
                49.62861091374475
              ],
              [
                127.69776947776093,
                49.663134258386854
              ],
              [
                127.67073220110603,
                49.69572595132547
              ],
              [
                127.66764738755278,
                49.762305080716736
              ],
              [
                127.64676335534342,
                49.7782013112579
              ],
              [
                127.5760146489921,
                49.7844427416887
              ],
              [
                127.52475524655664,
                49.82416382194852
              ],
              [
                127.5222737523434,
                49.86238869092944
              ],
              [
                127.54018609196274,
                49.926855405498266
              ],
              [
                127.53647482121463,
                49.942651412014484
              ],
              [
                127.48822388169087,
                49.99259553897341
              ],
              [
                127.49439803161353,
                50.05494259094492
              ],
              [
                127.58025656662366,
                50.136175868327996
              ],
              [
                127.59995723762748,
                50.177228604471196
              ],
              [
                127.59625171817252,
                50.23778197126728
              ],
              [
                127.43870347259899,
                50.26885676040517
              ],
              [
                127.364156896458,
                50.294852664130055
              ],
              [
                127.32484412448383,
                50.33888414131493
              ],
              [
                127.3622904940211,
                50.402211360188694
              ],
              [
                127.3567525654594,
                50.43654993013051
              ],
              [
                127.29780905983635,
                50.45266766424001
              ],
              [
                127.28613831035915,
                50.464120316902196
              ],
              [
                127.31559638598273,
                50.523855560364865
              ],
              [
                127.35365656849393,
                50.54585384848668
              ],
              [
                127.36286473421912,
                50.57968062074982
              ],
              [
                127.2873238855182,
                50.66183241838837
              ],
              [
                127.28117371472435,
                50.69786773812921
              ],
              [
                127.29836202467632,
                50.73232180714051
              ],
              [
                127.28791803741416,
                50.753545296643324
              ],
              [
                127.2288655827515,
                50.77969566940199
              ],
              [
                127.13627878213984,
                50.90839717743669
              ],
              [
                127.1060547508982,
                50.9358970675114
              ],
              [
                127.0445589792006,
                50.96119626349429
              ],
              [
                126.97835128891653,
                51.02765693800056
              ],
              [
                126.91576618710296,
                51.06051887391873
              ],
              [
                126.91083113528069,
                51.13754636885249
              ],
              [
                126.89297487197626,
                51.19908091606113
              ],
              [
                126.91941408625023,
                51.24478452861138
              ],
              [
                126.96910312945252,
                51.289980900270365
              ],
              [
                126.97645103937222,
                51.31726791959566
              ],
              [
                126.96357876606777,
                51.33076686497023
              ],
              [
                126.88001377303392,
                51.32039510465088
              ],
              [
                126.87077242867798,
                51.299440759700005
              ],
              [
                126.90157401907238,
                51.28223844593458
              ],
              [
                126.9144947602081,
                51.258272263660075
              ],
              [
                126.90158189819782,
                51.24517238665749
              ],
              [
                126.85597993032466,
                51.2470174977729
              ],
              [
                126.81337554281718,
                51.27951778235227
              ],
              [
                126.80595861653786,
                51.31018508383611
              ],
              [
                126.83003383970416,
                51.34350727416348
              ],
              [
                126.89725367580292,
                51.33909300973407
              ],
              [
                126.92307688264997,
                51.35776172656255
              ],
              [
                126.90154760790965,
                51.405957363924976
              ],
              [
                126.82816641577566,
                51.412229360897356
              ],
              [
                126.78432882831672,
                51.43081236455583
              ],
              [
                126.77692112832449,
                51.446469522305634
              ],
              [
                126.80530158360938,
                51.492365041747426
              ],
              [
                126.83678716101794,
                51.52036026683707
              ],
              [
                126.82999255537936,
                51.534496752689385
              ],
              [
                126.68827551806228,
                51.57686145663016
              ],
              [
                126.67169237482021,
                51.600690216600015
              ],
              [
                126.73374712074664,
                51.64074193775607
              ],
              [
                126.7165166790507,
                51.67751137160876
              ],
              [
                126.72696415828811,
                51.709781753184835
              ],
              [
                126.71712103697169,
                51.72499350256929
              ],
              [
                126.66552420254197,
                51.73026653762149
              ],
              [
                126.65139714331036,
                51.76105398673005
              ],
              [
                126.61575977708587,
                51.77592430817829
              ],
              [
                126.57387905287696,
                51.82331419951162
              ],
              [
                126.54794425113185,
                51.872831309614845
              ],
              [
                126.50278296536865,
                51.92073968619296
              ],
              [
                126.4551226099792,
                51.94680945475133
              ],
              [
                126.46068176841827,
                51.98075603983021
              ],
              [
                126.44026903149346,
                52.00761563228276
              ],
              [
                126.44335565745092,
                52.026041268298066
              ],
              [
                126.48047146727968,
                52.04012922064117
              ],
              [
                126.50709037282961,
                52.03578939613631
              ],
              [
                126.55653716284006,
                52.11794096221817
              ],
              [
                126.54912240807317,
                52.13483308428188
              ],
              [
                126.49158706978875,
                52.15892707039771
              ],
              [
                126.44950624912916,
                52.16358569783207
              ],
              [
                126.39579295004178,
                52.18334355918193
              ],
              [
                126.33734893324505,
                52.19037663940621
              ],
              [
                126.299253420396,
                52.20402207372953
              ],
              [
                126.30539210738002,
                52.233711180779885
              ],
              [
                126.35023761914752,
                52.26257569042583
              ],
              [
                126.3933058404377,
                52.277918522845
              ],
              [
                126.42908536817815,
                52.27538101612718
              ],
              [
                126.425375509455,
                52.29697451300452
              ],
              [
                126.32011929944049,
                52.30875799164412
              ],
              [
                126.31335434309204,
                52.34059163521073
              ],
              [
                126.34099728107743,
                52.356257781408296
              ],
              [
                126.34590655008063,
                52.38766907496895
              ],
              [
                126.3188638433995,
                52.42276408652902
              ],
              [
                126.26106039160561,
                52.47353971447404
              ],
              [
                126.19753190558488,
                52.464765601755396
              ],
              [
                126.18516573133499,
                52.490619676727476
              ],
              [
                126.20554863476832,
                52.523787462875845
              ],
              [
                126.13939771012595,
                52.57133402854224
              ],
              [
                126.05859873443627,
                52.60220654140366
              ],
              [
                126.04753727165375,
                52.58078267736824
              ],
              [
                126.02297181036583,
                52.57465935729895
              ],
              [
                125.98124761513701,
                52.601677987835025
              ],
              [
                125.96099216688938,
                52.62897610599853
              ],
              [
                125.96344094562754,
                52.65256343535231
              ],
              [
                125.98797791690855,
                52.67353413406529
              ],
              [
                126.05366187566378,
                52.67155077775421
              ],
              [
                126.06472880185443,
                52.689303899013744
              ],
              [
                126.03644011361128,
                52.73790839843652
              ],
              [
                126.1041482405194,
                52.75522655141913
              ],
              [
                126.10846572769421,
                52.7664500880168
              ],
              [
                126.04441127468812,
                52.798324326896456
              ],
              [
                126.01248622148314,
                52.794064502266956
              ],
              [
                125.97752944255922,
                52.75690302790728
              ],
              [
                125.95911987030543,
                52.758402971914755
              ],
              [
                125.92962611440535,
                52.78524182083585
              ],
              [
                125.91608530390766,
                52.81418833657098
              ],
              [
                125.84759776461578,
                52.86473621730414
              ],
              [
                125.84635546654133,
                52.89000107537147
              ],
              [
                125.81976822764518,
                52.89753022967388
              ],
              [
                125.76415583564852,
                52.896366018573275
              ],
              [
                125.74318869403996,
                52.87975832089586
              ],
              [
                125.71424484090339,
                52.878691124851514
              ],
              [
                125.67060320852973,
                52.8592651588617
              ],
              [
                125.6589282880304,
                52.8683139366666
              ],
              [
                125.6570744375718,
                52.91197822944627
              ],
              [
                125.72900233289833,
                52.94179524398712
              ],
              [
                125.7345339195399,
                52.992219064326946
              ],
              [
                125.67609718387136,
                53.00632754944274
              ],
              [
                125.63553861516394,
                53.03805727250915
              ],
              [
                125.63245959040114,
                53.06035113517801
              ],
              [
                125.60600658534801,
                53.08194125246138
              ],
              [
                125.58074886124405,
                53.07943026645823
              ],
              [
                125.52268401222257,
                53.04951132237928
              ],
              [
                125.49606369057065,
                53.0595006744483
              ],
              [
                125.49543593743046,
                53.093629080435626
              ],
              [
                125.44407046905425,
                53.10570012990357
              ],
              [
                125.33505285350164,
                53.14267499200636
              ],
              [
                125.3074262954587,
                53.143086453592964
              ],
              [
                125.24410852837458,
                53.17865793512588
              ],
              [
                125.1867560059364,
                53.19652636826825
              ],
              [
                125.13364738867263,
                53.20216550983056
              ],
              [
                125.03028580562092,
                53.20077430824538
              ],
              [
                124.96228087545536,
                53.19237238190009
              ],
              [
                124.87995531234219,
                53.16271879441313
              ],
              [
                124.90151769391244,
                53.11644200003575
              ],
              [
                124.86455881712402,
                53.097397919005914
              ],
              [
                124.82504237159809,
                53.14363459904277
              ],
              [
                124.77997557522295,
                53.13889616995562
              ],
              [
                124.72637678821484,
                53.14497476249375
              ],
              [
                124.70424379277368,
                53.160777724342864
              ],
              [
                124.71284001584573,
                53.190518786520435
              ],
              [
                124.67107750597955,
                53.20527527205329
              ],
              [
                124.58257980345633,
                53.206812944839825
              ],
              [
                124.55544391186604,
                53.19998233369323
              ],
              [
                124.48865243398454,
                53.20590621021608
              ],
              [
                124.47936606705109,
                53.215550202815685
              ],
              [
                124.42742531238038,
                53.221876583236536
              ],
              [
                124.40397490892617,
                53.2465553214501
              ],
              [
                124.36764995210737,
                53.2569455526785
              ],
              [
                124.31971056233137,
                53.32995588804519
              ],
              [
                124.23113770889341,
                53.37789094010529
              ],
              [
                124.18607767980924,
                53.37141739111256
              ],
              [
                124.11750029295304,
                53.3459589353044
              ],
              [
                124.0497419895959,
                53.40200806768164
              ],
              [
                124.00555974740591,
                53.40140419710495
              ],
              [
                123.97796393061296,
                53.432505806436794
              ],
              [
                123.85738360943726,
                53.48783314037565
              ],
              [
                123.7894174722786,
                53.48807344223828
              ],
              [
                123.73822040477184,
                53.4983578399627
              ],
              [
                123.6902517370075,
                53.496625988859876
              ],
              [
                123.66076864135324,
                53.531899174315235
              ],
              [
                123.61285043102829,
                53.5483298736021
              ],
              [
                123.57961027178192,
                53.54514010007237
              ],
              [
                123.5617366389348,
                53.50351186603296
              ],
              [
                123.523431629775,
                53.505216503152326
              ],
              [
                123.5500006747201,
                53.530174591740355
              ],
              [
                123.53887572195102,
                53.54970770570626
              ],
              [
                123.50919125217207,
                53.556386233298056
              ],
              [
                123.48258804900144,
                53.54066773423951
              ],
              [
                123.50239763076412,
                53.50729265205449
              ],
              [
                123.49126207427824,
                53.49587304319953
              ],
              [
                123.46403794845813,
                53.50718207592106
              ],
              [
                123.44610270751328,
                53.53452758303234
              ],
              [
                123.38567599466737,
                53.53589284828134
              ],
              [
                123.30155347015862,
                53.558769931558885
              ],
              [
                123.2665538555608,
                53.561308244896004
              ],
              [
                123.22348666499262,
                53.547452497879895
              ],
              [
                123.17106614224129,
                53.50790433015383
              ],
              [
                123.12910335125628,
                53.4960892995574
              ],
              [
                123.08536316925839,
                53.50602410253325
              ],
              [
                123.04421496911486,
                53.504648571973235
              ],
              [
                122.93640573585746,
                53.482157283023994
              ],
              [
                122.88724753442331,
                53.461188073102846
              ],
              [
                122.81940798723204,
                53.45539948417213
              ],
              [
                122.75649004655115,
                53.46172480801781
              ],
              [
                122.6661649951647,
                53.457541748040796
              ],
              [
                122.60106883667687,
                53.46369020721559
              ],
              [
                122.53076248174938,
                53.45150626361847
              ],
              [
                122.48869363571374,
                53.45673215589896
              ],
              [
                122.42748562077857,
                53.44269185190186
              ],
              [
                122.36649369845358,
                53.47260670488986
              ],
              [
                122.34252257485771,
                53.5036096737052
              ],
              [
                122.25958681418345,
                53.46814398512516
              ],
              [
                122.220153568065,
                53.45994995376365
              ],
              [
                122.15405350971871,
                53.46661516926857
              ],
              [
                122.10342414968619,
                53.42486310344627
              ],
              [
                122.06954382363035,
                53.420235993995455
              ],
              [
                122.0185612538751,
                53.42639628531463
              ],
              [
                121.86860939003253,
                53.42486542925822
              ],
              [
                121.80867124714754,
                53.411577600289405
              ],
              [
                121.74693608670195,
                53.38761262924964
              ],
              [
                121.69032371184134,
                53.39087202200326
              ],
              [
                121.58273817063683,
                53.349255127344556
              ],
              [
                121.49187389658618,
                53.33550292078922
              ],
              [
                121.40842457635455,
                53.3174653266625
              ],
              [
                121.32908881261854,
                53.32396856831874
              ],
              [
                121.30085312135019,
                53.299722381084955
              ],
              [
                121.22026669486283,
                53.27867884982598
              ],
              [
                121.14802757746642,
                53.283572926693594
              ],
              [
                121.12148309531064,
                53.275307559841586
              ],
              [
                121.09065498148955,
                53.30496417546316
              ],
              [
                121.04762333970038,
                53.289634776286505
              ],
              [
                120.94340344644618,
                53.29599220065997
              ],
              [
                120.92928450882818,
                53.286723048255375
              ],
              [
                120.87573976089094,
                53.29282129394929
              ],
              [
                120.86031992971635,
                53.27707196962782
              ],
              [
                120.8133830886206,
                53.267336175026344
              ],
              [
                120.8313054947241,
                53.23802661790027
              ],
              [
                120.81462487969027,
                53.24014366934356
              ],
              [
                120.72888985631782,
                53.20318464043357
              ],
              [
                120.68340691696618,
                53.173139202346796
              ],
              [
                120.67972861676624,
                53.14087123269501
              ],
              [
                120.65270891596367,
                53.13554122749476
              ],
              [
                120.63674343475707,
                53.10542098102752
              ],
              [
                120.55544145676417,
                53.08137424672562
              ],
              [
                120.5220552745641,
                53.04428621814413
              ],
              [
                120.44529295035032,
                53.00846710326392
              ],
              [
                120.40330178671616,
                52.95620559832416
              ],
              [
                120.35527238552811,
                52.939659461171274
              ],
              [
                120.34298318084822,
                52.9047051128483
              ],
              [
                120.2876666143053,
                52.890014488733385
              ],
              [
                120.28951566298768,
                52.86835542462028
              ],
              [
                120.21496072700822,
                52.84129798852987
              ],
              [
                120.17355331760977,
                52.80545765620282
              ],
              [
                120.1333518315017,
                52.811533454611954
              ],
              [
                120.09321506986409,
                52.787270845888045
              ],
              [
                120.02368662588815,
                52.77217211954397
              ],
              [
                120.06304365025034,
                52.704735021697545
              ],
              [
                120.02740126435823,
                52.64496080217209
              ],
              [
                120.04154315680859,
                52.596990840254236
              ],
              [
                120.0679959141831,
                52.58459258960613
              ],
              [
                120.11733639257189,
                52.585322224692696
              ],
              [
                120.18721010049114,
                52.57743982794217
              ],
              [
                120.28219080706504,
                52.62215167669237
              ],
              [
                120.38920185421567,
                52.61472932981486
              ],
              [
                120.45465548289755,
                52.6438515937474
              ],
              [
                120.4763250747197,
                52.62866140418297
              ],
              [
                120.55431083847051,
                52.594353163889856
              ],
              [
                120.59810598441574,
                52.58820254630373
              ],
              [
                120.61964787922668,
                52.56964646829154
              ],
              [
                120.65160395265534,
                52.56595953926532
              ],
              [
                120.68354429739479,
                52.54625715345026
              ],
              [
                120.7271912318911,
                52.53564915937876
              ],
              [
                120.67986639896783,
                52.51023082429708
              ],
              [
                120.69952929305593,
                52.49162217808517
              ],
              [
                120.67557682457073,
                52.46323918921466
              ],
              [
                120.68111287287792,
                52.42639290948348
              ],
              [
                120.64242739700813,
                52.38923283243482
              ],
              [
                120.64673111186504,
                52.36986468649645
              ],
              [
                120.61661659232362,
                52.36004374401104
              ],
              [
                120.62031478923683,
                52.322746625437105
              ],
              [
                120.64674548906325,
                52.301486033638106
              ],
              [
                120.68851300962626,
                52.2889634709736
              ],
              [
                120.70879869046543,
                52.2600036632945
              ],
              [
                120.74818704413738,
                52.25705055987711
              ],
              [
                120.73834291786031,
                52.20463048214134
              ],
              [
                120.7796594979408,
                52.156576074673495
              ],
              [
                120.75314326340565,
                52.13561777605294
              ],
              [
                120.76054625732536,
                52.1080590136528
              ],
              [
                120.74637535016106,
                52.084151796119386
              ],
              [
                120.71006836185903,
                52.07166466066487
              ],
              [
                120.6836504850766,
                52.045942052890894
              ],
              [
                120.6848823724498,
                52.02568693928482
              ],
              [
                120.71069535608349,
                52.01422817708995
              ],
              [
                120.6977937612713,
                51.98218248336878
              ],
              [
                120.65603057206656,
                51.956811868357114
              ],
              [
                120.64989532598831,
                51.92508695574426
              ],
              [
                120.54147638455147,
                51.90663837171524
              ],
              [
                120.54209995558521,
                51.88114988698803
              ],
              [
                120.4740097227736,
                51.884290564288
              ],
              [
                120.4727778739775,
                51.85360906234106
              ],
              [
                120.393072963255,
                51.83203677693499
              ],
              [
                120.39924180311822,
                51.81501775361167
              ],
              [
                120.35614526699219,
                51.7883963898053
              ],
              [
                120.31004267342269,
                51.7844064475012
              ],
              [
                120.28730244631859,
                51.75073609838449
              ],
              [
                120.21891303048744,
                51.71628801183394
              ],
              [
                120.16514639571814,
                51.67836577362523
              ],
              [
                120.07928976339139,
                51.67642380468499
              ],
              [
                120.09285897846799,
                51.64746117517039
              ],
              [
                120.05159882988963,
                51.632638237010646
              ],
              [
                120.02825575516114,
                51.582136401203904
              ],
              [
                120.04485079957192,
                51.55940663605207
              ],
              [
                120.00984979781468,
                51.51966550381627
              ],
              [
                119.97793887537263,
                51.50374623612809
              ],
              [
                119.97487441649898,
                51.481025773143834
              ],
              [
                119.99513275641065,
                51.457851584823395
              ],
              [
                119.97549628092996,
                51.4437401121375
              ],
              [
                119.96384121173452,
                51.39899292696487
              ],
              [
                119.90356912828122,
                51.3897589939332
              ],
              [
                119.907270158652,
                51.37295131847416
              ],
              [
                119.93927512030174,
                51.359460028501836
              ],
              [
                119.87643975856123,
                51.33557831079215
              ],
              [
                119.87768176099856,
                51.30154721650428
              ],
              [
                119.80350576151615,
                51.27973064111999
              ],
              [
                119.8208264804027,
                51.26179278741268
              ],
              [
                119.7899131612505,
                51.24226523911561
              ],
              [
                119.8140330950839,
                51.21307941008494
              ],
              [
                119.77632193899517,
                51.22463803525474
              ],
              [
                119.75286446627102,
                51.211128233820475
              ],
              [
                119.78065719883789,
                51.17327884229959
              ],
              [
                119.76399257022119,
                51.12296684981568
              ],
              [
                119.74486691264136,
                51.11582230542611
              ],
              [
                119.75659314746783,
                51.09065494998856
              ],
              [
                119.71160955095459,
                51.07375537023421
              ],
              [
                119.71900248066875,
                51.049682047864415
              ],
              [
                119.67041921444314,
                51.015139027200114
              ],
              [
                119.62308155340928,
                51.00806877013746
              ],
              [
                119.5910671404918,
                50.9836133077616
              ],
              [
                119.56208007203821,
                50.93271801642457
              ],
              [
                119.4835162268394,
                50.877438071387
              ],
              [
                119.49095735405494,
                50.82646236781452
              ],
              [
                119.50767787126088,
                50.81290175026514
              ],
              [
                119.48849249883266,
                50.77047846279257
              ],
              [
                119.49902060652369,
                50.762560998864494
              ],
              [
                119.44209828168587,
                50.69384410754084
              ],
              [
                119.42233060017163,
                50.682816414696106
              ],
              [
                119.3773316451553,
                50.68128855637576
              ],
              [
                119.38595389731553,
                50.665732979188235
              ],
              [
                119.35335643671293,
                50.63123190290264
              ],
              [
                119.29008069115085,
                50.615397885243624
              ],
              [
                119.273485949314,
                50.600226696320604
              ],
              [
                119.28763156971887,
                50.57246596505418
              ],
              [
                119.25627457363291,
                50.53561114761902
              ],
              [
                119.25443792083819,
                50.48879061836912
              ],
              [
                119.24274739208384,
                50.447260292953445
              ],
              [
                119.2156263552039,
                50.44000461225611
              ],
              [
                119.20946277127246,
                50.413300140862255
              ],
              [
                119.1569700533789,
                50.421225519781245
              ],
              [
                119.11746330815882,
                50.38758606648948
              ],
              [
                119.16871663943424,
                50.37735998829067
              ],
              [
                119.14771760446584,
                50.363192178515554
              ],
              [
                119.18045980851615,
                50.34606171527699
              ],
              [
                119.2242768492153,
                50.364072013558264
              ],
              [
                119.25200734060482,
                50.34382869946352
              ],
              [
                119.26923218479247,
                50.36482630523799
              ],
              [
                119.31471143034186,
                50.35100430520171
              ],
              [
                119.3503430052624,
                50.35743322214244
              ],
              [
                119.3737189687682,
                50.322630233011985
              ],
              [
                119.3429807752237,
                50.302405913235205
              ],
              [
                119.33193465731135,
                50.2431076397151
              ],
              [
                119.31105482422994,
                50.21939838838293
              ],
              [
                119.35037795446863,
                50.19633195020333
              ],
              [
                119.33133158787625,
                50.19061464313697
              ],
              [
                119.34239604364876,
                50.16451678766302
              ],
              [
                119.30185312237614,
                50.159605549172035
              ],
              [
                119.28219708527436,
                50.12010499112624
              ],
              [
                119.22865448096535,
                50.07364902540787
              ],
              [
                119.18236736997123,
                50.08627582316437
              ],
              [
                119.18607711011228,
                50.06821854029847
              ],
              [
                119.15520182417299,
                50.02586085719838
              ],
              [
                119.11692658970414,
                50.01733788666064
              ],
              [
                119.08242319703997,
                49.983835387790876
              ],
              [
                118.97440364468127,
                49.977528676490856
              ],
              [
                118.95723149933714,
                49.98720391649028
              ],
              [
                118.78408215599504,
                49.954014980241375
              ],
              [
                118.75385958364159,
                49.95784004228598
              ],
              [
                118.73168980092944,
                49.944739053940594
              ],
              [
                118.6646944839244,
                49.954466117039416
              ],
              [
                118.59770132274386,
                49.92526576167684
              ],
              [
                118.56750007959432,
                49.929882289583276
              ],
              [
                118.52364229386019,
                49.88621938413441
              ],
              [
                118.47723394583016,
                49.86447447010905
              ],
              [
                118.47600345523752,
                49.82894408176343
              ],
              [
                118.43580436149826,
                49.83386885014688
              ],
              [
                118.377837660346,
                49.82534012880059
              ],
              [
                118.39077343476129,
                49.800603310497074
              ],
              [
                118.37600012612123,
                49.782054616601265
              ],
              [
                118.30777123096355,
                49.765148321581734
              ],
              [
                118.27642395336844,
                49.74198651567914
              ],
              [
                118.21296003882205,
                49.72806193061149
              ],
              [
                118.20370708151368,
                49.68894224966907
              ],
              [
                118.14871545896253,
                49.65823727735367
              ],
              [
                118.12153142978485,
                49.66749787773515
              ],
              [
                118.07467952428597,
                49.614753212010285
              ],
              [
                118.00341082348851,
                49.61296200305498
              ],
              [
                117.98807178667353,
                49.62154162984495
              ],
              [
                117.94327103166813,
                49.59450555004747
              ],
              [
                117.85826739344989,
                49.589877886888004
              ],
              [
                117.84159668185993,
                49.54986143618685
              ],
              [
                117.80143497087217,
                49.51948400064133
              ],
              [
                117.6302842971754,
                49.573187263040616
              ],
              [
                117.47721577307448,
                49.63119840147541
              ],
              [
                117.27037657539408,
                49.634723429986664
              ],
              [
                117.0608492190482,
                49.69348652337215
              ],
              [
                116.72870851967328,
                49.846045341047294
              ],
              [
                116.71026463381739,
                49.84567503310921
              ],
              [
                116.42064891747174,
                49.428668970246534
              ],
              [
                116.04066710188329,
                48.87135124137487
              ],
              [
                116.07018913430245,
                48.82050907794584
              ],
              [
                116.06157807535683,
                48.80948604813581
              ],
              [
                115.8229116245592,
                48.55848688286784
              ],
              [
                115.7920241732269,
                48.5132548181823
              ],
              [
                115.81555194109255,
                48.257690767034205
              ],
              [
                115.80319321778045,
                48.255277731182666
              ],
              [
                115.52166143146702,
                48.15356846216605
              ],
              [
                115.53774200906497,
                48.13323486922581
              ],
              [
                115.53218345135173,
                48.102847014347105
              ],
              [
                115.57297736791557,
                47.91988740036881
              ],
              [
                115.93223488931265,
                47.681419295328425
              ],
              [
                115.96110587825271,
                47.68780279467243
              ],
              [
                116.10365189207046,
                47.8094724313994
              ],
              [
                116.12277838046151,
                47.821146381359526
              ],
              [
                116.25856241707146,
                47.87473188907085
              ],
              [
                116.44565496426368,
                47.83523849921634
              ],
              [
                116.66273682553884,
                47.88887382264661
              ],
              [
                116.7839104230578,
                47.895626932021166
              ],
              [
                116.87214553427037,
                47.892154583185835
              ],
              [
                117.08704984531362,
                47.821900966536475
              ],
              [
                117.37642719855351,
                47.63912124729793
              ],
              [
                117.485635598368,
                47.75650052249092
              ],
              [
                117.51161550722556,
                47.75979638965016
              ],
              [
                117.52150643606562,
                47.780743153512226
              ],
              [
                117.80605908373897,
                48.014306754556664
              ],
              [
                117.87955754206553,
                48.02362678275953
              ],
              [
                117.95402257208255,
                48.009136818814426
              ],
              [
                118.04425196439571,
                48.01209180091206
              ],
              [
                118.09964944208626,
                48.028862809415436
              ],
              [
                118.11692151716512,
                48.0452871845204
              ],
              [
                118.14286373803547,
                48.03411603436449
              ],
              [
                118.23118544544771,
                48.039848152094436
              ],
              [
                118.23057068499703,
                48.029440024707924
              ],
              [
                118.27738125916274,
                48.00899668016216
              ],
              [
                118.34437726523113,
                48.00407357508838
              ],
              [
                118.36651143168767,
                48.01445449205176
              ],
              [
                118.41456134795294,
                48.01244340043116
              ],
              [
                118.4343199865419,
                47.99364306448787
              ],
              [
                118.56108286962511,
                47.99034823179578
              ],
              [
                118.76599946356453,
                47.7689662767185
              ],
              [
                119.12665732387488,
                47.66207017070715
              ],
              [
                119.14458281313524,
                47.53821196609308
              ],
              [
                119.19769596263926,
                47.51810242115455
              ],
              [
                119.35830322416739,
                47.47512055770683
              ],
              [
                119.31468277665574,
                47.425026133810775
              ],
              [
                119.35831340855927,
                47.42090078563278
              ],
              [
                119.37861921770181,
                47.39536902893533
              ],
              [
                119.43041378172593,
                47.376352424797204
              ],
              [
                119.44339366159964,
                47.35084577988113
              ],
              [
                119.5522815762758,
                47.301249285187104
              ],
              [
                119.56093889683822,
                47.24646764225107
              ],
              [
                119.62072980127948,
                47.24565552359106
              ],
              [
                119.70929313234286,
                47.193502986177634
              ],
              [
                119.7561327933679,
                47.12881631199628
              ],
              [
                119.79999619373389,
                47.053121795581234
              ],
              [
                119.78393044038357,
                47.043315255881964
              ],
              [
                119.78826132904996,
                47.011112068661056
              ],
              [
                119.83834138365683,
                46.96305308929951
              ],
              [
                119.85318254793138,
                46.9152958185864
              ],
              [
                119.92042456898646,
                46.90223848009527
              ],
              [
                119.91365921826151,
                46.85154528154938
              ],
              [
                119.92967483698156,
                46.78849039860558
              ],
              [
                119.9105960111953,
                46.75655553264782
              ],
              [
                119.9284570087758,
                46.711024911800244
              ],
              [
                119.9050651358002,
                46.66796080756346
              ],
              [
                119.85260607155384,
                46.667928600684974
              ],
              [
                119.79758780971227,
                46.68014581301084
              ],
              [
                119.8068617733889,
                46.66661625473317
              ],
              [
                119.77659089981779,
                46.624266433879036
              ],
              [
                119.73279312968751,
                46.613565221850564
              ],
              [
                119.67065270629176,
                46.583227972193335
              ],
              [
                119.6755679557066,
                46.60336375300734
              ],
              [
                119.64974382368378,
                46.62396141545368
              ],
              [
                119.59189444607075,
                46.61662914023559
              ],
              [
                119.55116193282102,
                46.63220854902326
              ],
              [
                119.48435107296312,
                46.62751585480316
              ],
              [
                119.42437508805618,
                46.63682745307263
              ],
              [
                119.36707406736352,
                46.601485757466435
              ],
              [
                119.35046905551972,
                46.61753721478939
              ],
              [
                119.31851818141776,
                46.60691023254424
              ],
              [
                119.25580187764989,
                46.647262106729436
              ],
              [
                119.19353237883142,
                46.64640390580293
              ],
              [
                119.14474504828519,
                46.656173139089
              ],
              [
                119.11574124287088,
                46.64093758168802
              ],
              [
                119.0664651507042,
                46.67460817532726
              ],
              [
                119.00445056973192,
                46.74407111674823
              ],
              [
                118.94434471106271,
                46.72045751910001
              ],
              [
                118.90561935113682,
                46.731582162760375
              ],
              [
                118.9074585081503,
                46.77338601165091
              ],
              [
                118.83840372312952,
                46.77005506252631
              ],
              [
                118.780993607423,
                46.715845640280556
              ],
              [
                118.78099891091028,
                46.685485621418294
              ],
              [
                118.67021969740485,
                46.6962158719946
              ],
              [
                118.63212583616986,
                46.71966705846312
              ],
              [
                118.57919974307312,
                46.69139277959616
              ],
              [
                118.43950174051615,
                46.70256276893015
              ],
              [
                118.4030833281152,
                46.72631020126602
              ],
              [
                118.3089689198951,
                46.737494914795676
              ],
              [
                118.26777352421337,
                46.714182287086594
              ],
              [
                118.23142889414223,
                46.70762992004103
              ],
              [
                118.18513603508025,
                46.68090597816475
              ],
              [
                118.11656205529731,
                46.676279045655164
              ],
              [
                118.03898103004384,
                46.62951072662749
              ],
              [
                117.98557785255107,
                46.629660325786965
              ],
              [
                117.97514858198826,
                46.613254991669166
              ],
              [
                117.90754650983072,
                46.60639861732759
              ],
              [
                117.86130588065099,
                46.573899446768216
              ],
              [
                117.8637789406998,
                46.5483955250413
              ],
              [
                117.80633200602676,
                46.52895545750268
              ],
              [
                117.76249508767683,
                46.53589399328205
              ],
              [
                117.74092164268406,
                46.520244725354
              ],
              [
                117.69661626099465,
                46.51493006445311
              ],
              [
                117.63393047831703,
                46.55661494421682
              ],
              [
                117.61547740706769,
                46.594476801939706
              ],
              [
                117.58900576545507,
                46.60189035882914
              ],
              [
                117.48832422817051,
                46.598817766569894
              ],
              [
                117.41234276815912,
                46.58015344120244
              ],
              [
                117.44011954596976,
                46.52628977634539
              ],
              [
                117.38464797309116,
                46.46116069702294
              ],
              [
                117.36804861017278,
                46.41457339358706
              ],
              [
                117.37604644421664,
                46.39310692422271
              ],
              [
                117.36437097198304,
                46.35843528753763
              ],
              [
                117.2402451613981,
                46.365213378923684
              ],
              [
                117.08978419693513,
                46.35512055440601
              ],
              [
                116.86994250036823,
                46.37406692889407
              ],
              [
                116.82737480234539,
                46.382672639113935
              ],
              [
                116.80639405624767,
                46.354140689320246
              ],
              [
                116.73858864668392,
                46.325979263543445
              ],
              [
                116.66668995945665,
                46.32359257602143
              ],
              [
                116.57877872020019,
                46.29102256080436
              ],
              [
                116.56645378225129,
                46.25750148197479
              ],
              [
                116.52941227192113,
                46.230941344473564
              ],
              [
                116.43236676563552,
                46.13578322776827
              ],
              [
                116.40707425418402,
                46.132023071476475
              ],
              [
                116.26504633269916,
                45.965176525870234
              ],
              [
                116.23611543673272,
                45.87439764166596
              ],
              [
                116.28167598025387,
                45.83726330801565
              ],
              [
                116.271221203822,
                45.82935132331366
              ],
              [
                116.27984140422149,
                45.77341911105871
              ],
              [
                116.25399720318643,
                45.77427729339797
              ],
              [
                116.21640260814927,
                45.745450178375535
              ],
              [
                116.21085247919041,
                45.720374786114235
              ],
              [
                116.16762647458053,
                45.68686294142301
              ],
              [
                116.10834538094305,
                45.67757508862397
              ],
              [
                116.02834434915842,
                45.68309199256372
              ],
              [
                116.01975315549267,
                45.659273516276876
              ],
              [
                115.93012023908595,
                45.63105616090822
              ],
              [
                115.85740906257357,
                45.57117301967247
              ],
              [
                115.69273657236356,
                45.45783296118003
              ],
              [
                115.5795660829009,
                45.43866048034439
              ],
              [
                115.35733242180267,
                45.39043848685084
              ],
              [
                115.1708350516626,
                45.3943000991587
              ],
              [
                114.9764363420845,
                45.37762590869926
              ],
              [
                114.91380507761143,
                45.384480006765166
              ],
              [
                114.7380267739221,
                45.436402464323045
              ],
              [
                114.59415324921596,
                45.40214674791848
              ],
              [
                114.54418316207676,
                45.385710298495525
              ],
              [
                114.53306899211428,
                45.32429215714233
              ],
              [
                114.51266696280202,
                45.28215145376726
              ],
              [
                114.45266651491283,
                45.21162988914921
              ],
              [
                114.40203954603317,
                45.17740698484769
              ],
              [
                114.33988077229155,
                45.117539579624975
              ],
              [
                114.30607219192797,
                45.10535886986906
              ],
              [
                114.18342804032817,
                45.03480197437311
              ],
              [
                114.15067684847895,
                44.99244496801105
              ],
              [
                114.10929819042201,
                44.955140179223264
              ],
              [
                114.05754048935805,
                44.92932415034262
              ],
              [
                113.90020526623861,
                44.91357403429598
              ],
              [
                113.85455016286868,
                44.86182548127819
              ],
              [
                113.79151996174261,
                44.84771823697397
              ],
              [
                113.70459611529677,
                44.786581637624714
              ],
              [
                113.62405748900353,
                44.74380906986574
              ],
              [
                113.53340330066314,
                44.75778759143685
              ],
              [
                113.49628830565548,
                44.77595504686981
              ],
              [
                113.10737734325443,
                44.79785940286223
              ],
              [
                113.02989486015129,
                44.8208581103591
              ],
              [
                112.9305190455328,
                44.8385221407147
              ],
              [
                112.84306311770445,
                44.83892711335451
              ],
              [
                112.70498575035182,
                44.87784392112517
              ],
              [
                112.59251603141684,
                44.929286387417434
              ],
              [
                112.53328544226093,
                44.999492025616746
              ],
              [
                112.4312755552994,
                45.06983738910762
              ],
              [
                112.38873534552764,
                45.06262543911825
              ],
              [
                112.10598521481431,
                45.0710890412553
              ],
              [
                112.06348705931516,
                45.09433705030118
              ],
              [
                111.99533065358979,
                45.089007185794785
              ],
              [
                111.89642567152866,
                45.05075016774304
              ],
              [
                111.7569743273824,
                44.96766317610132
              ],
              [
                111.68500715688093,
                44.85839428838758
              ],
              [
                111.61744125103957,
                44.777013154404926
              ],
              [
                111.57806045329271,
                44.70434059522945
              ],
              [
                111.55340237650219,
                44.64558540773828
              ],
              [
                111.56266768341857,
                44.57486937141226
              ],
              [
                111.52315719492583,
                44.54877707318768
              ],
              [
                111.50709468604704,
                44.506059948482324
              ],
              [
                111.47124294973507,
                44.48716836129411
              ],
              [
                111.42001589599418,
                44.392603845421164
              ],
              [
                111.40831223246603,
                44.3553642851178
              ],
              [
                111.42126122201465,
                44.31769235600214
              ],
              [
                111.49970945230811,
                44.29260043547171
              ],
              [
                111.52691017866582,
                44.260525220479494
              ],
              [
                111.53433169219029,
                44.20519870447885
              ],
              [
                111.55224216146887,
                44.16959726693721
              ],
              [
                111.65565049599584,
                44.05949670068581
              ],
              [
                111.69496981561598,
                44.032307781488974
              ],
              [
                111.76575980808357,
                44.00859313999647
              ],
              [
                111.86330812784007,
                43.938501656932026
              ],
              [
                111.95257795346167,
                43.82148189517311
              ],
              [
                111.96363978949765,
                43.746237470058645
              ],
              [
                111.94399988816059,
                43.69133009034616
              ],
              [
                111.88431656477276,
                43.67189901275763
              ],
              [
                111.78678832497552,
                43.67002104146794
              ],
              [
                111.5991813149524,
                43.5119214410872
              ],
              [
                111.55728226898346,
                43.48845350464192
              ],
              [
                111.44915901882295,
                43.49208434036905
              ],
              [
                111.39305896515948,
                43.47030670303964
              ],
              [
                111.34696152290906,
                43.43385397001172
              ],
              [
                111.17659971622663,
                43.393932177112745
              ],
              [
                111.14390736679157,
                43.37778008507505
              ],
              [
                111.06264567175438,
                43.35555954480026
              ],
              [
                111.01357472793242,
                43.327814137142525
              ],
              [
                110.81382901204893,
                43.147055074001734
              ],
              [
                110.76328172021596,
                43.09720220261983
              ],
              [
                110.73004894811993,
                43.08758684423487
              ],
              [
                110.68091095899585,
                43.03432283729414
              ],
              [
                110.68336875881997,
                43.01944898645622
              ],
              [
                110.62505379083221,
                42.93420074030156
              ],
              [
                110.46345925091374,
                42.83708201047157
              ],
              [
                110.43074351501713,
                42.77907800226826
              ],
              [
                110.34212393329449,
                42.740012557078636
              ],
              [
                110.13334398756025,
                42.67273335201998
              ],
              [
                110.1018942001445,
                42.64058188696971
              ],
              [
                109.90036552106228,
                42.63391145077995
              ],
              [
                109.72767355989097,
                42.577366229815055
              ],
              [
                109.67788157154071,
                42.55716339891068
              ],
              [
                109.53817447377713,
                42.47076684901689
              ],
              [
                109.48069638976223,
                42.45692231159505
              ],
              [
                109.28556110264317,
                42.43397435138233
              ],
              [
                109.02021988123713,
                42.4564564212879
              ],
              [
                108.97792245084965,
                42.44731025308221
              ],
              [
                108.84016272214546,
                42.39393820123254
              ],
              [
                108.79326427618757,
                42.41329706509618
              ],
              [
                108.6996862242551,
                42.41152652845265
              ],
              [
                108.52736136579415,
                42.4411837181822
              ],
              [
                108.29312937092229,
                42.436638637513454
              ],
              [
                108.23280603773037,
                42.458315668686176
              ],
              [
                108.08346514889604,
                42.43429433580053
              ],
              [
                108.01646457296624,
                42.43132221196132
              ],
              [
                107.98148604192008,
                42.411547980919686
              ],
              [
                107.93419827451994,
                42.40194295084894
              ],
              [
                107.73068072099049,
                42.41328573925937
              ],
              [
                107.5689108359496,
                42.411249622465384
              ],
              [
                107.49601058132421,
                42.454809904213434
              ],
              [
                107.46077440213465,
                42.45691686733307
              ],
              [
                107.29830532947881,
                42.41059224347003
              ],
              [
                107.26635749244102,
                42.362454554340744
              ],
              [
                107.0458510935788,
                42.31721198170846
              ],
              [
                106.78083561665852,
                42.28949255670321
              ],
              [
                106.6081097431718,
                42.24004805067254
              ],
              [
                106.36756844466404,
                42.15945564175811
              ],
              [
                106.3399201675071,
                42.147517787987624
              ],
              [
                106.00876322216355,
                42.030352392279916
              ],
              [
                105.73728719927978,
                41.94721166442611
              ],
              [
                105.58549003445121,
                41.88683087045277
              ],
              [
                105.3807060641057,
                41.795073849824234
              ],
              [
                105.28739325251371,
                41.74791606752806
              ],
              [
                105.22652356255665,
                41.74928149881293
              ],
              [
                105.00569096719711,
                41.58119801545305
              ],
              [
                104.91984731976257,
                41.652522844882455
              ],
              [
                104.80035246127076,
                41.65061274078493
              ],
              [
                104.68594806406573,
                41.64347375237689
              ],
              [
                104.5210605417401,
                41.66002845489097
              ],
              [
                104.52722199325665,
                41.87339322017457
              ],
              [
                104.41547440164223,
                41.85842195845648
              ],
              [
                104.3054542829503,
                41.838929473935515
              ],
              [
                104.07687318563795,
                41.8031367814761
              ],
              [
                103.86611129897456,
                41.80080489659203
              ],
              [
                103.4519738192453,
                41.87543492138268
              ],
              [
                103.41558192783964,
                41.88028210138823
              ],
              [
                103.20466578716776,
                41.96103683021466
              ],
              [
                103.01938335881576,
                42.026398794204745
              ],
              [
                102.70991868003107,
                42.151307619455594
              ],
              [
                102.61962003544329,
                42.152788185263915
              ],
              [
                102.538881380962,
                42.16071674733748
              ],
              [
                102.44679039632014,
                42.14227661310902
              ],
              [
                102.0912732143593,
                42.22162485733327
              ],
              [
                102.06788117981864,
                42.23050500896125
              ],
              [
                101.87547010185831,
                42.430827262433624
              ],
              [
                101.80136432138153,
                42.50221716708518
              ],
              [
                101.76803885689401,
                42.507911700330936
              ],
              [
                101.55570681663181,
                42.52834585847996
              ],
              [
                101.28944745612463,
                42.58458904570518
              ],
              [
                100.86129129364654,
                42.66975120343213
              ],
              [
                100.82489144212632,
                42.67364777969374
              ],
              [
                100.32349688164321,
                42.68843447780751
              ],
              [
                100.27064186137135,
                42.63483732094861
              ],
              [
                100.00270350315431,
                42.64716336736674
              ],
              [
                99.96773176845682,
                42.64638634520125
              ],
              [
                99.51073222669694,
                42.566635132771104
              ],
              [
                98.96189563263904,
                42.605484580271764
              ],
              [
                98.54590506135825,
                42.63677621141254
              ],
              [
                98.1946577826165,
                42.65157073996443
              ],
              [
                97.83138762389683,
                42.70451583002842
              ],
              [
                97.28180769482412,
                42.780421883856846
              ],
              [
                97.17210703687503,
                42.793523955286176
              ],
              [
                96.96793875778377,
                42.75462739981184
              ],
              [
                96.74182037084175,
                42.755421851314274
              ],
              [
                96.38548781419495,
                42.725809971362594
              ],
              [
                96.36271306832859,
                42.89875285770632
              ],
              [
                95.92054716929098,
                43.228235516598915
              ],
              [
                95.87923748468249,
                43.278789540993714
              ],
              [
                95.8570019062234,
                43.415847295430176
              ],
              [
                95.73474066253269,
                43.595877019043
              ],
              [
                95.70457702515809,
                43.66913715824251
              ],
              [
                95.64431662752123,
                43.78649811864889
              ],
              [
                95.6221673451968,
                43.85435660264729
              ],
              [
                95.52589595101223,
                44.00607060134433
              ],
              [
                95.4244961279429,
                44.00797570384258
              ],
              [
                95.37582290662178,
                44.02434103240936
              ],
              [
                95.32541886561708,
                44.0270063788838
              ],
              [
                95.3499956155807,
                44.08849967444933
              ],
              [
                95.3542955179918,
                44.164572005712955
              ],
              [
                95.37458525262274,
                44.22593657994279
              ],
              [
                95.40906776297953,
                44.24351312719725
              ],
              [
                95.428804469189,
                44.280406105600555
              ],
              [
                95.41214834827606,
                44.297106947896665
              ],
              [
                95.23744955176117,
                44.27586016130548
              ],
              [
                95.12697695329406,
                44.268411004410105
              ],
              [
                94.99727245540352,
                44.25186039558139
              ],
              [
                94.94450358523676,
                44.2914435682427
              ],
              [
                94.82496047809967,
                44.31881656031923
              ],
              [
                94.7669521054537,
                44.339292352766975
              ],
              [
                94.72138840743476,
                44.339301067028806
              ],
              [
                94.6722222872886,
                44.3958741128861
              ],
              [
                94.60521081427078,
                44.44727601525425
              ],
              [
                94.55588174579788,
                44.4613430460604
              ],
              [
                94.46931017443194,
                44.50809087537483
              ],
              [
                94.38907943761083,
                44.52037463933248
              ],
              [
                94.35770151589058,
                44.51443286618946
              ],
              [
                94.32819536830077,
                44.58145772450726
              ],
              [
                94.27839509133133,
                44.60242565856717
              ],
              [
                94.22602313034062,
                44.64460621880561
              ],
              [
                94.21367935410001,
                44.66673129208628
              ],
              [
                94.15066784876113,
                44.68364862161159
              ],
              [
                94.06434128270982,
                44.730829146977264
              ],
              [
                93.7219510773,
                44.86434666461803
              ],
              [
                93.71456777169398,
                44.89318675053194
              ],
              [
                93.61190537476352,
                44.9255553355308
              ],
              [
                93.50759270402072,
                44.96690823375999
              ],
              [
                93.4328071989772,
                44.95401968270144
              ],
              [
                93.37490636607674,
                44.984066098889535
              ],
              [
                93.31286155088338,
                44.99390372479328
              ],
              [
                93.31224798671867,
                44.97909358797372
              ],
              [
                93.25077505056566,
                44.9905887457849
              ],
              [
                93.17246401990089,
                45.01419392490743
              ],
              [
                93.09846038334466,
                45.00606341737339
              ],
              [
                93.0603354462322,
                45.01709079639482
              ],
              [
                93.00083633517363,
                45.008781987803324
              ],
              [
                92.93151944145144,
                45.016568249608405
              ],
              [
                92.92168585532264,
                45.036033156625386
              ],
              [
                92.88290903040752,
                45.045761272996174
              ],
              [
                92.84652305772151,
                45.03768114421175
              ],
              [
                92.77802753332018,
                45.04940634308242
              ],
              [
                92.68267770823736,
                45.024518136720445
              ],
              [
                92.54667079677549,
                45.01739029931177
              ],
              [
                92.49968592147685,
                44.99992124594961
              ],
              [
                92.41257380934485,
                45.01708283661033
              ],
              [
                92.34734271232907,
                45.01290365056949
              ],
              [
                92.31415922567838,
                45.02776936206475
              ],
              [
                92.23908621074027,
                45.01472970343044
              ],
              [
                92.09832105033138,
                45.08007415714331
              ],
              [
                92.05523309845223,
                45.085605508577
              ],
              [
                91.88435436478741,
                45.077909039692805
              ],
              [
                91.80158428808423,
                45.081583200293124
              ],
              [
                91.69312361330111,
                45.06426492726335
              ],
              [
                91.56016814966961,
                45.07451380901419
              ],
              [
                91.49833465635666,
                45.102663000231274
              ],
              [
                91.44700429840506,
                45.15529547021801
              ],
              [
                91.42724523877718,
                45.15526402143008
              ],
              [
                91.37549565255964,
                45.10967341088174
              ],
              [
                91.33308285799387,
                45.12831735956312
              ],
              [
                91.24022287755992,
                45.13602339879008
              ],
              [
                91.22912756110244,
                45.152477238804465
              ],
              [
                91.19395807715556,
                45.15791963838306
              ],
              [
                91.169257320088,
                45.198366869912654
              ],
              [
                91.1278945403012,
                45.21474088040142
              ],
              [
                91.04848700879562,
                45.2076050013016
              ],
              [
                91.00614771437476,
                45.217412881250446
              ],
              [
                90.9601422639456,
                45.200262304346495
              ],
              [
                90.88017072927649,
                45.19105620072475
              ],
              [
                90.86536556396904,
                45.20832696887248
              ],
              [
                90.89619513690081,
                45.248806967799204
              ],
              [
                90.87585118337371,
                45.279961806104545
              ],
              [
                90.8301691936513,
                45.29925709360815
              ],
              [
                90.80299655112655,
                45.293735615882696
              ],
              [
                90.81164025909432,
                45.32741781283252
              ],
              [
                90.77213491786671,
                45.404724458657945
              ],
              [
                90.77090026971909,
                45.43118776926871
              ],
              [
                90.72162188094121,
                45.463522911505464
              ],
              [
                90.66937166840948,
                45.48668838288886
              ],
              [
                90.67489866561696,
                45.58143036211316
              ],
              [
                90.7130004535075,
                45.7278074321804
              ],
              [
                90.79803614185198,
                45.83386939991139
              ],
              [
                90.88939278214141,
                45.92069745479475
              ],
              [
                91.02635580491405,
                46.0219540531031
              ],
              [
                91.01285906683457,
                46.06562370080316
              ],
              [
                91.01960412968818,
                46.11998962437859
              ],
              [
                90.98280633723796,
                46.15950483463537
              ],
              [
                90.94659873045751,
                46.218443695918005
              ],
              [
                90.95396620155245,
                46.23292115520563
              ],
              [
                90.89862229524711,
                46.31159732907694
              ],
              [
                90.98157110024565,
                46.37385032021296
              ],
              [
                90.99444776124633,
                46.418388191098444
              ],
              [
                91.02388355352103,
                46.44304840917612
              ],
              [
                91.03615258340213,
                46.49989163185004
              ],
              [
                91.05887193140568,
                46.51590551580845
              ],
              [
                91.07731315930263,
                46.55786612280868
              ],
              [
                91.06624357577014,
                46.57803463213479
              ],
              [
                91.01590398841867,
                46.58143856403102
              ],
              [
                91.03430380468185,
                46.669318797478404
              ],
              [
                91.05210471083032,
                46.716468446646665
              ],
              [
                91.01712275401358,
                46.76534097200856
              ],
              [
                90.99075373879828,
                46.76869924640484
              ],
              [
                90.99075287294421,
                46.789591734692586
              ],
              [
                90.94104737004508,
                46.82493079998268
              ],
              [
                90.95639716770901,
                46.87848929675587
              ],
              [
                90.92813996757751,
                46.892440634273584
              ],
              [
                90.92075820220997,
                46.93780282929159
              ],
              [
                90.89982964427176,
                46.95986274801864
              ],
              [
                90.8288696683371,
                46.994876388300625
              ],
              [
                90.76528780565839,
                46.99152066950467
              ],
              [
                90.69020123897836,
                47.079630970072564
              ],
              [
                90.6521050623579,
                47.11065185242825
              ],
              [
                90.57823469093991,
                47.19734826729062
              ],
              [
                90.55971509918363,
                47.205861857947895
              ],
              [
                90.51952060904425,
                47.28333890500792
              ],
              [
                90.48609382656039,
                47.31610457451644
              ],
              [
                90.52446645804355,
                47.37783217878664
              ],
              [
                90.50589882709653,
                47.39884378448139
              ],
              [
                90.46628589436669,
                47.40359048336769
              ],
              [
                90.45700534383414,
                47.43757463674129
              ],
              [
                90.4724705007658,
                47.46108229755545
              ],
              [
                90.4662814993293,
                47.49625124463534
              ],
              [
                90.39587381999695,
                47.54627044106689
              ],
              [
                90.37369938441198,
                47.60159786535503
              ],
              [
                90.34417081148631,
                47.63593215020861
              ],
              [
                90.3823160921542,
                47.64273643092893
              ],
              [
                90.32941376015694,
                47.680304405462124
              ],
              [
                90.21423714647798,
                47.70415894742423
              ],
              [
                90.17777107083981,
                47.723835875382846
              ],
              [
                90.13264021372653,
                47.721745087403626
              ],
              [
                90.07341375624823,
                47.77606442999153
              ],
              [
                90.06786982963271,
                47.81909656665861
              ],
              [
                90.08388040415073,
                47.86408326517307
              ],
              [
                90.06355854813906,
                47.88217348290828
              ],
              [
                90.03834655503815,
                47.8733892631765
              ],
              [
                89.95789713141349,
                47.884858882651514
              ],
              [
                89.95544103764003,
                47.84189063064758
              ],
              [
                89.86732899081291,
                47.833098879922844
              ],
              [
                89.75918434217627,
                47.83454871420958
              ],
              [
                89.73267006437489,
                47.89640019728736
              ],
              [
                89.64839931915066,
                47.91258364264861
              ],
              [
                89.64286250280179,
                47.94668962587063
              ],
              [
                89.59299428083277,
                47.97239179529142
              ],
              [
                89.59669077269774,
                48.01486035140012
              ],
              [
                89.5664589750676,
                48.03686550852443
              ],
              [
                89.49532660532684,
                48.02708754511308
              ],
              [
                89.37799035788449,
                48.044934712602604
              ],
              [
                89.35646565555133,
                48.02494523203561
              ],
              [
                89.30546748960532,
                48.02063376475415
              ],
              [
                89.27903802994842,
                47.99303574850339
              ],
              [
                89.22854516664455,
                47.97902529851933
              ],
              [
                89.15322450985413,
                47.99573967525379
              ],
              [
                89.07492773675683,
                47.985672847598586
              ],
              [
                89.0417476745001,
                48.008561405775254
              ],
              [
                89.02395156022767,
                48.04984470100208
              ],
              [
                88.95096959908557,
                48.08965766613118
              ],
              [
                88.93623077057883,
                48.114474165444456
              ],
              [
                88.82158474363038,
                48.106016051259765
              ],
              [
                88.79441468075498,
                48.132746766946795
              ],
              [
                88.71862309022276,
                48.15948884188732
              ],
              [
                88.69772242649539,
                48.179879850899
              ],
              [
                88.66578128069797,
                48.170356800657345
              ],
              [
                88.63567778997307,
                48.18278568704102
              ],
              [
                88.59876585454343,
                48.220725586091376
              ],
              [
                88.59198825698036,
                48.25900314397139
              ],
              [
                88.57225837203212,
                48.276924163812204
              ],
              [
                88.60306976296685,
                48.33705796050979
              ],
              [
                88.57101997634375,
                48.35097306458307
              ],
              [
                88.57040185606108,
                48.3688711340564
              ],
              [
                88.5327206310798,
                48.36800726694004
              ],
              [
                88.52034846824338,
                48.40256029176316
              ],
              [
                88.50054780221811,
                48.41204034197412
              ],
              [
                88.45909641897978,
                48.391258757418946
              ],
              [
                88.43499444675322,
                48.39240368248338
              ],
              [
                88.35736512762739,
                48.432142023048144
              ],
              [
                88.35982275685836,
                48.45953354891352
              ],
              [
                88.31495936649166,
                48.477473369072634
              ],
              [
                88.22632356151442,
                48.49737838472918
              ],
              [
                88.19360074472702,
                48.492975874909064
              ],
              [
                88.14848696799102,
                48.52541034774341
              ],
              [
                88.12686843609754,
                48.52062082394401
              ],
              [
                88.10526970950872,
                48.54477946692924
              ],
              [
                88.03819419568075,
                48.54722514917131
              ],
              [
                87.97007783064457,
                48.57514820186381
              ],
              [
                87.95841262532116,
                48.59853615408174
              ],
              [
                88.00750075777727,
                48.617783875031115
              ],
              [
                88.02345308076887,
                48.65214625577399
              ],
              [
                88.08615172451044,
                48.693928994100816
              ],
              [
                88.0873819514035,
                48.718807644480876
              ],
              [
                88.06091885099757,
                48.71172569596684
              ],
              [
                88.02590052957537,
                48.749299535754524
              ],
              [
                87.95840115075353,
                48.77276796899695
              ],
              [
                87.93567065848106,
                48.75703726256925
              ],
              [
                87.86913267360141,
                48.79885074666023
              ],
              [
                87.82341926938426,
                48.79995972077665
              ],
              [
                87.7999395674213,
                48.82395578615174
              ],
              [
                87.82588963236329,
                48.82478994620729
              ],
              [
                87.78882098027391,
                48.84835946113677
              ],
              [
                87.77770734296406,
                48.87117923009776
              ],
              [
                87.7388658075366,
                48.88021479835526
              ],
              [
                87.75673095395412,
                48.92505567512154
              ],
              [
                87.790668167721,
                48.92665989027408
              ],
              [
                87.81105172940534,
                48.944381921741105
              ],
              [
                87.87344293655876,
                48.94841251702669
              ],
              [
                87.86850454648378,
                48.962945489770554
              ],
              [
                87.90858389808858,
                48.9790661318969
              ],
              [
                87.88084530787742,
                48.993198406346025
              ],
              [
                87.88022635548606,
                49.023029548494335
              ],
              [
                87.83205420261554,
                49.0535580463043
              ],
              [
                87.85491198861699,
                49.07280923215869
              ],
              [
                87.8413204410702,
                49.08924946558796
              ],
              [
                87.8641728486914,
                49.108091271997544
              ],
              [
                87.84255149870907,
                49.14525989967182
              ],
              [
                87.81721632991308,
                49.14756250620744
              ],
              [
                87.81783256024228,
                49.17300070036458
              ],
              [
                87.7900325517322,
                49.18156109692341
              ],
              [
                87.75917957264775,
                49.1717507855571
              ],
              [
                87.6970144204393,
                49.17492257816786
              ],
              [
                87.67305442460781,
                49.15461754916627
              ],
              [
                87.59928553214897,
                49.15158756244231
              ],
              [
                87.55982647225746,
                49.14177552236195
              ],
              [
                87.51409135248589,
                49.14480312510167
              ],
              [
                87.49244037568116,
                49.131037291739595
              ],
              [
                87.50852668653744,
                49.10092583814437
              ],
              [
                87.43310878189348,
                49.074084937676716
              ],
              [
                87.38504688895853,
                49.09679449646146
              ],
              [
                87.30151597335434,
                49.11142209290012
              ],
              [
                87.2357260198267,
                49.1134313666731
              ],
              [
                87.20860545795091,
                49.139645731081174
              ],
              [
                87.10927943896966,
                49.15436929954806
              ],
              [
                87.08465926557702,
                49.13244559032497
              ],
              [
                86.99693155637382,
                49.14163509410864
              ],
              [
                86.95096768395604,
                49.1304091600677
              ],
              [
                86.88520074311269,
                49.13124857616533
              ],
              [
                86.85129227227043,
                49.10849455501707
              ],
              [
                86.84697621687448,
                49.06577002133251
              ],
              [
                86.83339963044389,
                49.05045350616398
              ],
              [
                86.76923873087132,
                49.026818823061326
              ],
              [
                86.72922743171492,
                48.993847604812935
              ],
              [
                86.72738470140594,
                48.95889311039396
              ],
              [
                86.75507867770767,
                48.894016035541135
              ],
              [
                86.77910976146033,
                48.886163777707246
              ],
              [
                86.81859751216359,
                48.849619302294506
              ],
              [
                86.8161305494514,
                48.830316796092774
              ],
              [
                86.76740299685251,
                48.809367266111614
              ],
              [
                86.75139056463968,
                48.78373763711417
              ],
              [
                86.77788590353208,
                48.730496416537015
              ],
              [
                86.76864113869021,
                48.71627561908494
              ],
              [
                86.6997514376803,
                48.66534878854157
              ],
              [
                86.69054211473662,
                48.64282906185775
              ],
              [
                86.63835895433063,
                48.62829139056766
              ],
              [
                86.63283184105336,
                48.61128805768224
              ],
              [
                86.59224234238404,
                48.57608792788486
              ],
              [
                86.5774570007778,
                48.53805204118638
              ],
              [
                86.41312290329182,
                48.48059978531724
              ],
              [
                86.37802355807634,
                48.492506489077584
              ],
              [
                86.30244488807831,
                48.49104564940058
              ],
              [
                86.2674015764321,
                48.45140768046743
              ],
              [
                86.22304114236933,
                48.43155085956954
              ],
              [
                86.05094109293732,
                48.44016272760189
              ],
              [
                85.91401315041551,
                48.437310969999984
              ],
              [
                85.78870401647393,
                48.418100752866785
              ],
              [
                85.7553877344996,
                48.40217859069571
              ],
              [
                85.69262083579592,
                48.33422647363337
              ],
              [
                85.69262269504452,
                48.30158370465456
              ],
              [
                85.67542064251445,
                48.26536349727338
              ],
              [
                85.63117948624472,
                48.231956116370895
              ],
              [
                85.6194971758559,
                48.202052201851195
              ],
              [
                85.58439740996857,
                48.190888640388785
              ],
              [
                85.57391554986907,
                48.1577447821263
              ],
              [
                85.54860527504063,
                48.12694682170698
              ],
              [
                85.54922466085583,
                48.080571489337004
              ],
              [
                85.5288289929258,
                48.045314931251404
              ],
              [
                85.5442860501813,
                48.00731406660875
              ],
              [
                85.6152242466373,
                47.549597915706876
              ],
              [
                85.61214983781,
                47.49706557749272
              ],
              [
                85.68222466363412,
                47.427776816756
              ],
              [
                85.6988206424619,
                47.38320261923429
              ],
              [
                85.67301438023077,
                47.320827289871445
              ],
              [
                85.69821108655482,
                47.287515318318206
              ],
              [
                85.67977726157916,
                47.24898338489919
              ],
              [
                85.67977870849357,
                47.22176876068167
              ],
              [
                85.63922691919477,
                47.18323204458605
              ],
              [
                85.58013527504943,
                47.1417800959336
              ],
              [
                85.5443341934601,
                47.09573370425194
              ],
              [
                85.5431001744278,
                47.05703157518116
              ],
              [
                85.43798526236941,
                47.062055987749034
              ],
              [
                85.35239247920595,
                47.0535081961712
              ],
              [
                85.3229118786501,
                47.04378012804676
              ],
              [
                85.27375966634935,
                47.06790261366262
              ],
              [
                85.21093827572807,
                47.0401812398322
              ],
              [
                85.17267312084823,
                46.99689234685472
              ],
              [
                85.09987829035929,
                46.967823432092224
              ],
              [
                85.07895339241723,
                46.938840274254595
              ],
              [
                84.98445314873324,
                46.91740983677251
              ],
              [
                84.97709791762526,
                46.88228210632689
              ],
              [
                84.95256226928556,
                46.86026328138869
              ],
              [
                84.93168367051541,
                46.86316608057767
              ],
              [
                84.86456315340716,
                46.92693146453404
              ],
              [
                84.84666483419309,
                46.95630927492644
              ],
              [
                84.77875847026685,
                46.97905543496304
              ],
              [
                84.74547637535936,
                47.00882071766408
              ],
              [
                84.69688668962837,
                47.007642990870096
              ],
              [
                84.66617322069794,
                46.99423812645903
              ],
              [
                84.56092604187079,
                46.99103482388608
              ],
              [
                84.50404617647334,
                46.97212680027368
              ],
              [
                84.42243049640444,
                47.00784181440315
              ],
              [
                84.36821431321322,
                46.9923490872423
              ],
              [
                84.3337824290348,
                47.004235389381584
              ],
              [
                84.28644756369498,
                46.99371238540828
              ],
              [
                84.19210651407069,
                47.00266678063267
              ],
              [
                84.14698953128021,
                46.97647263367142
              ],
              [
                84.08342588832764,
                46.96418153694051
              ],
              [
                84.03544840698014,
                46.972419139515374
              ],
              [
                83.9998376200099,
                46.98965966231459
              ],
              [
                83.9488741661458,
                46.9865358493886
              ],
              [
                83.92981352069606,
                46.969429117493945
              ],
              [
                83.88298525311312,
                46.98128200830705
              ],
              [
                83.7631436177189,
                47.02598238253132
              ],
              [
                83.69602143455731,
                47.01460565813522
              ],
              [
                83.69725032738903,
                47.031322487258116
              ],
              [
                83.57295792580197,
                47.05835911990123
              ],
              [
                83.56369819252328,
                47.0799411269391
              ],
              [
                83.5352749451141,
                47.08314561142191
              ],
              [
                83.45979771492011,
                47.13097834067015
              ],
              [
                83.4153367135192,
                47.1178811463746
              ],
              [
                83.36669128461828,
                47.17729421494802
              ],
              [
                83.32122746628687,
                47.16679871098443
              ],
              [
                83.30279999069123,
                47.17862586283695
              ],
              [
                83.25422662393676,
                47.1721738778709
              ],
              [
                83.21848901490385,
                47.185985549041355
              ],
              [
                83.20368151818975,
                47.2127938063437
              ],
              [
                83.17096413185611,
                47.21720863643917
              ],
              [
                83.15120557631798,
                47.2350476087849
              ],
              [
                83.1049443915981,
                47.22077399637301
              ],
              [
                83.02382569830675,
                47.21437780116113
              ],
              [
                83.02812186369258,
                47.16721074948473
              ],
              [
                82.99011942400121,
                47.064333886486786
              ],
              [
                82.93491184327114,
                47.01351525602331
              ],
              [
                82.9207822385363,
                46.93149474438777
              ],
              [
                82.87337813952355,
                46.82313582278068
              ],
              [
                82.87522934520466,
                46.79652484778836
              ],
              [
                82.82648245013903,
                46.77187298703055
              ],
              [
                82.78575179833808,
                46.677070939182144
              ],
              [
                82.77095516599175,
                46.59941513015648
              ],
              [
                82.72355097973451,
                46.49406353298583
              ],
              [
                82.60619971130534,
                46.29445889676504
              ],
              [
                82.515496077657,
                46.15311421788924
              ],
              [
                82.45861025076648,
                45.97891612359336
              ],
              [
                82.39813819460255,
                45.97135094897268
              ],
              [
                82.33971238226458,
                45.93437183590455
              ],
              [
                82.33295638919196,
                45.8814800088845
              ],
              [
                82.34647708885971,
                45.82182698883942
              ],
              [
                82.33726334689807,
                45.771757961299954
              ],
              [
                82.28687888601252,
                45.71544869872038
              ],
              [
                82.28565218497344,
                45.654395348312065
              ],
              [
                82.26350737273624,
                45.61926097526963
              ],
              [
                82.27889388398786,
                45.53797102931235
              ],
              [
                82.44504474785037,
                45.460239055134856
              ],
              [
                82.54396565889974,
                45.42522892049141
              ],
              [
                82.5982424680718,
                45.34542533359395
              ],
              [
                82.58469766701833,
                45.22332553806715
              ],
              [
                82.56002967932169,
                45.203910828443604
              ],
              [
                82.48400173638284,
                45.1801023771359
              ],
              [
                82.34159312997244,
                45.2179674910783
              ],
              [
                82.29120576288491,
                45.24671347191386
              ],
              [
                82.20372860478591,
                45.235762724492936
              ],
              [
                82.1061770672938,
                45.21032901614764
              ],
              [
                82.08768992034416,
                45.221287256103196
              ],
              [
                82.0926163906694,
                45.24867576432501
              ],
              [
                82.04955173405308,
                45.25461911438199
              ],
              [
                81.99001784333406,
                45.23708738909061
              ],
              [
                81.91815600979258,
                45.232609779055764
              ],
              [
                81.87687375009733,
                45.283574975276146
              ],
              [
                81.82933464836745,
                45.31886011330659
              ],
              [
                81.78487067434979,
                45.382709865941344
              ],
              [
                81.67408472663325,
                45.3537617041108
              ],
              [
                81.64214139326927,
                45.35844657531556
              ],
              [
                81.57999809406802,
                45.3357735456437
              ],
              [
                81.57260047056569,
                45.30715634979695
              ],
              [
                81.53370945340798,
                45.3032991200852
              ],
              [
                81.5256767208138,
                45.285178179895354
              ],
              [
                81.45953156354817,
                45.263093622816314
              ],
              [
                81.43421707005518,
                45.28157201809108
              ],
              [
                81.39539539940112,
                45.274387034625754
              ],
              [
                81.37878674895572,
                45.25670745219398
              ],
              [
                81.32473723238867,
                45.2597393763184
              ],
              [
                81.28175507508936,
                45.237905622640426
              ],
              [
                81.2337761667984,
                45.24635257049712
              ],
              [
                81.1721162011469,
                45.22688701025189
              ],
              [
                81.16718019136358,
                45.210018038498525
              ],
              [
                81.1086014562831,
                45.21710220498521
              ],
              [
                81.07783882460286,
                45.181687546937795
              ],
              [
                81.02199180391352,
                45.161968595172
              ],
              [
                80.96377334204853,
                45.16762443259211
              ],
              [
                80.9330958833184,
                45.159671921730684
              ],
              [
                80.89559541511633,
                45.12677792398031
              ],
              [
                80.85986095489005,
                45.12632611465898
              ],
              [
                80.81420628349996,
                45.151993034189175
              ],
              [
                80.72918280886843,
                45.155304634033556
              ],
              [
                80.68372497097424,
                45.12835554228451
              ],
              [
                80.59709823047794,
                45.1052520039825
              ],
              [
                80.51688446491625,
                45.10808269731488
              ],
              [
                80.49153453813153,
                45.12616411543996
              ],
              [
                80.44333298590698,
                45.096904525761616
              ],
              [
                80.44148141570189,
                45.07662373287612
              ],
              [
                80.4020169737097,
                45.04827005444043
              ],
              [
                80.35588038939646,
                45.039852615009096
              ],
              [
                80.32577656075465,
                45.06907278807307
              ],
              [
                80.28952654734186,
                45.064910384531665
              ],
              [
                80.24152512205899,
                45.03070040018886
              ],
              [
                80.19340682738613,
                45.029806047956505
              ],
              [
                80.14214367091247,
                45.05804084685364
              ],
              [
                80.13350125701564,
                45.040273263737866
              ],
              [
                80.10943900626266,
                45.05166336680689
              ],
              [
                80.05834132786956,
                45.02505385151506
              ],
              [
                80.05404013729343,
                45.010257983953124
              ],
              [
                79.97915932807356,
                44.96348697853583
              ],
              [
                79.9496911873083,
                44.957211958259705
              ],
              [
                79.94231907663386,
                44.93732296632124
              ],
              [
                79.88568616343414,
                44.908549304708565
              ],
              [
                79.96688818421472,
                44.8770871142045
              ],
              [
                79.95153756851394,
                44.84870803809608
              ],
              [
                79.98959468746733,
                44.829511004546255
              ],
              [
                79.99695893995977,
                44.79297849701465
              ],
              [
                80.08541842146099,
                44.816143720031505
              ],
              [
                80.11314833367965,
                44.81444956183534
              ],
              [
                80.16747385958905,
                44.843811647457635
              ],
              [
                80.18538622356671,
                44.824748371089086
              ],
              [
                80.17612289298116,
                44.795862871043326
              ],
              [
                80.19835628942191,
                44.7559702729891
              ],
              [
                80.23660582430585,
                44.722001897859776
              ],
              [
                80.31104707013095,
                44.70407345465205
              ],
              [
                80.39772177634043,
                44.627761194938586
              ],
              [
                80.40942629191576,
                44.604330125853735
              ],
              [
                80.3479129775764,
                44.48364793948848
              ],
              [
                80.38049779785025,
                44.40025845294523
              ],
              [
                80.39650227059262,
                44.304781253633806
              ],
              [
                80.41067156732963,
                44.26363327915922
              ],
              [
                80.39835365815007,
                44.197556837248875
              ],
              [
                80.40451399737934,
                44.14859576589682
              ],
              [
                80.39158436968758,
                44.125819776239744
              ],
              [
                80.44707467942999,
                44.07684346765465
              ],
              [
                80.45634020778516,
                44.04588043839574
              ],
              [
                80.45510692211522,
                43.979983776407934
              ],
              [
                80.48291914026322,
                43.9546273526046
              ],
              [
                80.47302908914497,
                43.93692214921307
              ],
              [
                80.5088873918611,
                43.90553978267979
              ],
              [
                80.52001720875376,
                43.815333206146555
              ],
              [
                80.75262239171701,
                43.49298796999638
              ],
              [
                80.75878081999392,
                43.445206686412604
              ],
              [
                80.74400763193219,
                43.43781698061287
              ],
              [
                80.7335510515319,
                43.388258223309315
              ],
              [
                80.68378519539189,
                43.33262918050255
              ],
              [
                80.69053950220474,
                43.31912129990786
              ],
              [
                80.77480340358409,
                43.30688480864546
              ],
              [
                80.76679495778119,
                43.2641893170115
              ],
              [
                80.78651780661798,
                43.24110975358003
              ],
              [
                80.78713581332778,
                43.200559392512886
              ],
              [
                80.80193726903926,
                43.177023694383074
              ],
              [
                80.79207048351564,
                43.13597970518486
              ],
              [
                80.7501716882057,
                43.14686044412669
              ],
              [
                80.72986955528955,
                43.129839456010224
              ],
              [
                80.70467143324328,
                43.142529357564186
              ],
              [
                80.64879378023032,
                43.146122616666545
              ],
              [
                80.59100018909751,
                43.132204801469314
              ],
              [
                80.55401108065372,
                43.10334218275238
              ],
              [
                80.48047525691922,
                43.068190757146866
              ],
              [
                80.41441199118142,
                43.055387119418704
              ],
              [
                80.37624038182659,
                43.03003353852698
              ],
              [
                80.39531761312118,
                42.995463103148786
              ],
              [
                80.48480583878603,
                42.94745411718072
              ],
              [
                80.58915834519664,
                42.922269650263864
              ],
              [
                80.60085655448657,
                42.89334868951094
              ],
              [
                80.50150089219652,
                42.88090391725112
              ],
              [
                80.44835183157302,
                42.860592470724804
              ],
              [
                80.40456070235382,
                42.83334604376973
              ],
              [
                80.335681989045,
                42.83034812772924
              ],
              [
                80.27791579109302,
                42.83702667928839
              ],
              [
                80.26007234048514,
                42.827388838028035
              ],
              [
                80.25699501109148,
                42.7896429909718
              ],
              [
                80.22372144269337,
                42.71187300791692
              ],
              [
                80.22618907409961,
                42.69164874760625
              ],
              [
                80.17742909319763,
                42.66914738419349
              ],
              [
                80.16137179488744,
                42.628629590255194
              ],
              [
                80.17866689242025,
                42.58946730379685
              ],
              [
                80.21940982978012,
                42.53223279909195
              ],
              [
                80.26315901118474,
                42.50092702963929
              ],
              [
                80.22372820131442,
                42.48459486404918
              ],
              [
                80.2039861736485,
                42.4302673518764
              ],
              [
                80.23729492075203,
                42.38876364795429
              ],
              [
                80.22681566674486,
                42.35736597111687
              ],
              [
                80.28162166727053,
                42.31930700686506
              ],
              [
                80.2699353696024,
                42.2808071124632
              ],
              [
                80.29023131698061,
                42.258639464978195
              ],
              [
                80.28408320915891,
                42.23206403724489
              ],
              [
                80.23113542061587,
                42.20903528913476
              ],
              [
                80.1663266841664,
                42.199187670008754
              ],
              [
                80.16138686402192,
                42.15127300932552
              ],
              [
                80.13730597839242,
                42.14990111673396
              ],
              [
                80.16571223007989,
                42.09534479544211
              ],
              [
                80.1910321326,
                42.0802885288404
              ],
              [
                80.13977821712305,
                42.03353557773573
              ],
              [
                80.08736358424149,
                42.045947309743276
              ],
              [
                79.92149279028662,
                42.041419480769996
              ],
              [
                79.8505913574945,
                42.01426448064112
              ],
              [
                79.8524447903659,
                41.983130193213846
              ],
              [
                79.82032911589486,
                41.962158978096944
              ],
              [
                79.77402927817751,
                41.89128694857359
              ],
              [
                79.72227695545833,
                41.8957427443844
              ],
              [
                79.63867806371421,
                41.88385285898055
              ],
              [
                79.61469166718402,
                41.85535770672883
              ],
              [
                79.54872717589899,
                41.83302584037794
              ],
              [
                79.49865800519188,
                41.83423207450672
              ],
              [
                79.45476542814254,
                41.84659527887949
              ],
              [
                79.4128024971886,
                41.8353873315106
              ],
              [
                79.35373169676501,
                41.79439012760239
              ],
              [
                79.3236289987156,
                41.808275332950714
              ],
              [
                79.27446947906574,
                41.7797983036458
              ],
              [
                79.26954901489312,
                41.76596702744158
              ],
              [
                79.21473326144552,
                41.72443333995889
              ],
              [
                79.13574020379133,
                41.72162228960183
              ],
              [
                79.10676311561845,
                41.69613113861704
              ],
              [
                79.04096461382765,
                41.680107803706164
              ],
              [
                79.01948877172005,
                41.656026172660425
              ],
              [
                78.99189051143402,
                41.66326193523425
              ],
              [
                78.95569431877156,
                41.65039727969374
              ],
              [
                78.88989685344606,
                41.59679162871274
              ],
              [
                78.86461888390471,
                41.59274224323727
              ],
              [
                78.82326649205291,
                41.55910509782838
              ],
              [
                78.73693311694205,
                41.554543930660685
              ],
              [
                78.69449836346236,
                41.54071105281917
              ],
              [
                78.70494782113174,
                41.52098887817408
              ],
              [
                78.67360773954961,
                41.50133262699434
              ],
              [
                78.64841571781407,
                41.46642440095015
              ],
              [
                78.57886603513701,
                41.48081294340553
              ],
              [
                78.5251375363609,
                41.43992041532519
              ],
              [
                78.45216200300302,
                41.411012671370855
              ],
              [
                78.38923061222047,
                41.40691924619114
              ],
              [
                78.38307345900057,
                41.393461623325244
              ],
              [
                78.33570674891187,
                41.396221534717704
              ],
              [
                78.32218283557347,
                41.383234124020504
              ],
              [
                78.23292010038817,
                41.398127832985054
              ],
              [
                78.16127602977409,
                41.38231832409576
              ],
              [
                78.1470650135832,
                41.367032328671314
              ],
              [
                78.16251338622865,
                41.33967214156118
              ],
              [
                78.13409507039653,
                41.27807649394134
              ],
              [
                78.12668658453438,
                41.227260205543665
              ],
              [
                78.09213815251368,
                41.223193137761044
              ],
              [
                77.97042498425193,
                41.172162961401725
              ],
              [
                77.90275108257194,
                41.184421991731995
              ],
              [
                77.83360793431277,
                41.15238703048488
              ],
              [
                77.81197911067846,
                41.13343250129594
              ],
              [
                77.80456599480652,
                41.09106863526892
              ],
              [
                77.82681215815059,
                41.05865290832162
              ],
              [
                77.79344755762914,
                41.048223144613836
              ],
              [
                77.77801048243282,
                41.02204249979263
              ],
              [
                77.73484235216499,
                41.03150244215761
              ],
              [
                77.6819247102477,
                41.007207852433524
              ],
              [
                77.65179812847913,
                41.015387210059615
              ],
              [
                77.59455879544146,
                41.00461764061062
              ],
              [
                77.58901203719175,
                40.99152856553194
              ],
              [
                77.53776989119476,
                41.005900145503254
              ],
              [
                77.47344563571257,
                40.99849898734306
              ],
              [
                77.47097095725205,
                41.02195612001548
              ],
              [
                77.41230104017485,
                41.03764102764833
              ],
              [
                77.35996974596677,
                41.0399234612091
              ],
              [
                77.29359670218903,
                41.00394995213374
              ],
              [
                77.23389475419117,
                41.026996545732565
              ],
              [
                77.16601824040822,
                41.00840396697797
              ],
              [
                77.10493669501277,
                41.0371947700645
              ],
              [
                77.08830662029735,
                41.06154626226956
              ],
              [
                77.02010296884609,
                41.05850738952765
              ],
              [
                76.99924579443626,
                41.07254517782855
              ],
              [
                76.93787474338528,
                41.02806093824344
              ],
              [
                76.88310257915543,
                41.026736553065064
              ],
              [
                76.8510298509662,
                40.975703052193786
              ],
              [
                76.8152256134814,
                40.97473518615104
              ],
              [
                76.75908784467035,
                40.953442495512384
              ],
              [
                76.7387637363506,
                40.91142770241767
              ],
              [
                76.72891921983522,
                40.81827427078372
              ],
              [
                76.69079864617983,
                40.778937834313396
              ],
              [
                76.64410207176998,
                40.7595495281494
              ],
              [
                76.6441027514825,
                40.73644300531988
              ],
              [
                76.67421179343047,
                40.695591103369104
              ],
              [
                76.65209404890783,
                40.65254173176276
              ],
              [
                76.65455316123698,
                40.619857967456
              ],
              [
                76.60843562360253,
                40.60130239520155
              ],
              [
                76.5985853379631,
                40.57859553852117
              ],
              [
                76.55418712463538,
                40.54220495390221
              ],
              [
                76.54059917271015,
                40.51353319876113
              ],
              [
                76.53689286754734,
                40.46393481967516
              ],
              [
                76.50598167284005,
                40.429250821128704
              ],
              [
                76.46764060372396,
                40.422308416456126
              ],
              [
                76.43921881013797,
                40.390812594504226
              ],
              [
                76.38742263824723,
                40.377108869795116
              ],
              [
                76.37880386814197,
                40.39033081318649
              ],
              [
                76.33022431137448,
                40.34299664624049
              ],
              [
                76.32469030340201,
                40.390870964670874
              ],
              [
                76.28041991214342,
                40.41463534097631
              ],
              [
                76.2767269324332,
                40.43877610900139
              ],
              [
                76.22127280617107,
                40.40143394006748
              ],
              [
                76.17311029651464,
                40.38085563937955
              ],
              [
                76.14098842887803,
                40.39310271033512
              ],
              [
                76.07808409318496,
                40.395803584214974
              ],
              [
                76.04548324857579,
                40.388104945012834
              ],
              [
                76.04548438845585,
                40.35665388043267
              ],
              [
                76.02336899467404,
                40.354884965716835
              ],
              [
                75.98346442216273,
                40.38144242341708
              ],
              [
                75.92939602977762,
                40.33916903875101
              ],
              [
                75.91893635118113,
                40.29127741293893
              ],
              [
                75.88751448560389,
                40.30908126266292
              ],
              [
                75.83751531454703,
                40.312211050914605
              ],
              [
                75.82824910710009,
                40.3272486142253
              ],
              [
                75.78255141348976,
                40.300711493969054
              ],
              [
                75.73631107266624,
                40.29886591552839
              ],
              [
                75.70615721925361,
                40.28063776522905
              ],
              [
                75.68525113733222,
                40.34363440463783
              ],
              [
                75.66681277305315,
                40.36373104508296
              ],
              [
                75.68340443963693,
                40.4179239581412
              ],
              [
                75.71414765561221,
                40.44292216337767
              ],
              [
                75.73014790614327,
                40.47385941764027
              ],
              [
                75.6434516532964,
                40.516302996537156
              ],
              [
                75.62807911669722,
                40.54860539596516
              ],
              [
                75.62438641167934,
                40.60494384259603
              ],
              [
                75.63361092854977,
                40.624000741630155
              ],
              [
                75.59668634624418,
                40.659430501187295
              ],
              [
                75.54734157599655,
                40.648491568013135
              ],
              [
                75.46450976844105,
                40.59923779297269
              ],
              [
                75.4286964345333,
                40.5628250556346
              ],
              [
                75.35236297214749,
                40.537395588684646
              ],
              [
                75.28908828266732,
                40.4833883288056
              ],
              [
                75.26572463431728,
                40.48341412462439
              ],
              [
                75.2392572829239,
                40.44837523109573
              ],
              [
                75.2035057754876,
                40.44743401825467
              ],
              [
                75.13192715501796,
                40.46278789775329
              ],
              [
                75.09926371079155,
                40.43954531154037
              ],
              [
                75.04822846252236,
                40.449154172027576
              ],
              [
                75.01877333782552,
                40.46652472880392
              ],
              [
                74.9924053394137,
                40.45476942280962
              ],
              [
                74.96051052201754,
                40.46441841983764
              ],
              [
                74.88919937339934,
                40.507266779032264
              ],
              [
                74.84171707359695,
                40.520853554212096
              ],
              [
                74.81641369283916,
                40.505343946033456
              ],
              [
                74.81209441099884,
                40.460746727331355
              ],
              [
                74.7923496259424,
                40.442959748501416
              ],
              [
                74.90582767929266,
                40.338755738247286
              ],
              [
                74.8602326637189,
                40.32641346385612
              ],
              [
                74.82197274666771,
                40.34413413194528
              ],
              [
                74.69753994464574,
                40.345915765386565
              ],
              [
                74.69508288833919,
                40.309886146718725
              ],
              [
                74.67051021460237,
                40.27844032157875
              ],
              [
                74.61581330698631,
                40.27943995411183
              ],
              [
                74.57454952626732,
                40.26026430605553
              ],
              [
                74.53195328144764,
                40.20765611213705
              ],
              [
                74.48249121234909,
                40.18191722767518
              ],
              [
                74.42997491992865,
                40.13103132726504
              ],
              [
                74.35360446765613,
                40.088944136475725
              ],
              [
                74.31364890907182,
                40.106413087427306
              ],
              [
                74.27798238213269,
                40.097772206665596
              ],
              [
                74.26013032604386,
                40.12478973649619
              ],
              [
                74.1231022665729,
                40.10403357016438
              ],
              [
                74.1101448721724,
                40.086168081613486
              ],
              [
                74.02030216412034,
                40.0849080052115
              ],
              [
                74.00495278414779,
                40.0506039455357
              ],
              [
                73.94045651085231,
                40.01595204102533
              ],
              [
                73.97732497875859,
                40.00440359765644
              ],
              [
                73.90783743437174,
                39.9343562051723
              ],
              [
                73.90414298515421,
                39.8737578083976
              ],
              [
                73.84243094970176,
                39.83097399183737
              ],
              [
                73.83872599191956,
                39.75601891844508
              ],
              [
                73.90291420916381,
                39.74181948647626
              ],
              [
                73.9213921638875,
                39.722019031565004
              ],
              [
                73.9509201253092,
                39.59989779416969
              ],
              [
                73.91339173342739,
                39.58658154429384
              ],
              [
                73.91154446907733,
                39.56398458872075
              ],
              [
                73.88072124439455,
                39.54091502167337
              ],
              [
                73.89059085171186,
                39.528000699186705
              ],
              [
                73.86529347572484,
                39.482740719897606
              ],
              [
                73.83317447062402,
                39.47206726187109
              ],
              [
                73.74242967440246,
                39.46179950615684
              ],
              [
                73.64399690559758,
                39.47441043762718
              ],
              [
                73.60769161545221,
                39.46567928022619
              ],
              [
                73.58982568817042,
                39.41208639678675
              ],
              [
                73.49901302351587,
                39.38371212630864
              ],
              [
                73.55095035092057,
                39.35008533540502
              ],
              [
                73.55156883887422,
                39.29594411027504
              ],
              [
                73.53921269978528,
                39.26952738243687
              ],
              [
                73.56145076317445,
                39.26632788022786
              ],
              [
                73.57749783643503,
                39.23762722960355
              ],
              [
                73.62001197171317,
                39.23530316302357
              ],
              [
                73.63662461760876,
                39.22045455144128
              ],
              [
                73.65445999133482,
                39.16618757427481
              ],
              [
                73.68520175084247,
                39.15499863362153
              ],
              [
                73.71657579095547,
                39.10809082208903
              ],
              [
                73.7171925018684,
                39.07187997084397
              ],
              [
                73.7399788454167,
                39.02959565692084
              ],
              [
                73.77697960407988,
                39.026822318379196
              ],
              [
                73.81712243238574,
                39.0417512743462
              ],
              [
                73.83689469065209,
                39.008332293495
              ],
              [
                73.84369243805546,
                38.962316694955234
              ],
              [
                73.8233053120715,
                38.917152583429186
              ],
              [
                73.76464131941559,
                38.941264633348574
              ],
              [
                73.73936573760206,
                38.933816404985144
              ],
              [
                73.70612166815792,
                38.893354935428825
              ],
              [
                73.69628061798875,
                38.85797955625185
              ],
              [
                73.72643411708421,
                38.83744458950531
              ],
              [
                73.76588043790115,
                38.775913159850646
              ],
              [
                73.75416411693212,
                38.71992140566997
              ],
              [
                73.80601422261094,
                38.63450915409979
              ],
              [
                73.79613217692551,
                38.61112156598739
              ],
              [
                73.84926224166432,
                38.584561900055824
              ],
              [
                73.89616679446281,
                38.57946283822269
              ],
              [
                73.92327188783779,
                38.53640345570105
              ],
              [
                74.0086833981503,
                38.52496041540452
              ],
              [
                74.03140771617775,
                38.541747540769855
              ],
              [
                74.08738735179388,
                38.54212917259939
              ],
              [
                74.06522086878155,
                38.58565755186573
              ],
              [
                74.08492078999508,
                38.61089027674213
              ],
              [
                74.10957658298766,
                38.61135914068402
              ],
              [
                74.14475887517204,
                38.67682027709826
              ],
              [
                74.2268902221847,
                38.65639477022004
              ],
              [
                74.35057522392206,
                38.655792660621685
              ],
              [
                74.41891603297289,
                38.647812991981944
              ],
              [
                74.45286829021839,
                38.63291222887405
              ],
              [
                74.50355924632237,
                38.637725586904594
              ],
              [
                74.54435117004655,
                38.60791821029335
              ],
              [
                74.61093308925271,
                38.593473418192374
              ],
              [
                74.63737730376326,
                38.599989817332535
              ],
              [
                74.7148011872969,
                38.54231892416391
              ],
              [
                74.7819192459902,
                38.53857597596743
              ],
              [
                74.81893928007156,
                38.49134749163486
              ],
              [
                74.8602822294086,
                38.48439323308297
              ],
              [
                74.86583429539324,
                38.40425390152522
              ],
              [
                74.831285156694,
                38.36150734956255
              ],
              [
                74.78685923538947,
                38.32481739380396
              ],
              [
                74.80413359536378,
                38.285861284914844
              ],
              [
                74.79056083283389,
                38.27127522460108
              ],
              [
                74.81400886918489,
                38.215842826979944
              ],
              [
                74.80166837791924,
                38.167364153941435
              ],
              [
                74.81894942345912,
                38.10336282418991
              ],
              [
                74.87694118311558,
                38.02144610663506
              ],
              [
                74.92311190851086,
                38.017670149049614
              ],
              [
                74.9083518993423,
                37.967202749261574
              ],
              [
                74.91635066139885,
                37.90865704949247
              ],
              [
                74.93417882228147,
                37.876512992905226
              ],
              [
                74.91450677176066,
                37.84534498132272
              ],
              [
                74.98696502906527,
                37.79791174774608
              ],
              [
                75.00352442279322,
                37.77089737750764
              ],
              [
                74.94646790179101,
                37.72562074491438
              ],
              [
                74.9206606220991,
                37.71761144932622
              ],
              [
                74.91820138112266,
                37.68493949568066
              ],
              [
                74.88927356404722,
                37.668367099938976
              ],
              [
                74.93787340285189,
                37.559303233623616
              ],
              [
                74.99801194043327,
                37.53067978340246
              ],
              [
                74.99923918358546,
                37.51169301271535
              ],
              [
                75.03236542867715,
                37.500680901534295
              ],
              [
                75.07536383108868,
                37.51104654786454
              ],
              [
                75.08766842846153,
                37.48682952498258
              ],
              [
                75.12647898479342,
                37.459306142352055
              ],
              [
                75.14992022816361,
                37.4142094856831
              ],
              [
                75.12278256940503,
                37.38803050578636
              ],
              [
                75.13696632387968,
                37.3552435593693
              ],
              [
                75.1227846136354,
                37.32240733239973
              ],
              [
                75.07536981725367,
                37.31811937454401
              ],
              [
                75.01519173478886,
                37.29397672560816
              ],
              [
                74.92435966696434,
                37.27802212363792
              ],
              [
                74.9083695091769,
                37.23375656073733
              ],
              [
                74.8134170447899,
                37.21697674046776
              ],
              [
                74.79737375566644,
                37.248380889427025
              ],
              [
                74.75113900794359,
                37.28118626720796
              ],
              [
                74.72467384326367,
                37.28310009074992
              ],
              [
                74.66321708471256,
                37.236064569525986
              ],
              [
                74.63986654100424,
                37.26181821367077
              ],
              [
                74.59618983073634,
                37.258524994099425
              ],
              [
                74.57585565562411,
                37.23185141126306
              ],
              [
                74.54253022777196,
                37.249418559446035
              ],
              [
                74.50854041421107,
                37.240281690127446
              ],
              [
                74.474537511291,
                37.19969543435072
              ],
              [
                74.48504821002682,
                37.16207791973474
              ],
              [
                74.46217734212334,
                37.1472378490152
              ],
              [
                74.4937051770762,
                37.11633213321618
              ],
              [
                74.49617868315087,
                37.07245029315846
              ],
              [
                74.52770603735057,
                37.08256125318726
              ],
              [
                74.56537522656868,
                37.0329999138101
              ],
              [
                74.61466046944393,
                37.04399100152802
              ],
              [
                74.63003529700265,
                37.06688541077889
              ],
              [
                74.70623197504369,
                37.08488556103962
              ],
              [
                74.73637058807057,
                37.028536768620285
              ],
              [
                74.78997603657464,
                37.02761175709923
              ],
              [
                74.80416504361648,
                37.05484404103314
              ],
              [
                74.84427681150284,
                37.05730356818016
              ],
              [
                74.84119230940925,
                37.013853920214316
              ],
              [
                74.8671018754881,
                36.990967143546214
              ],
              [
                74.89113870161243,
                36.940334797463386
              ],
              [
                74.93604502515564,
                36.94365116611235
              ],
              [
                74.92498159190777,
                36.97855192719739
              ],
              [
                75.00293260493676,
                36.995082048757425
              ],
              [
                75.02931088088077,
                37.016976373348676
              ],
              [
                75.06001205012753,
                37.0064038948068
              ],
              [
                75.16906204432884,
                37.01410696621527
              ],
              [
                75.16535957481166,
                36.99212982538833
              ],
              [
                75.24183111433489,
                36.963562929160304
              ],
              [
                75.28551470102127,
                36.9750028884079
              ],
              [
                75.34265573615515,
                36.96104497031539
              ],
              [
                75.41032676676703,
                36.9547759889668
              ],
              [
                75.39308243060161,
                36.90457637308222
              ],
              [
                75.42697642537091,
                36.87350195342754
              ],
              [
                75.43129540026172,
                36.83330980041303
              ],
              [
                75.42266176227135,
                36.77918779461718
              ],
              [
                75.45537548844857,
                36.72125856856261
              ],
              [
                75.50172885427776,
                36.74391653340137
              ],
              [
                75.53387034005996,
                36.730585258177136
              ],
              [
                75.53448706660174,
                36.77371545074177
              ],
              [
                75.5857101228514,
                36.76325136377921
              ],
              [
                75.63126668598655,
                36.77232947337411
              ],
              [
                75.72103460641739,
                36.7510988364383
              ],
              [
                75.80427109828462,
                36.708477853644695
              ],
              [
                75.86849349773311,
                36.66733912113476
              ],
              [
                75.94426153528498,
                36.59146987883457
              ],
              [
                75.9215025959257,
                36.56700646567836
              ],
              [
                75.98910585176195,
                36.50629577103551
              ],
              [
                76.03209323787304,
                36.40994120364234
              ],
              [
                75.98849592745343,
                36.352751273733894
              ],
              [
                75.99586535365009,
                36.31272473523652
              ],
              [
                76.05237900657475,
                36.25325151211138
              ],
              [
                76.05791480829558,
                36.22573525518905
              ],
              [
                76.00876037150844,
                36.22971676710752
              ],
              [
                76.01367483433488,
                36.165965982025654
              ],
              [
                75.965165753871,
                36.15982899207087
              ],
              [
                75.93381916177252,
                36.13573758456347
              ],
              [
                75.94673379398012,
                36.07093261315692
              ],
              [
                75.97990825110169,
                36.03214629876038
              ],
              [
                76.02534753771265,
                36.01749439952417
              ],
              [
                76.04132067494507,
                36.02761638918258
              ],
              [
                76.09424205479212,
                36.0231974114449
              ],
              [
                76.11397296423408,
                35.9757650343856
              ],
              [
                76.16212834405286,
                35.909469806444044
              ],
              [
                76.14360251871418,
                35.84059374036579
              ],
              [
                76.15718992438445,
                35.82509574858798
              ],
              [
                76.21893794641758,
                35.82422538912825
              ],
              [
                76.22572322149264,
                35.83781348789786
              ],
              [
                76.29592941402838,
                35.84214397144979
              ],
              [
                76.36294812330395,
                35.825049348770676
              ],
              [
                76.3666373870279,
                35.86384372400564
              ],
              [
                76.42886352344473,
                35.85220302175532
              ],
              [
                76.46900993280352,
                35.88670855299498
              ],
              [
                76.51290766566048,
                35.881989421447734
              ],
              [
                76.55553888500759,
                35.92425582119737
              ],
              [
                76.59500600920646,
                35.896667932715175
              ],
              [
                76.57713325392957,
                35.86757504320897
              ],
              [
                76.58514868998707,
                35.841393112336895
              ],
              [
                76.56356449103299,
                35.82003032713921
              ],
              [
                76.59131197391088,
                35.772981154907114
              ],
              [
                76.69032041129486,
                35.748576717498175
              ],
              [
                76.76663403103024,
                35.65476898502254
              ],
              [
                76.84623227339895,
                35.66898720540723
              ],
              [
                76.90418579891832,
                35.616051345752595
              ],
              [
                76.96442748084111,
                35.592616941821014
              ],
              [
                76.99511060710257,
                35.61198177314004
              ],
              [
                77.06941111791451,
                35.591863188555386
              ],
              [
                77.0903333434499,
                35.57044475144494
              ],
              [
                77.19273389174582,
                35.519964478358524
              ],
              [
                77.30482867094499,
                35.541373458243555
              ],
              [
                77.3287977693874,
                35.53159462540586
              ],
              [
                77.35215651270501,
                35.495040282883124
              ],
              [
                77.39399757832271,
                35.468701192759795
              ],
              [
                77.44889599816878,
                35.46144720684969
              ],
              [
                77.51628368354739,
                35.48306257678649
              ],
              [
                77.57558639473419,
                35.476850953371255
              ],
              [
                77.58792104467466,
                35.46127246409461
              ],
              [
                77.63718256233649,
                35.455879796359554
              ],
              [
                77.65501785637608,
                35.478742112031526
              ],
              [
                77.68822432337389,
                35.44945472602688
              ],
              [
                77.73315007532565,
                35.46255086408261
              ],
              [
                77.7553344822986,
                35.49809887271908
              ],
              [
                77.79483017041456,
                35.49229336824426
              ],
              [
                77.81397903858624,
                35.519589567368634
              ],
              [
                77.85413595359735,
                35.488502522938575
              ],
              [
                77.86833748514822,
                35.496312885463055
              ],
              [
                77.91274210318132,
                35.46613459580852
              ],
              [
                77.91520572029948,
                35.49194485325762
              ],
              [
                77.9490511847896,
                35.47972161486498
              ],
              [
                78.00741758152773,
                35.492707269382244
              ],
              [
                78.02707581439743,
                35.47024943607505
              ],
              [
                78.04612903776962,
                35.49211789877523
              ],
              [
                78.1379551486739,
                35.49550643244712
              ],
              [
                78.11141265378666,
                35.46771861688256
              ],
              [
                78.10462856738873,
                35.437999048647264
              ],
              [
                78.04428678523512,
                35.384931786797935
              ],
              [
                78.01110501608076,
                35.366979535682525
              ],
              [
                78.01847713415364,
                35.31623131311629
              ],
              [
                78.01479390379772,
                35.229354175614716
              ],
              [
                78.05782188875324,
                35.181376258932765
              ],
              [
                78.06028358430363,
                35.11586859559156
              ],
              [
                78.07628834450853,
                35.10117652887176
              ],
              [
                78.12252833138218,
                35.10949669075715
              ],
              [
                78.14846433720147,
                35.07088868021237
              ],
              [
                78.1206781529998,
                35.03806162520636
              ],
              [
                78.15835000896537,
                34.99209359354964
              ],
              [
                78.19973958280966,
                34.97600410053403
              ],
              [
                78.17997456060532,
                34.938243191573214
              ],
              [
                78.20406319537211,
                34.89318367597458
              ],
              [
                78.23553615943425,
                34.88389618709696
              ],
              [
                78.22875369863584,
                34.777891211705274
              ],
              [
                78.21209155839273,
                34.762158565451735
              ],
              [
                78.21085862394251,
                34.71941287530602
              ],
              [
                78.26512075310764,
                34.70714348788107
              ],
              [
                78.26327391553104,
                34.653055946359565
              ],
              [
                78.27866754261989,
                34.62500041311254
              ],
              [
                78.34386191542131,
                34.60569584006159
              ],
              [
                78.39494167159114,
                34.60711479877812
              ],
              [
                78.4251529352648,
                34.59580619738383
              ],
              [
                78.43379521442925,
                34.54559067394886
              ],
              [
                78.49064669673213,
                34.58020006574898
              ],
              [
                78.54072070874632,
                34.57640046900859
              ],
              [
                78.55801233913225,
                34.55919871581642
              ],
              [
                78.5610995919423,
                34.51486542809118
              ],
              [
                78.57960667639287,
                34.50749440829193
              ],
              [
                78.63317408221648,
                34.53999253161972
              ],
              [
                78.70632009092964,
                34.52409890784514
              ],
              [
                78.7130844051494,
                34.503885748585255
              ],
              [
                78.75678857420552,
                34.483653524011
              ],
              [
                78.74077487506678,
                34.45653338215554
              ],
              [
                78.80735974075687,
                34.43488849209115
              ],
              [
                78.87646961645251,
                34.39355025569379
              ],
              [
                78.89803717990992,
                34.35702795354606
              ],
              [
                78.95706645085615,
                34.38806104077653
              ],
              [
                78.97118626843873,
                34.364820411174094
              ],
              [
                79.03745915152159,
                34.33647975079529
              ],
              [
                79.01781844255311,
                34.31528870576556
              ],
              [
                78.97977833316239,
                34.3203436454995
              ],
              [
                78.95645482399522,
                34.23290670568148
              ],
              [
                78.93925604998718,
                34.214143302934005
              ],
              [
                78.92388771366147,
                34.15774372870044
              ],
              [
                78.90850701828477,
                34.145376305975205
              ],
              [
                78.8764729718534,
                34.165171229837554
              ],
              [
                78.82711535106512,
                34.12746161625069
              ],
              [
                78.79995949054225,
                34.13929889912195
              ],
              [
                78.73524090304382,
                34.09170192222763
              ],
              [
                78.65961435755506,
                34.08884065697382
              ],
              [
                78.65469883506672,
                34.03233980814407
              ],
              [
                78.73462678737862,
                34.00196588831502
              ],
              [
                78.74263011290425,
                33.98261458706595
              ],
              [
                78.7321659031711,
                33.920574381378856
              ],
              [
                78.7604945344835,
                33.911634748393844
              ],
              [
                78.75433404669694,
                33.8793486539662
              ],
              [
                78.76419394103567,
                33.82518716584239
              ],
              [
                78.7561838913616,
                33.79286837086187
              ],
              [
                78.77775847271373,
                33.73468439339459
              ],
              [
                78.69034939425289,
                33.67848201052829
              ],
              [
                78.68297455643102,
                33.656585733261906
              ],
              [
                78.71125346016306,
                33.62515976388561
              ],
              [
                78.75310597571102,
                33.62513497948054
              ],
              [
                78.74017398318486,
                33.55536549359584
              ],
              [
                78.814780534457,
                33.483117795279234
              ],
              [
                78.84810994507599,
                33.422288714175345
              ],
              [
                78.89497074635037,
                33.41484888957342
              ],
              [
                78.94786981658193,
                33.378842285950014
              ],
              [
                78.96629179229619,
                33.33683190335183
              ],
              [
                79.02029131953617,
                33.32567850166126
              ],
              [
                79.03932156002163,
                33.270636362635905
              ],
              [
                79.08173176602645,
                33.24756490696851
              ],
              [
                79.07004498427119,
                33.23056720299479
              ],
              [
                79.10697613243185,
                33.20253360570918
              ],
              [
                79.15014158236539,
                33.18656936658597
              ],
              [
                79.16001532524518,
                33.16806523772733
              ],
              [
                79.13718656472227,
                33.11995269574312
              ],
              [
                79.16063539047413,
                33.014238525718966
              ],
              [
                79.20259756095777,
                32.96715795024933
              ],
              [
                79.2537503458112,
                32.945111151372544
              ],
              [
                79.22541481932409,
                32.89288764914143
              ],
              [
                79.2358919017813,
                32.84868562284975
              ],
              [
                79.22295075634204,
                32.786847256766734
              ],
              [
                79.2734450481555,
                32.781313797608284
              ],
              [
                79.29926935395851,
                32.7314771765655
              ],
              [
                79.27098594188358,
                32.68067292364152
              ],
              [
                79.29742689041791,
                32.63984305195488
              ],
              [
                79.30603282675504,
                32.59951579530464
              ],
              [
                79.27037270883923,
                32.56376935093901
              ],
              [
                79.250063212741,
                32.51939099250183
              ],
              [
                79.18841485821177,
                32.51428738913904
              ],
              [
                79.17792450774891,
                32.49559669780221
              ],
              [
                79.13349848057172,
                32.47482343225995
              ],
              [
                79.12239965876552,
                32.418755326585114
              ],
              [
                79.10083224275621,
                32.372251871996774
              ],
              [
                79.06575648191583,
                32.38339083944621
              ],
              [
                79.00373889620961,
                32.377980486856536
              ],
              [
                78.96876235111138,
                32.33460474819698
              ],
              [
                78.90237452201555,
                32.37767849403948
              ],
              [
                78.87094858937898,
                32.407982740992765
              ],
              [
                78.80862464369662,
                32.43919668165892
              ],
              [
                78.78024376260223,
                32.483081573094296
              ],
              [
                78.75866795589597,
                32.56631028714416
              ],
              [
                78.77962611131119,
                32.610687353485744
              ],
              [
                78.74018799473949,
                32.657526509176854
              ],
              [
                78.73957152186416,
                32.70636874996938
              ],
              [
                78.68421816958023,
                32.6827739043874
              ],
              [
                78.6731558095829,
                32.66114034825073
              ],
              [
                78.62643503773405,
                32.6330095248848
              ],
              [
                78.58703007803472,
                32.640584286472134
              ],
              [
                78.57593297414596,
                32.61790390999065
              ],
              [
                78.5166467099548,
                32.608713019324455
              ],
              [
                78.49809903361684,
                32.58345487059422
              ],
              [
                78.4227236721107,
                32.56815649270026
              ],
              [
                78.393133745461,
                32.532841553278644
              ],
              [
                78.42395881696,
                32.50510348339947
              ],
              [
                78.47089833189662,
                32.43805157089261
              ],
              [
                78.45668478889101,
                32.38244033359885
              ],
              [
                78.48140884352665,
                32.35975852928831
              ],
              [
                78.47893609657697,
                32.33194151850764
              ],
              [
                78.50675930847275,
                32.30066368739122
              ],
              [
                78.47337430303077,
                32.2393276771637
              ],
              [
                78.42828256018325,
                32.214928645125745
              ],
              [
                78.42766570644866,
                32.19720076924114
              ],
              [
                78.46781246264189,
                32.13039195136683
              ],
              [
                78.50799815303354,
                32.14976973147439
              ],
              [
                78.52530829462904,
                32.117376637098566
              ],
              [
                78.60736412783305,
                32.05560111023458
              ],
              [
                78.6055182029457,
                32.02667737285704
              ],
              [
                78.70328412765954,
                31.99150296748282
              ],
              [
                78.76052485917627,
                31.949826287919596
              ],
              [
                78.7666887372355,
                31.92900130823831
              ],
              [
                78.73773755967864,
                31.88783476739656
              ],
              [
                78.66333338438275,
                31.854388796270417
              ],
              [
                78.65288492885925,
                31.82186095014881
              ],
              [
                78.70451691694282,
                31.781068650911976
              ],
              [
                78.76114516142047,
                31.671068065384645
              ],
              [
                78.79691093109754,
                31.67823673082851
              ],
              [
                78.80493274753212,
                31.64360830894621
              ],
              [
                78.84381453943212,
                31.612593335778378
              ],
              [
                78.83208879778245,
                31.58759383803144
              ],
              [
                78.77779138369661,
                31.547734027425737
              ],
              [
                78.73835828000425,
                31.535478900210492
              ],
              [
                78.72789551335836,
                31.480894761161228
              ],
              [
                78.75375448719635,
                31.48088737681189
              ],
              [
                78.79012730254972,
                31.438553011681897
              ],
              [
                78.7580687997584,
                31.395120349344527
              ],
              [
                78.7531401192776,
                31.358339957501105
              ],
              [
                78.7932139674472,
                31.303693695815976
              ],
              [
                78.85739328031006,
                31.292048209633617
              ],
              [
                78.86356113709034,
                31.31557171800233
              ],
              [
                78.88267521021442,
                31.279806645280736
              ],
              [
                78.92208167376126,
                31.24963190274804
              ],
              [
                78.92884743034107,
                31.22353715250495
              ],
              [
                78.99578104640386,
                31.161457432048625
              ],
              [
                78.97246267544908,
                31.11851953452921
              ],
              [
                79.00805515230951,
                31.04669430081421
              ],
              [
                79.05717485107998,
                31.030683564509808
              ],
              [
                79.09469800571807,
                30.99476463849098
              ],
              [
                79.17980101828279,
                31.01845625634357
              ],
              [
                79.20386420798337,
                31.003117134583842
              ],
              [
                79.2254466667005,
                30.9518583637566
              ],
              [
                79.33002559055228,
                30.971768166283237
              ],
              [
                79.31404870253081,
                31.020508666159838
              ],
              [
                79.35583734612767,
                31.033758948330306
              ],
              [
                79.40259826006054,
                31.0742031704275
              ],
              [
                79.42231953970655,
                31.063966555711232
              ],
              [
                79.42478715446066,
                31.020920505356777
              ],
              [
                79.50384290349629,
                31.030334323901624
              ],
              [
                79.54894622872413,
                30.960719612767317
              ],
              [
                79.59581746557261,
                30.92896151976359
              ],
              [
                79.65856979736188,
                30.959672039396523
              ],
              [
                79.66656021132609,
                30.98324879557568
              ],
              [
                79.72744199030691,
                30.944173824768733
              ],
              [
                79.75638958795655,
                30.93954946121591
              ],
              [
                79.8335261868776,
                30.853939135345044
              ],
              [
                79.88906101352669,
                30.85812049507009
              ],
              [
                79.91124134350486,
                30.83603796994286
              ],
              [
                79.89892250886042,
                30.802136505570996
              ],
              [
                79.95921392922855,
                30.77431119810054
              ],
              [
                79.95368485064695,
                30.74142525996235
              ],
              [
                79.96842942751852,
                30.688931646527305
              ],
              [
                80.01202504546977,
                30.664620172737173
              ],
              [
                80.04150761172997,
                30.606375027573606
              ],
              [
                80.1412834132101,
                30.561025605813473
              ],
              [
                80.2122673233018,
                30.58896133674961
              ],
              [
                80.25972340396835,
                30.56940903448378
              ],
              [
                80.31999363617838,
                30.567266716235846
              ],
              [
                80.35564205619481,
                30.523404240835834
              ],
              [
                80.4282905182908,
                30.518744582213884
              ],
              [
                80.44433129728048,
                30.49815058082844
              ],
              [
                80.50301221575518,
                30.486448303525798
              ],
              [
                80.54748112367702,
                30.45201274568394
              ],
              [
                80.583247632014,
                30.46701833686843
              ],
              [
                80.63124441726183,
                30.461838789997795
              ],
              [
                80.69022398637448,
                30.41994881720477
              ],
              [
                80.71726469118393,
                30.41784443065461
              ],
              [
                80.81520133803059,
                30.324453500747698
              ],
              [
                80.90888253906918,
                30.305964560289507
              ],
              [
                80.93163102733985,
                30.269770159964892
              ],
              [
                80.994233072492,
                30.27065101149427
              ],
              [
                81.03226641297475,
                30.249864777084223
              ],
              [
                81.03594882573148,
                30.207971794849453
              ],
              [
                81.07956634259016,
                30.15409521336772
              ],
              [
                81.08325696033631,
                30.103365098037262
              ],
              [
                81.10787674959569,
                30.088348475974666
              ],
              [
                81.09371734782269,
                30.055715542141513
              ],
              [
                81.12944322858073,
                30.01895234953777
              ],
              [
                81.2231737683092,
                30.008736594738963
              ],
              [
                81.25396244732758,
                30.014965632454658
              ],
              [
                81.24534531813086,
                30.03569398569217
              ],
              [
                81.28040808971376,
                30.06416654499913
              ],
              [
                81.29085630519636,
                30.097815510047944
              ],
              [
                81.26687819410414,
                30.156335252075664
              ],
              [
                81.33324423313879,
                30.15261041523759
              ],
              [
                81.39102586817188,
                30.202201709100663
              ],
              [
                81.3947179882138,
                30.243570528180655
              ],
              [
                81.41627258464426,
                30.27303976796817
              ],
              [
                81.40333573377768,
                30.29473842153046
              ],
              [
                81.42490056584943,
                30.308186341992702
              ],
              [
                81.39717855144488,
                30.322120895816408
              ],
              [
                81.4033338558586,
                30.372213169880204
              ],
              [
                81.42983085753048,
                30.38204185233591
              ],
              [
                81.40394887606665,
                30.406796894841086
              ],
              [
                81.41565267322692,
                30.423314257535946
              ],
              [
                81.45142416500794,
                30.415111790783275
              ],
              [
                81.49218958858249,
                30.38425429000546
              ],
              [
                81.55333752041547,
                30.3725416024024
              ],
              [
                81.56382464281987,
                30.431909536996947
              ],
              [
                81.61064917714006,
                30.415931528426857
              ],
              [
                81.62787341911321,
                30.44996624744368
              ],
              [
                81.72131801687351,
                30.41060224531523
              ],
              [
                81.75641491695356,
                30.38839733307697
              ],
              [
                81.86995204684021,
                30.37617223402214
              ],
              [
                81.93708704821478,
                30.347759831871176
              ],
              [
                81.95183999942003,
                30.359091662562783
              ],
              [
                81.98869086780485,
                30.32593996760772
              ],
              [
                82.0193891583088,
                30.342375255199997
              ],
              [
                82.05748459752078,
                30.335056185663188
              ],
              [
                82.10180738924129,
                30.34896822622772
              ],
              [
                82.1301752341364,
                30.307153692728
              ],
              [
                82.11598875322981,
                30.281819340199583
              ],
              [
                82.11167322554546,
                30.22960559800059
              ],
              [
                82.13943421256633,
                30.203779909195376
              ],
              [
                82.18635454239121,
                30.188346329380394
              ],
              [
                82.20487191065591,
                30.146465143643866
              ],
              [
                82.18079924663522,
                30.124686042839294
              ],
              [
                82.17524440614623,
                30.07082461918607
              ],
              [
                82.24433805723815,
                30.074531538256068
              ],
              [
                82.30895022035457,
                30.038724605699162
              ],
              [
                82.33107893033491,
                30.048008040527915
              ],
              [
                82.36550915283618,
                30.016862552172753
              ],
              [
                82.40983596939917,
                30.01476823711161
              ],
              [
                82.42833372181916,
                29.9924977838098
              ],
              [
                82.4721718457734,
                29.97651918187564
              ],
              [
                82.49565517487744,
                29.95066303526694
              ],
              [
                82.5586596647364,
                29.958600601217615
              ],
              [
                82.60672914936633,
                29.88964085519122
              ],
              [
                82.64117331701881,
                29.871960429393
              ],
              [
                82.621497792986,
                29.837730161612253
              ],
              [
                82.70139876231842,
                29.850572813895898
              ],
              [
                82.73522781573868,
                29.809523822806455
              ],
              [
                82.6891077865694,
                29.769070038850032
              ],
              [
                82.75493122198087,
                29.7648567898823
              ],
              [
                82.77156831966943,
                29.72953778452035
              ],
              [
                82.8141260982768,
                29.72024437104268
              ],
              [
                82.82831976846921,
                29.690645887546314
              ],
              [
                82.88321113957467,
                29.69228502723264
              ],
              [
                82.9459673172326,
                29.707835779612076
              ],
              [
                82.96439122425129,
                29.662046702190437
              ],
              [
                83.00857636174695,
                29.6707563547718
              ],
              [
                83.08599009648911,
                29.607679972401744
              ],
              [
                83.12603447008307,
                29.626422054316127
              ],
              [
                83.15687926980338,
                29.62022875697551
              ],
              [
                83.16181715008197,
                29.598389926837957
              ],
              [
                83.21487745011994,
                29.6031606668866
              ],
              [
                83.26416251308686,
                29.574037806111622
              ],
              [
                83.27339366734128,
                29.50896985029862
              ],
              [
                83.32257738748905,
                29.505769073848487
              ],
              [
                83.38037567820828,
                29.424950311940115
              ],
              [
                83.413018987597,
                29.42338350143888
              ],
              [
                83.42041884940184,
                29.36397827776272
              ],
              [
                83.44757197143754,
                29.335865924709413
              ],
              [
                83.46116057713485,
                29.28895922367501
              ],
              [
                83.48958923960298,
                29.28329994339131
              ],
              [
                83.54644921988796,
                29.204657014203406
              ],
              [
                83.57545707631522,
                29.207310687974616
              ],
              [
                83.59395222335017,
                29.177559990944378
              ],
              [
                83.65365208531894,
                29.170709826689375
              ],
              [
                83.66471983449127,
                29.20358213991799
              ],
              [
                83.72500347721841,
                29.24785144716649
              ],
              [
                83.79776490959213,
                29.252582000314398
              ],
              [
                83.81814320763884,
                29.29748293419743
              ],
              [
                83.84902436949105,
                29.298061025129986
              ],
              [
                83.90947830370703,
                29.326790561213507
              ],
              [
                83.94702223824085,
                29.31579165699074
              ],
              [
                83.98451073768908,
                29.328210897990722
              ],
              [
                83.99986740360237,
                29.294786440262232
              ],
              [
                84.04964226625457,
                29.299869483342274
              ],
              [
                84.11431613513511,
                29.289397552827385
              ],
              [
                84.12789293397888,
                29.24297628852455
              ],
              [
                84.20076163356308,
                29.24310036824224
              ],
              [
                84.19520582180688,
                29.21334246397454
              ],
              [
                84.16864977163995,
                29.197633873735484
              ],
              [
                84.17420960089407,
                29.137068182671126
              ],
              [
                84.2050861446436,
                29.121972177150663
              ],
              [
                84.19026801533052,
                29.087462275086857
              ],
              [
                84.19212161935704,
                29.048263904925193
              ],
              [
                84.222367257631,
                29.052486184702136
              ],
              [
                84.24641710041571,
                29.033676518584755
              ],
              [
                84.2260711263992,
                28.95311573568328
              ],
              [
                84.23223979083616,
                28.89292469737324
              ],
              [
                84.26613367181356,
                28.898682173684413
              ],
              [
                84.32827092182325,
                28.86245555546705
              ],
              [
                84.33810935737105,
                28.870293194678293
              ],
              [
                84.40581482394172,
                28.85713197829714
              ],
              [
                84.40211821177863,
                28.83146275252186
              ],
              [
                84.43171964310332,
                28.827293097439608
              ],
              [
                84.44283231773075,
                28.76756295267376
              ],
              [
                84.48113901199368,
                28.738817225323373
              ],
              [
                84.55529113591938,
                28.750026519206635
              ],
              [
                84.61815454194041,
                28.73589330150097
              ],
              [
                84.64890563117223,
                28.718017904750294
              ],
              [
                84.6673460100717,
                28.684407433046097
              ],
              [
                84.69746458620806,
                28.675431418632094
              ],
              [
                84.69623663301586,
                28.63711582305352
              ],
              [
                84.77133376112165,
                28.61397507852501
              ],
              [
                84.8552428500386,
                28.571564334274512
              ],
              [
                84.89469725640951,
                28.591039641373275
              ],
              [
                84.97952867195643,
                28.589858232747613
              ],
              [
                84.99364274387139,
                28.615025391657674
              ],
              [
                85.05442073038442,
                28.677858617221457
              ],
              [
                85.12397842682732,
                28.679410767536222
              ],
              [
                85.15358681265738,
                28.64743931356763
              ],
              [
                85.19369777170078,
                28.627561747115713
              ],
              [
                85.18197499223744,
                28.590780577329316
              ],
              [
                85.1875289189422,
                28.548233405945986
              ],
              [
                85.15790997069689,
                28.49613796909972
              ],
              [
                85.10611011246523,
                28.46451830608428
              ],
              [
                85.12706838367109,
                28.38139176115146
              ],
              [
                85.11104244085134,
                28.348204428107277
              ],
              [
                85.17766070153898,
                28.327762826350927
              ],
              [
                85.20727423646227,
                28.34256057064667
              ],
              [
                85.27011082333718,
                28.286208066903978
              ],
              [
                85.3475648278447,
                28.30189031273724
              ],
              [
                85.37708171385972,
                28.2776087920196
              ],
              [
                85.4134116223062,
                28.324497369107945
              ],
              [
                85.45660068335275,
                28.33615205104436
              ],
              [
                85.51839461424807,
                28.330532571440543
              ],
              [
                85.60046311862925,
                28.299571679230468
              ],
              [
                85.5992319937736,
                28.257936122626482
              ],
              [
                85.64845643551406,
                28.28740050289259
              ],
              [
                85.68042287260982,
                28.37951877031619
              ],
              [
                85.71855386355988,
                28.375774522746642
              ],
              [
                85.75119283392897,
                28.231388323793354
              ],
              [
                85.78942716226396,
                28.199247395665356
              ],
              [
                85.85239840119375,
                28.176145981930645
              ],
              [
                85.86967864165531,
                28.128674670421955
              ],
              [
                85.89681017139588,
                28.10546408417074
              ],
              [
                85.89927616222887,
                28.057406207600486
              ],
              [
                85.97800246813244,
                27.98805818472825
              ],
              [
                85.947282362749,
                27.941080353340844
              ],
              [
                86.00011127401453,
                27.910790092720426
              ],
              [
                86.05171476109315,
                27.904305626614892
              ],
              [
                86.12315401710684,
                27.926493812652456
              ],
              [
                86.08062764088017,
                28.02164173033105
              ],
              [
                86.08432070907375,
                28.09347795471924
              ],
              [
                86.1262352012014,
                28.0903261848946
              ],
              [
                86.13795864998009,
                28.118324605919145
              ],
              [
                86.18919605159668,
                28.170665448461836
              ],
              [
                86.22190099794688,
                28.096286505909664
              ],
              [
                86.20401103475939,
                28.087816776039233
              ],
              [
                86.22991921760375,
                27.97794607385071
              ],
              [
                86.2711893771864,
                27.98058512622891
              ],
              [
                86.30686422002604,
                27.954100945535256
              ],
              [
                86.39111158902458,
                27.930178566975307
              ],
              [
                86.41267069040725,
                27.90796603293016
              ],
              [
                86.44783004554131,
                27.912244527128657
              ],
              [
                86.47376676779693,
                27.948270727982745
              ],
              [
                86.51269471530065,
                27.958431185328106
              ],
              [
                86.51145803407537,
                28.000189423708026
              ],
              [
                86.53554730006478,
                28.048339340302316
              ],
              [
                86.55653417836312,
                28.051553913394667
              ],
              [
                86.56701930578964,
                28.107021861513815
              ],
              [
                86.59906020132266,
                28.101760483017856
              ],
              [
                86.60952425626422,
                28.073768692452987
              ],
              [
                86.64580407113735,
                28.07319717153892
              ],
              [
                86.66055026254799,
                28.09587793340552
              ],
              [
                86.69802936669888,
                28.105313350671928
              ],
              [
                86.74600240230288,
                28.093124643931887
              ],
              [
                86.7663258949673,
                28.073063820470317
              ],
              [
                86.75462328963765,
                28.036609563187714
              ],
              [
                86.82552368955965,
                28.0160935962134
              ],
              [
                86.86253067223187,
                28.026196883188362
              ],
              [
                86.88348601947983,
                27.999796101852485
              ],
              [
                86.92472087246075,
                27.989744951380548
              ],
              [
                86.93332675185343,
                27.959071913487758
              ],
              [
                87.0327545438951,
                27.949821223828426
              ],
              [
                87.0782200235266,
                27.91430858984928
              ],
              [
                87.11577427970957,
                27.843936775338868
              ],
              [
                87.17127556496301,
                27.82178984596201
              ],
              [
                87.2255418429995,
                27.81657695651203
              ],
              [
                87.24709918052248,
                27.843053610618814
              ],
              [
                87.27847821413106,
                27.848857744528928
              ],
              [
                87.31474162349089,
                27.83027568224746
              ],
              [
                87.36144302503607,
                27.827544913852915
              ],
              [
                87.41930155114251,
                27.86034055114411
              ],
              [
                87.41560492215334,
                27.829109806406887
              ],
              [
                87.45693838476582,
                27.8244114643752
              ],
              [
                87.57859486506031,
                27.86334034602379
              ],
              [
                87.59584947320376,
                27.81835537175942
              ],
              [
                87.6678210757737,
                27.83573598508535
              ],
              [
                87.66597732451474,
                27.813505516044877
              ],
              [
                87.72501445911814,
                27.80653009779837
              ],
              [
                87.77553762110499,
                27.863702964181986
              ],
              [
                87.77985523488874,
                27.894396436315706
              ],
              [
                87.82429583442514,
                27.93149545393709
              ],
              [
                87.92851267318103,
                27.91305702065648
              ],
              [
                87.98014456890327,
                27.888078043286814
              ],
              [
                88.03480894111667,
                27.905377820874207
              ],
              [
                88.08833062750591,
                27.888898625415152
              ],
              [
                88.1092857207611,
                27.868265438147553
              ],
              [
                88.13519704140347,
                27.88204981860395
              ],
              [
                88.11791843019046,
                27.918532475716045
              ],
              [
                88.15433268292593,
                27.96141842215009
              ],
              [
                88.2012587417508,
                27.94669751220053
              ],
              [
                88.2401192664206,
                27.971055691198448
              ],
              [
                88.25182831562579,
                27.94303299315223
              ],
              [
                88.355175523273,
                27.98993905693026
              ],
              [
                88.39887700686096,
                27.98038552034705
              ],
              [
                88.4309378955187,
                28.006305759478856
              ],
              [
                88.46675260084125,
                28.01324943387905
              ],
              [
                88.4958001912257,
                28.044506905872783
              ],
              [
                88.55202676175648,
                28.031446608977475
              ],
              [
                88.5631347287305,
                28.086928825749965
              ],
              [
                88.61858771287844,
                28.095389689423907
              ],
              [
                88.64319006655191,
                28.11489289807819
              ],
              [
                88.6739252771492,
                28.072064625813706
              ],
              [
                88.76190828228664,
                28.07198091392051
              ],
              [
                88.81001738995589,
                28.021854918138843
              ],
              [
                88.84087675278055,
                28.00975800378364
              ],
              [
                88.84458178442169,
                27.92517372730831
              ],
              [
                88.86247411239502,
                27.925202042457695
              ],
              [
                88.88652244708,
                27.850626681054976
              ],
              [
                88.86124275124983,
                27.81566376598584
              ],
              [
                88.86864649724939,
                27.74682826340078
              ],
              [
                88.84828941913362,
                27.714478929480347
              ],
              [
                88.85014063948516,
                27.674733427208817
              ],
              [
                88.81434664486453,
                27.644980215024862
              ],
              [
                88.81126136435269,
                27.610507226534065
              ],
              [
                88.76869983277628,
                27.567482492743704
              ],
              [
                88.79583720035528,
                27.525063379070417
              ],
              [
                88.78103375751209,
                27.470896204684067
              ],
              [
                88.80694669318018,
                27.4093269589613
              ],
              [
                88.83595426846676,
                27.381752983441732
              ],
              [
                88.86557046086693,
                27.385520528380535
              ],
              [
                88.89947086741502,
                27.331335131276678
              ],
              [
                88.91855530396495,
                27.329200644224752
              ],
              [
                88.90993951431066,
                27.276567032169343
              ],
              [
                88.94007998861298,
                27.265364480433288
              ],
              [
                88.98246090107887,
                27.212593165684247
              ],
              [
                89.0653689350027,
                27.243771234932527
              ],
              [
                89.075209629063,
                27.290564293622477
              ],
              [
                89.15040282913928,
                27.32251185934898
              ],
              [
                89.18064566551536,
                27.37731231582047
              ],
              [
                89.13003865105438,
                27.444690678401212
              ],
              [
                89.09305563545246,
                27.474935216067873
              ],
              [
                89.10660707095387,
                27.541288690279547
              ],
              [
                89.16088869362792,
                27.577969571429776
              ],
              [
                89.12633318265523,
                27.614513316501114
              ],
              [
                89.12941680358735,
                27.636789596900254
              ],
              [
                89.18249003529164,
                27.67717170419187
              ],
              [
                89.23676787548297,
                27.800148105748207
              ],
              [
                89.29340110089171,
                27.851991067090985
              ],
              [
                89.3733380386724,
                27.879373364584175
              ],
              [
                89.44113648801246,
                27.97195309465136
              ],
              [
                89.45966434942527,
                28.035412749367424
              ],
              [
                89.50911836137105,
                28.089958881531967
              ],
              [
                89.53940632643581,
                28.092151676924956
              ],
              [
                89.60357552268637,
                28.165591519676653
              ],
              [
                89.71802939624499,
                28.173865404884847
              ],
              [
                89.77720421922128,
                28.20076856995509
              ],
              [
                89.78769704600265,
                28.244550310137786
              ],
              [
                89.8673739481476,
                28.225174999054953
              ],
              [
                89.90007376233875,
                28.185638770874803
              ],
              [
                89.97454073059984,
                28.192908041881882
              ],
              [
                90.01570963579367,
                28.16640552329548
              ],
              [
                90.03168938130987,
                28.140502933473638
              ],
              [
                90.07106068286518,
                28.15889925762165
              ],
              [
                90.10125441010247,
                28.1451642489295
              ],
              [
                90.12284671934921,
                28.194248030153805
              ],
              [
                90.16484240218276,
                28.191148482088536
              ],
              [
                90.18831840883182,
                28.16534006790906
              ],
              [
                90.23029815022645,
                28.148507537054762
              ],
              [
                90.29560171912695,
                28.15744551750011
              ],
              [
                90.3657321129271,
                28.092393484964223
              ],
              [
                90.38235400533392,
                28.06438595781879
              ],
              [
                90.43537977336348,
                28.066519037762088
              ],
              [
                90.4780123397085,
                28.04812682292223
              ],
              [
                90.5126372770689,
                28.065660879564653
              ],
              [
                90.5682354282637,
                28.047825550797707
              ],
              [
                90.5904371757217,
                28.025124839331557
              ],
              [
                90.70055630147614,
                28.07991770676119
              ],
              [
                90.73993883055856,
                28.056638414975826
              ],
              [
                90.80097529091007,
                28.044005590171047
              ],
              [
                90.8052962364389,
                28.0186515505577
              ],
              [
                90.85220670009632,
                27.97275230678189
              ],
              [
                90.89537358382971,
                27.950061934994054
              ],
              [
                90.96057483196667,
                27.957387033575667
              ],
              [
                90.97531375009969,
                27.939369570170367
              ],
              [
                90.96364701847357,
                27.903963184747376
              ],
              [
                91.02442468447403,
                27.860929301677338
              ],
              [
                91.11176642490723,
                27.84970975426943
              ],
              [
                91.15370814893001,
                27.897916095639694
              ],
              [
                91.14630236083737,
                27.931227713400524
              ],
              [
                91.16111364895406,
                27.97196858863798
              ],
              [
                91.21480029931588,
                27.992674693597564
              ],
              [
                91.25054911322489,
                27.97419378929547
              ],
              [
                91.30837942153806,
                28.06132390493101
              ],
              [
                91.46357192815665,
                28.006334242038324
              ],
              [
                91.488910505292,
                27.97521895454591
              ],
              [
                91.48520297762185,
                27.940840590489717
              ],
              [
                91.55132787529513,
                27.910872876357192
              ],
              [
                91.61052419868003,
                27.895044003432563
              ],
              [
                91.6179134112838,
                27.860645157567152
              ],
              [
                91.55997173060214,
                27.8590374921277
              ],
              [
                91.54330108664561,
                27.82407101484226
              ],
              [
                91.60929471258171,
                27.823071439207308
              ],
              [
                91.6412959679997,
                27.770084344589794
              ],
              [
                91.62160860761142,
                27.695938020439453
              ],
              [
                91.56984885605479,
                27.65458980338208
              ],
              [
                91.56121012747958,
                27.63124807642721
              ],
              [
                91.58156886153145,
                27.602633286583487
              ],
              [
                91.56367984229908,
                27.58564044801869
              ],
              [
                91.58403635263997,
                27.544278437399296
              ],
              [
                91.62592002035147,
                27.512951802619614
              ],
              [
                91.66220941606976,
                27.510770976546468
              ],
              [
                91.71756460519161,
                27.470861637297148
              ],
              [
                91.7526688115879,
                27.466064886925476
              ],
              [
                91.83845568187347,
                27.493256893350953
              ],
              [
                91.94571352595743,
                27.467796558880885
              ],
              [
                92.00961038969395,
                27.478241797828566
              ],
              [
                92.02066743049359,
                27.44794249277699
              ],
              [
                92.06369804293014,
                27.3947271175359
              ],
              [
                92.12469776203072,
                27.276711807167818
              ],
              [
                92.09017196494645,
                27.267655947003444
              ],
              [
                92.06985364551727,
                27.241075138741373
              ],
              [
                92.06001022591597,
                27.19373322694748
              ],
              [
                92.03111666063356,
                27.17144122443301
              ],
              [
                92.02558841341583,
                27.111822332378335
              ],
              [
                92.04279568649198,
                27.05637725598558
              ],
              [
                92.0747815673844,
                27.04459999127411
              ],
              [
                92.12346930125481,
                26.963572469106587
              ],
              [
                92.10805174327265,
                26.858448995217575
              ],
              [
                92.19693657336667,
                26.873529980480402
              ],
              [
                92.28507129426067,
                26.895967246910377
              ],
              [
                92.40379205868264,
                26.9059435507902
              ],
              [
                92.49576751497129,
                26.925324677322557
              ],
              [
                92.54827880029958,
                26.945204364839714
              ],
              [
                92.64620531983594,
                26.956410853404012
              ],
              [
                92.68123374021235,
                26.951546008536493
              ],
              [
                92.80188839932353,
                26.898702249525872
              ],
              [
                92.90855157631754,
                26.918046002069786
              ],
              [
                93.04917850520219,
                26.88730912978898
              ],
              [
                93.11007670583592,
                26.883526193843842
              ],
              [
                93.23156139514377,
                26.91038247874205
              ],
              [
                93.56676531535257,
                26.942025758506166
              ],
              [
                93.62405855388671,
                26.959097391030944
              ],
              [
                93.745850703115,
                27.019175485985098
              ],
              [
                93.81617309757883,
                27.028841982600657
              ],
              [
                93.84087173637928,
                27.04967267812681
              ],
              [
                93.84827810762206,
                27.17217992835627
              ],
              [
                93.96961453689102,
                27.30885109241752
              ],
              [
                94.05562498031294,
                27.378778607120328
              ],
              [
                94.14621892203742,
                27.461651701325195
              ],
              [
                94.21968397577221,
                27.539806895157334
              ],
              [
                94.27637535353098,
                27.584905787381338
              ],
              [
                94.35202090518678,
                27.58212695789186
              ],
              [
                94.39879570972253,
                27.592689436951677
              ],
              [
                94.4425808621888,
                27.588484191372014
              ],
              [
                94.47717300953973,
                27.605539672255933
              ],
              [
                94.52414674078004,
                27.599842863060438
              ],
              [
                94.65970980302149,
                27.65397215441674
              ],
              [
                94.7218031175175,
                27.687264674875298
              ],
              [
                94.78031717386831,
                27.702637827721272
              ],
              [
                94.8358496005871,
                27.732402418242124
              ],
              [
                94.88519576714226,
                27.746775113353582
              ],
              [
                94.94673485717647,
                27.79598873668076
              ],
              [
                95.0142691525135,
                27.832333996686764
              ],
              [
                95.06586827498624,
                27.84385931166779
              ],
              [
                95.28528916328571,
                27.943458121766724
              ],
              [
                95.32771093676952,
                28.02109090107854
              ],
              [
                95.35168649967305,
                28.044294732894215
              ],
              [
                95.3707512676526,
                28.113449736900627
              ],
              [
                95.3959891508465,
                28.145630828429752
              ],
              [
                95.43668209662341,
                28.165183027249185
              ],
              [
                95.52752493851717,
                28.186525718317938
              ],
              [
                95.67358124565669,
                28.257722762936464
              ],
              [
                95.73942901124461,
                28.278717583666296
              ],
              [
                95.78691557063765,
                28.273998093498527
              ],
              [
                95.83138102956121,
                28.298842365480606
              ],
              [
                95.87398869282208,
                28.301543632087885
              ],
              [
                95.89927994204592,
                28.28206189674084
              ],
              [
                95.90729303824573,
                28.24516197972953
              ],
              [
                95.93561978391921,
                28.24408249437712
              ],
              [
                95.9884904427139,
                28.201767453971545
              ],
              [
                96.07394109427136,
                28.196813244208197
              ],
              [
                96.09735002206614,
                28.21578860563511
              ],
              [
                96.19365604451356,
                28.216447374103023
              ],
              [
                96.2750594687904,
                28.231780039297274
              ],
              [
                96.29783176895572,
                28.143652957215377
              ],
              [
                96.36671874861383,
                28.121890991820283
              ],
              [
                96.39811922153893,
                28.12186654841823
              ],
              [
                96.395038166745,
                28.14720281690384
              ],
              [
                96.42586188226925,
                28.165156317710355
              ],
              [
                96.46290853701056,
                28.146754166326133
              ],
              [
                96.4993785789836,
                28.070830836818338
              ],
              [
                96.53831606171792,
                28.07886210854779
              ],
              [
                96.62340164343924,
                28.0282125057303
              ],
              [
                96.63509015454461,
                27.99860524878045
              ],
              [
                96.6904165120678,
                27.95251428158348
              ],
              [
                96.71132116460099,
                27.960940782570802
              ],
              [
                96.78399122131576,
                27.935024892546185
              ],
              [
                96.80990176207834,
                27.89380634885705
              ],
              [
                96.84939747760426,
                27.878005855704433
              ],
              [
                96.90795719826747,
                27.888108765694774
              ],
              [
                96.97249637079486,
                27.86472203043644
              ],
              [
                97.00809402373959,
                27.81115612453712
              ],
              [
                97.04861369782186,
                27.81740154033648
              ],
              [
                97.06213308853219,
                27.745883512452583
              ],
              [
                97.09720058571737,
                27.74426609527745
              ],
              [
                97.10274197133224,
                27.783990520464318
              ],
              [
                97.16749006689705,
                27.81531277968318
              ],
              [
                97.25319645185299,
                27.895327539363972
              ],
              [
                97.30302051776687,
                27.916965833331016
              ],
              [
                97.32391622602272,
                27.88412864859206
              ],
              [
                97.38601120438756,
                27.88615144132581
              ],
              [
                97.37186030172452,
                27.91102903898282
              ],
              [
                97.37862521454662,
                27.973421379578987
              ],
              [
                97.4124877371905,
                28.01675340481055
              ],
              [
                97.37800883295903,
                28.03472745425397
              ],
              [
                97.3749331882712,
                28.06589833920585
              ],
              [
                97.32022582644018,
                28.05753813769218
              ],
              [
                97.30547565905606,
                28.074994583857706
              ],
              [
                97.3398893258758,
                28.10819763121243
              ],
              [
                97.32636913330107,
                28.13620037555078
              ],
              [
                97.35218088386739,
                28.153041442860875
              ],
              [
                97.36201602810286,
                28.202619185949963
              ],
              [
                97.34910575270999,
                28.2390277332693
              ],
              [
                97.39769967955048,
                28.242139203494002
              ],
              [
                97.40139409474438,
                28.283254955910248
              ],
              [
                97.42172775526438,
                28.300652965683135
              ],
              [
                97.46060386425673,
                28.27120747716872
              ],
              [
                97.46863257970604,
                28.306535813399673
              ],
              [
                97.51806890133318,
                28.331439146527764
              ],
              [
                97.48840371496038,
                28.350837875356863
              ],
              [
                97.48469588764634,
                28.38978995598706
              ],
              [
                97.49952654794518,
                28.432463052686867
              ],
              [
                97.52115589772562,
                28.44831064350805
              ],
              [
                97.50756099814858,
                28.46825962537372
              ],
              [
                97.52115506820275,
                28.499325455821737
              ],
              [
                97.56931484854547,
                28.545160670033074
              ],
              [
                97.60382928691826,
                28.518897433541973
              ],
              [
                97.63459848034536,
                28.535690447826287
              ],
              [
                97.6856250891337,
                28.523511192920996
              ],
              [
                97.73668320845191,
                28.4692877148644
              ],
              [
                97.73791594317704,
                28.399835019063786
              ],
              [
                97.76934011291556,
                28.377730374921462
              ],
              [
                97.8008030980929,
                28.330372624725218
              ],
              [
                97.84216487850095,
                28.33044767495135
              ],
              [
                97.87117034561345,
                28.365250904396888
              ],
              [
                97.9075391624241,
                28.366848703276915
              ],
              [
                98.0200050425904,
                28.257018184998618
              ],
              [
                98.00772505548247,
                28.217509252641328
              ],
              [
                98.0329039721345,
                28.190538536532305
              ],
              [
                98.05625466815157,
                28.205783222866135
              ],
              [
                98.08948049496072,
                28.1988892762822
              ],
              [
                98.09687162550031,
                28.16987312228508
              ],
              [
                98.13879965360697,
                28.145632192252503
              ],
              [
                98.15978474200153,
                28.104493040541477
              ],
              [
                98.13263286956712,
                27.99404145504058
              ],
              [
                98.14250596430801,
                27.95229221739662
              ],
              [
                98.18694918832125,
                27.94285463039098
              ],
              [
                98.20484663512946,
                27.8931649942201
              ],
              [
                98.16904857355198,
                27.85447519864479
              ],
              [
                98.2153353616405,
                27.814323047083704
              ],
              [
                98.23383480695725,
                27.694096754376574
              ],
              [
                98.28309223285054,
                27.65803701908182
              ],
              [
                98.31014664738599,
                27.58693558075291
              ],
              [
                98.31690934360641,
                27.522721007002975
              ],
              [
                98.33719044657151,
                27.512066733734557
              ],
              [
                98.38822790731739,
                27.51836680461625
              ],
              [
                98.42888480056821,
                27.552342881158925
              ],
              [
                98.42949957007475,
                27.656827059814873
              ],
              [
                98.44368620858768,
                27.668511834038494
              ],
              [
                98.4745557267683,
                27.637834402134157
              ],
              [
                98.53509122094617,
                27.624221220838944
              ],
              [
                98.55422412083712,
                27.64971511720359
              ],
              [
                98.58689872663017,
                27.59088988105983
              ],
              [
                98.583203449576,
                27.574973422616033
              ],
              [
                98.65025146915535,
                27.571211687649345
              ],
              [
                98.66192349595053,
                27.59028791917479
              ],
              [
                98.7061544203219,
                27.556786972412738
              ],
              [
                98.68465297079872,
                27.487826913210817
              ],
              [
                98.70431332005715,
                27.46549386552141
              ],
              [
                98.68649604023474,
                27.428880170153086
              ],
              [
                98.7024705560572,
                27.416105300225325
              ],
              [
                98.70615782118308,
                27.36562445659341
              ],
              [
                98.74059189221562,
                27.33370218572932
              ],
              [
                98.73444109108831,
                27.29064018479881
              ],
              [
                98.71660806306554,
                27.274702288955574
              ],
              [
                98.7227574262517,
                27.224693891741886
              ],
              [
                98.69571572725194,
                27.214621362185504
              ],
              [
                98.71353764325517,
                27.143270750041818
              ],
              [
                98.71230935354932,
                27.079362306677027
              ],
              [
                98.76522092816772,
                27.05430088952303
              ],
              [
                98.76214192754557,
                27.02178981085126
              ],
              [
                98.73198563739322,
                27.005802001194663
              ],
              [
                98.75660217463347,
                26.881515138487536
              ],
              [
                98.73014304052651,
                26.854832324710163
              ],
              [
                98.76153005466946,
                26.802498379389945
              ],
              [
                98.74552659699847,
                26.700428133237235
              ],
              [
                98.76953855828462,
                26.694018154230992
              ],
              [
                98.76214844272441,
                26.66406724283267
              ],
              [
                98.78124645269875,
                26.62449513436513
              ],
              [
                98.77262107092203,
                26.58167172480882
              ],
              [
                98.75291476471135,
                26.562925209978335
              ],
              [
                98.75660916925284,
                26.49544320995021
              ],
              [
                98.74060812368495,
                26.436491915864963
              ],
              [
                98.7498391322435,
                26.42791230475934
              ],
              [
                98.73322758270703,
                26.354441711032663
              ],
              [
                98.68098691744132,
                26.311583184211248
              ],
              [
                98.67238842708657,
                26.243409802976238
              ],
              [
                98.71293889918216,
                26.23474709662178
              ],
              [
                98.73507607407144,
                26.188521637218123
              ],
              [
                98.71232548671452,
                26.159520776986778
              ],
              [
                98.71970239959167,
                26.130482082023384
              ],
              [
                98.66071942760738,
                26.091324741977242
              ],
              [
                98.65580349321667,
                26.143493554064186
              ],
              [
                98.6324530021742,
                26.149444819023557
              ],
              [
                98.57521418272417,
                26.122038242941642
              ],
              [
                98.60231589532724,
                26.058043475379186
              ],
              [
                98.61400839548378,
                25.97192311337267
              ],
              [
                98.6373724363421,
                25.975127715519452
              ],
              [
                98.68652152717634,
                25.929266311954404
              ],
              [
                98.7055704551454,
                25.858657224505507
              ],
              [
                98.67730904177971,
                25.819359472847026
              ],
              [
                98.64044834041343,
                25.802174035095234
              ],
              [
                98.55363603622567,
                25.849064824470886
              ],
              [
                98.52894520286077,
                25.844157585869507
              ],
              [
                98.47644088763369,
                25.780390047698223
              ],
              [
                98.46100363140108,
                25.738281334016637
              ],
              [
                98.45729993297962,
                25.68593926280871
              ],
              [
                98.40919623124246,
                25.666984397244374
              ],
              [
                98.40180560153354,
                25.596804712603305
              ],
              [
                98.32616107194013,
                25.569357769767173
              ],
              [
                98.31448368131532,
                25.546154780076705
              ],
              [
                98.24742450109547,
                25.611029579454204
              ],
              [
                98.17032108434108,
                25.623351570741303
              ],
              [
                98.18945667792904,
                25.57208950524992
              ],
              [
                98.16353290347772,
                25.527208359241232
              ],
              [
                98.13082554798414,
                25.51310836762423
              ],
              [
                98.15736182827408,
                25.46019125319589
              ],
              [
                98.13699770678726,
                25.38446705127311
              ],
              [
                98.10061792960923,
                25.391467008153448
              ],
              [
                98.09938618759321,
                25.35685428261779
              ],
              [
                98.06922058587475,
                25.31467637797267
              ],
              [
                98.00654438950968,
                25.30129646076355
              ],
              [
                98.0071587760273,
                25.282354306728884
              ],
              [
                97.94020129032079,
                25.218114406754008
              ],
              [
                97.9038892149218,
                25.219771341960655
              ],
              [
                97.87553281396356,
                25.260359005017413
              ],
              [
                97.83912396638071,
                25.273834473083127
              ],
              [
                97.79591567744556,
                25.158971536646984
              ],
              [
                97.74289575078338,
                25.081452758854464
              ],
              [
                97.71950446613405,
                25.083636656867924
              ],
              [
                97.72750492942527,
                25.046768734368886
              ],
              [
                97.71642939290193,
                24.9811645496143
              ],
              [
                97.72935372686699,
                24.911702458593354
              ],
              [
                97.78543101309899,
                24.8791493851977
              ],
              [
                97.79715470842737,
                24.84876104126294
              ],
              [
                97.76508149300973,
                24.82700325255507
              ],
              [
                97.68015022161245,
                24.830336328452237
              ],
              [
                97.6518713661541,
                24.79399558014792
              ],
              [
                97.56936993533898,
                24.76904046214132
              ],
              [
                97.54715500738125,
                24.742372996133486
              ],
              [
                97.56937074181421,
                24.711427185529708
              ],
              [
                97.5706059283478,
                24.605910113339352
              ],
              [
                97.5545659238031,
                24.49373066260943
              ],
              [
                97.52986664694714,
                24.446275296312905
              ],
              [
                97.5884879209664,
                24.438741125724256
              ],
              [
                97.66970515890993,
                24.45609274044753
              ],
              [
                97.67954170200164,
                24.40429716620773
              ],
              [
                97.71582357170278,
                24.361709965573784
              ],
              [
                97.6623292039442,
                24.342167525485728
              ],
              [
                97.66478904839833,
                24.299610113661696
              ],
              [
                97.72074726015164,
                24.298972610682547
              ],
              [
                97.76693974891629,
                24.261307088611208
              ],
              [
                97.72936419892858,
                24.230192780072294
              ],
              [
                97.72813370828618,
                24.186509400550076
              ],
              [
                97.75399819107884,
                24.16683678962892
              ],
              [
                97.7484539378857,
                24.163559137408427
              ],
              [
                97.74290994012259,
                24.16246756048686
              ],
              [
                97.73059714395266,
                24.116578136014734
              ],
              [
                97.70045085891577,
                24.096393321351307
              ],
              [
                97.69676089753635,
                24.095853114157972
              ],
              [
                97.63712438527097,
                24.05113320135855
              ],
              [
                97.62851361078202,
                24.007943811004978
              ],
              [
                97.57246494157296,
                23.98606975888966
              ],
              [
                97.52925611044971,
                23.946046012360284
              ],
              [
                97.52802175782855,
                23.92962594493982
              ],
              [
                97.61805494842005,
                23.8914061299089
              ],
              [
                97.6402022540052,
                23.868933828880817
              ],
              [
                97.64696652934552,
                23.84373575565828
              ],
              [
                97.68385217927444,
                23.879803795417153
              ],
              [
                97.71767692382289,
                23.870444514219606
              ],
              [
                97.72813807976473,
                23.898353042888658
              ],
              [
                97.76324611421501,
                23.909842145519715
              ],
              [
                97.79531669730727,
                23.954749711640005
              ],
              [
                97.81012931810592,
                23.946019409933108
              ],
              [
                97.86321330530964,
                23.981675303211492
              ],
              [
                97.89589578034807,
                23.977328046648843
              ],
              [
                97.9020574308487,
                24.017257986091433
              ],
              [
                97.98384475792695,
                24.034072952888987
              ],
              [
                97.99489788439183,
                24.04934954948884
              ],
              [
                98.0907842800857,
                24.088511064753327
              ],
              [
                98.09571203032476,
                24.08905634127749
              ],
              [
                98.1228312436119,
                24.09562923109426
              ],
              [
                98.12529839685727,
                24.0956318078626
              ],
              [
                98.1320831534947,
                24.09509266796657
              ],
              [
                98.196886358002,
                24.10121775489111
              ],
              [
                98.21971081589675,
                24.116550849402987
              ],
              [
                98.34277923262417,
                24.101688563002792
              ],
              [
                98.3772121569932,
                24.11694046559327
              ],
              [
                98.48202766624472,
                24.125256619927736
              ],
              [
                98.48758654429706,
                24.1263653008347
              ],
              [
                98.54687359450114,
                24.131447601786824
              ],
              [
                98.59372656750351,
                24.083410054008223
              ],
              [
                98.64600460569166,
                24.10905472799561
              ],
              [
                98.68163727845118,
                24.10297726332686
              ],
              [
                98.7185067503641,
                24.130789407211495
              ],
              [
                98.81828199728658,
                24.136310685584075
              ],
              [
                98.84110143493899,
                24.12979662964508
              ],
              [
                98.87623958212745,
                24.154435199056017
              ],
              [
                98.89471709339169,
                24.101991064104247
              ],
              [
                98.80718427305005,
                24.028059811519984
              ],
              [
                98.77328201596839,
                24.02527992963205
              ],
              [
                98.7271175811354,
                23.973316861694617
              ],
              [
                98.70068509073872,
                23.98429035142481
              ],
              [
                98.67303939849228,
                23.96355127911389
              ],
              [
                98.70068565978724,
                23.94927557292662
              ],
              [
                98.68532675108746,
                23.904426901635322
              ],
              [
                98.70130203723618,
                23.837058109168105
              ],
              [
                98.66874137236815,
                23.803708741517106
              ],
              [
                98.69577311325034,
                23.787225609843063
              ],
              [
                98.78437777741154,
                23.784458133761188
              ],
              [
                98.82383993148734,
                23.73027837592932
              ],
              [
                98.81150574894532,
                23.70614174614073
              ],
              [
                98.83555883075832,
                23.68645332624835
              ],
              [
                98.84666012708745,
                23.63493636923166
              ],
              [
                98.88179234796836,
                23.62291999808978
              ],
              [
                98.88179274753634,
                23.598240123637876
              ],
              [
                98.8441941468198,
                23.581732957589622
              ],
              [
                98.8034922714161,
                23.543256214087766
              ],
              [
                98.8256945879639,
                23.47305038011486
              ],
              [
                98.87440181546323,
                23.486302842814695
              ],
              [
                98.91195871908378,
                23.42922208930022
              ],
              [
                98.92056967089285,
                23.36386447424568
              ],
              [
                98.87255553676985,
                23.332541963829275
              ],
              [
                98.90642374885616,
                23.33475615050281
              ],
              [
                98.93655159194282,
                23.312751435899305
              ],
              [
                98.9285637991103,
                23.268798408685246
              ],
              [
                98.88918948283647,
                23.21218845029048
              ],
              [
                98.90642611514194,
                23.18854543480547
              ],
              [
                99.00161062270551,
                23.16305435421337
              ],
              [
                99.05684523557645,
                23.167311845322835
              ],
              [
                99.04763428155488,
                23.117270048152474
              ],
              [
                99.10542829172763,
                23.089154432548522
              ],
              [
                99.18617898028943,
                23.10302913071765
              ],
              [
                99.2545680430787,
                23.08053128169404
              ],
              [
                99.28101524673096,
                23.10417536601733
              ],
              [
                99.34736949365126,
                23.13157184917279
              ],
              [
                99.37933255136288,
                23.102367467712643
              ],
              [
                99.4396876176981,
                23.082029953159406
              ],
              [
                99.47671877741023,
                23.085968235171755
              ],
              [
                99.52736592193148,
                23.06850432319073
              ],
              [
                99.51625089757007,
                23.00956884843781
              ],
              [
                99.53292470449743,
                22.964455389041227
              ],
              [
                99.56254629801418,
                22.928708593125915
              ],
              [
                99.53045607268885,
                22.89998728593957
              ],
              [
                99.44585986351649,
                22.93722543932868
              ],
              [
                99.4353749821381,
                22.916269835948228
              ],
              [
                99.46190640111243,
                22.847428077771983
              ],
              [
                99.40025810022496,
                22.829153889586745
              ],
              [
                99.38426095910278,
                22.764629352862176
              ],
              [
                99.32587627909908,
                22.754234405728422
              ],
              [
                99.31420587204029,
                22.740462450495908
              ],
              [
                99.33877763814955,
                22.71171964048197
              ],
              [
                99.38488032979997,
                22.57414599879434
              ],
              [
                99.35844290368209,
                22.538253505498414
              ],
              [
                99.38119111047006,
                22.496209937450036
              ],
              [
                99.296394299713,
                22.41448478772762
              ],
              [
                99.25088979694495,
                22.396263068266858
              ],
              [
                99.27734127043176,
                22.349199075922893
              ],
              [
                99.23303742308718,
                22.299371519316306
              ],
              [
                99.23488509842873,
                22.253393323778244
              ],
              [
                99.20715916917116,
                22.23507979491036
              ],
              [
                99.17447975683969,
                22.18846638766728
              ],
              [
                99.18743102693065,
                22.165758616429518
              ],
              [
                99.15536275761475,
                22.16237265262
              ],
              [
                99.21887156487772,
                22.113675751589344
              ],
              [
                99.29394304993316,
                22.1119918259715
              ],
              [
                99.35353660008798,
                22.098572145501574
              ],
              [
                99.3990427742005,
                22.102966759243824
              ],
              [
                99.48600381260681,
                22.131400563938552
              ],
              [
                99.51565195683115,
                22.102645578341246
              ],
              [
                99.56194571757383,
                22.116067308669773
              ],
              [
                99.57797658592779,
                22.10166340528037
              ],
              [
                99.58105713955356,
                22.106103760252147
              ],
              [
                99.64813058088237,
                22.1038411663658
              ],
              [
                99.69545571388413,
                22.07046632671545
              ],
              [
                99.76191784114025,
                22.070974711590893
              ],
              [
                99.86926017801365,
                22.032288622571148
              ],
              [
                99.87049299505048,
                22.070026538923674
              ],
              [
                99.97141726850053,
                22.056068230518616
              ],
              [
                99.96466098234087,
                22.017235951948877
              ],
              [
                99.99905022408133,
                21.976053266172663
              ],
              [
                99.98124576103388,
                21.922236534560575
              ],
              [
                99.95913470013916,
                21.910074967789477
              ],
              [
                99.94315836515132,
                21.823979027754266
              ],
              [
                99.99046050185325,
                21.706531329191822
              ],
              [
                100.04819160106976,
                21.672436777582195
              ],
              [
                100.09310137948509,
                21.70520739255186
              ],
              [
                100.13069934871929,
                21.70244899801611
              ],
              [
                100.16834067083501,
                21.66579387045884
              ],
              [
                100.10665654366558,
                21.58779561359143
              ],
              [
                100.12206849673139,
                21.567765764344063
              ],
              [
                100.13008692908843,
                21.506523001572393
              ],
              [
                100.16772741761244,
                21.485420897967128
              ],
              [
                100.18377413835341,
                21.518867564081425
              ],
              [
                100.20537091598314,
                21.512220922750274
              ],
              [
                100.23435245600326,
                21.469363375840295
              ],
              [
                100.29775114396233,
                21.48046549800646
              ],
              [
                100.34815463950302,
                21.53105527526989
              ],
              [
                100.43619420410401,
                21.535484841222026
              ],
              [
                100.48187868878975,
                21.461515697974797
              ],
              [
                100.52573649551165,
                21.473899893778817
              ],
              [
                100.57818116996489,
                21.454501123631548
              ],
              [
                100.69072355671233,
                21.51342405086813
              ],
              [
                100.72945521263615,
                21.52116922254849
              ],
              [
                100.75222578887455,
                21.557912797922196
              ],
              [
                100.78796040324302,
                21.57352843175125
              ],
              [
                100.80337551541952,
                21.61251788050807
              ],
              [
                100.8465523833042,
                21.637640397639277
              ],
              [
                100.86936479659481,
                21.675512494635672
              ],
              [
                100.8958568049887,
                21.685545953160837
              ],
              [
                100.89831880726842,
                21.68777221702919
              ],
              [
                100.93522661780561,
                21.69720264848988
              ],
              [
                100.93645588972299,
                21.6966445225957
              ],
              [
                101.01380236414914,
                21.70979177338108
              ],
              [
                101.08814001984128,
                21.776388966943035
              ],
              [
                101.12201102476853,
                21.77417683795018
              ],
              [
                101.11030570055182,
                21.748588377957304
              ],
              [
                101.11523514119777,
                21.693527224407998
              ],
              [
                101.1516092055067,
                21.67187842699722
              ],
              [
                101.16765000963954,
                21.59288293682159
              ],
              [
                101.1454448279025,
                21.56278204300798
              ],
              [
                101.2077424890581,
                21.5601076899184
              ],
              [
                101.20897696485386,
                21.511663930115407
              ],
              [
                101.22377065860786,
                21.50165638495473
              ],
              [
                101.19171005215333,
                21.47654849998638
              ],
              [
                101.19356181771775,
                21.427525842921852
              ],
              [
                101.14113145906904,
                21.4118290463237
              ],
              [
                101.18246123725737,
                21.337215458503387
              ],
              [
                101.24348893628657,
                21.304949148643743
              ],
              [
                101.2453371540471,
                21.278182143232716
              ],
              [
                101.22069650366579,
                21.236892944510934
              ],
              [
                101.28902328650801,
                21.18108352323209
              ],
              [
                101.38614838929946,
                21.22835737763136
              ],
              [
                101.43790503247729,
                21.22950007519567
              ],
              [
                101.53116481334698,
                21.25484984209227
              ],
              [
                101.60024713323637,
                21.23597453898086
              ],
              [
                101.58731201765612,
                21.19412980706849
              ],
              [
                101.60455964907554,
                21.17515754234719
              ],
              [
                101.6709889212584,
                21.197387429299614
              ],
              [
                101.70173304410532,
                21.148780310837218
              ],
              [
                101.76330127494806,
                21.15042023258125
              ],
              [
                101.79352138186836,
                21.21072012338245
              ],
              [
                101.83302631569119,
                21.20744222590292
              ],
              [
                101.83240771225645,
                21.25541659643707
              ],
              [
                101.7904349054872,
                21.288249344098293
              ],
              [
                101.74419554837255,
                21.29992812328907
              ],
              [
                101.72880107275545,
                21.339521861262668
              ],
              [
                101.74850510639484,
                21.411972572721837
              ],
              [
                101.73987903905487,
                21.48551401140238
              ],
              [
                101.77130650324888,
                21.515597809655095
              ],
              [
                101.75404648742082,
                21.54064705585404
              ],
              [
                101.75342901279078,
                21.58741312251115
              ],
              [
                101.8033860881592,
                21.58022783527445
              ],
              [
                101.82746025008011,
                21.619792153629245
              ],
              [
                101.80647078995443,
                21.647021838382113
              ],
              [
                101.77870439408781,
                21.64364266845054
              ],
              [
                101.76636918919172,
                21.718739444568982
              ],
              [
                101.74603238103987,
                21.732638421704394
              ],
              [
                101.77006579972713,
                21.836058666212384
              ],
              [
                101.73863877879616,
                21.848279768680573
              ],
              [
                101.73371152303162,
                21.878289320904056
              ],
              [
                101.69863938476612,
                21.899996412569763
              ],
              [
                101.69986738876808,
                21.94165557698929
              ],
              [
                101.66543775603326,
                21.937274965560725
              ],
              [
                101.60515577191165,
                21.970675211244966
              ],
              [
                101.62484999648667,
                22.008969647804385
              ],
              [
                101.57249406894496,
                22.118287808525892
              ],
              [
                101.60145664629468,
                22.134939194615384
              ],
              [
                101.59529720061738,
                22.164330549116016
              ],
              [
                101.5459598897913,
                22.241322131310227
              ],
              [
                101.56323850118673,
                22.27238004235908
              ],
              [
                101.62422769082964,
                22.28568370308827
              ],
              [
                101.670343960608,
                22.37586450936275
              ],
              [
                101.64698180426755,
                22.40357960496429
              ],
              [
                101.67095610430664,
                22.478217681879762
              ],
              [
                101.71400105699189,
                22.480910808390956
              ],
              [
                101.77313044437702,
                22.509100193222828
              ],
              [
                101.82311672467344,
                22.45995985158484
              ],
              [
                101.82188267482937,
                22.430085211890525
              ],
              [
                101.86139012521721,
                22.39252697085318
              ],
              [
                101.90023848073298,
                22.387576649635342
              ],
              [
                101.90639726399604,
                22.440142158539157
              ],
              [
                101.97712234100324,
                22.430615984359626
              ],
              [
                102.04469083262805,
                22.460850497409368
              ],
              [
                102.12967709519322,
                22.433707552328723
              ],
              [
                102.14387099255195,
                22.400529355712568
              ],
              [
                102.17782114958153,
                22.433236810034096
              ],
              [
                102.26907630457981,
                22.422796783421923
              ],
              [
                102.25491469194735,
                22.46042200954345
              ],
              [
                102.32135178380221,
                22.557091328519558
              ],
              [
                102.35516474337214,
                22.56642500649513
              ],
              [
                102.40316389670966,
                22.632678680421243
              ],
              [
                102.38284357587645,
                22.682381479016215
              ],
              [
                102.43521838893052,
                22.702273669425352
              ],
              [
                102.45805329409507,
                22.765778790718475
              ],
              [
                102.50932603887719,
                22.777508351222586
              ],
              [
                102.5500840824762,
                22.746717755471103
              ],
              [
                102.56859137390752,
                22.70425451406962
              ],
              [
                102.60616898759822,
                22.734073271800405
              ],
              [
                102.65597730681749,
                22.690960411036972
              ],
              [
                102.68731403103672,
                22.703045556951437
              ],
              [
                102.79934250017003,
                22.62351685462649
              ],
              [
                102.82216342275603,
                22.62631900038815
              ],
              [
                102.87889301546656,
                22.58994937771648
              ],
              [
                102.89121438464636,
                22.536352647236527
              ],
              [
                102.92936150501757,
                22.485472575931013
              ],
              [
                102.98523824750139,
                22.48092088299289
              ],
              [
                103.02880246126236,
                22.44428756450952
              ],
              [
                103.0797916877482,
                22.45691908273001
              ],
              [
                103.06995259800952,
                22.4912168190725
              ],
              [
                103.18146325610098,
                22.56151890148532
              ],
              [
                103.15925928532113,
                22.59297210104765
              ],
              [
                103.19379486267624,
                22.651032606420156
              ],
              [
                103.21845399282277,
                22.646648932318335
              ],
              [
                103.28123489650343,
                22.6814297993269
              ],
              [
                103.2867653640059,
                22.734961252865826
              ],
              [
                103.31933059697997,
                22.780699826275345
              ],
              [
                103.32117280069609,
                22.810479338879787
              ],
              [
                103.37340467058438,
                22.79770839975702
              ],
              [
                103.43929910987634,
                22.755804068663064
              ],
              [
                103.4343667228221,
                22.700059391634266
              ],
              [
                103.45596066831342,
                22.661455766518003
              ],
              [
                103.50721836239141,
                22.604161680514785
              ],
              [
                103.52759883867917,
                22.595932742658004
              ],
              [
                103.57880053079128,
                22.670033066161945
              ],
              [
                103.5658552321128,
                22.704245383928875
              ],
              [
                103.64033699718554,
                22.798024961286426
              ],
              [
                103.73809206083749,
                22.712361348639202
              ],
              [
                103.74116968614544,
                22.700769280218775
              ],
              [
                103.76457548454552,
                22.6913886583029
              ],
              [
                103.82317019795751,
                22.618582899002263
              ],
              [
                103.86204142415001,
                22.58716168197817
              ],
              [
                103.87375859318298,
                22.56894191606341
              ],
              [
                103.89224767413367,
                22.567850022460057
              ],
              [
                103.96298109658875,
                22.50530591976834
              ],
              [
                104.00718314252786,
                22.520657248784993
              ],
              [
                104.00718123919982,
                22.578136596212453
              ],
              [
                104.02007269387192,
                22.596331715824366
              ],
              [
                104.04094979331244,
                22.679669908865158
              ],
              [
                104.04340460706295,
                22.730996433861257
              ],
              [
                104.08767896671996,
                22.77121438793401
              ],
              [
                104.11539567700306,
                22.81148453889521
              ],
              [
                104.22210158772486,
                22.8292954407527
              ],
              [
                104.25967064430583,
                22.84474234840298
              ],
              [
                104.2719766704005,
                22.830950140915334
              ],
              [
                104.25474961984054,
                22.776360847845396
              ],
              [
                104.27074933784058,
                22.74104264348947
              ],
              [
                104.32115450207432,
                22.73158645125416
              ],
              [
                104.3733935518494,
                22.69286545380764
              ],
              [
                104.42017211133535,
                22.737564455572628
              ],
              [
                104.49668559998342,
                22.777460582366714
              ],
              [
                104.52570402086707,
                22.817255640567826
              ],
              [
                104.5941310929702,
                22.849338647824585
              ],
              [
                104.67218539527919,
                22.820020109284133
              ],
              [
                104.73547162772297,
                22.82875586345343
              ],
              [
                104.7305514484643,
                22.85522279238935
              ],
              [
                104.75823668839003,
                22.86514153581662
              ],
              [
                104.76993432993577,
                22.89656535251552
              ],
              [
                104.84389608210904,
                22.929194529791875
              ],
              [
                104.85807016905646,
                22.97383813261444
              ],
              [
                104.81861442086127,
                23.034889889562148
              ],
              [
                104.80196682587719,
                23.113012565302334
              ],
              [
                104.87223585807129,
                23.126335801942666
              ],
              [
                104.88024068034973,
                23.16649976163188
              ],
              [
                104.91039338887349,
                23.17860450920954
              ],
              [
                104.94664309551037,
                23.154906838578853
              ],
              [
                104.95646214205371,
                23.19173448746947
              ],
              [
                105.09025740945029,
                23.263455751303862
              ],
              [
                105.11918734517569,
                23.250274281854654
              ],
              [
                105.1789735793093,
                23.28170108666188
              ],
              [
                105.23504397894223,
                23.266933500434895
              ],
              [
                105.25719404855666,
                23.320789339927924
              ],
              [
                105.32232213791796,
                23.392662545693987
              ],
              [
                105.35057552343613,
                23.36459869877403
              ],
              [
                105.36962544763989,
                23.320073470660443
              ],
              [
                105.41269151740089,
                23.285990020532704
              ],
              [
                105.44227446807044,
                23.29536986739831
              ],
              [
                105.49906545910568,
                23.205368726917154
              ],
              [
                105.5398128871484,
                23.18733420094836
              ],
              [
                105.55585213608163,
                23.180766746087183
              ],
              [
                105.57188620856776,
                23.069105015147663
              ],
              [
                105.62236148262609,
                23.067449572087074
              ],
              [
                105.64571928067818,
                23.08172519262333
              ],
              [
                105.72131245528581,
                23.06508887529215
              ],
              [
                105.73854173932767,
                23.03370223238261
              ],
              [
                105.77673452350643,
                23.0254588151607
              ],
              [
                105.80263654410194,
                22.997413438584058
              ],
              [
                105.8359550204545,
                22.990315875707154
              ],
              [
                105.87604796664642,
                22.91986635564437
              ],
              [
                105.89083592128091,
                22.939709536164564
              ],
              [
                105.95603634243503,
                22.951759061986937
              ],
              [
                105.99103348031946,
                22.940644272552426
              ],
              [
                106.01619926383894,
                22.993445417135174
              ],
              [
                106.0825748822942,
                22.998827646655066
              ],
              [
                106.10289650135535,
                22.9834065168191
              ],
              [
                106.1503762834044,
                22.991171869649282
              ],
              [
                106.20343969528612,
                22.981353204468494
              ],
              [
                106.26689748960925,
                22.910313834468017
              ],
              [
                106.2545892499439,
                22.89268557482578
              ],
              [
                106.28350783714728,
                22.870063644053463
              ],
              [
                106.36279617086277,
                22.86055754763559
              ],
              [
                106.36771392749642,
                22.880945354931583
              ],
              [
                106.41018224985555,
                22.879827317778304
              ],
              [
                106.50089857518319,
                22.913087860301147
              ],
              [
                106.52251295563283,
                22.94951347050852
              ],
              [
                106.5589248409201,
                22.926454688354358
              ],
              [
                106.6026621843215,
                22.928685427652802
              ],
              [
                106.62788163029711,
                22.88402828390085
              ],
              [
                106.65369246775971,
                22.866349043812754
              ],
              [
                106.67150641599912,
                22.894425291411356
              ],
              [
                106.71329145586213,
                22.884436580388574
              ],
              [
                106.70591599491046,
                22.8690121250556
              ],
              [
                106.77114696197147,
                22.815514389795634
              ],
              [
                106.77237832123686,
                22.816618128640183
              ],
              [
                106.77484327851829,
                22.81717234315663
              ],
              [
                106.77545958336503,
                22.81662117217199
              ],
              [
                106.77607590099561,
                22.816071012690905
              ],
              [
                106.77730852173855,
                22.816072339176888
              ],
              [
                106.78100670700134,
                22.81552479330226
              ],
              [
                106.79271824053154,
                22.814988990148752
              ],
              [
                106.7982678066578,
                22.818306549236336
              ],
              [
                106.80073450709938,
                22.819414235084665
              ],
              [
                106.80505053783034,
                22.820524230947438
              ],
              [
                106.80998469743875,
                22.820533010335183
              ],
              [
                106.835272256762,
                22.806242332315684
              ],
              [
                106.81738776441985,
                22.771459275407413
              ],
              [
                106.76498922343434,
                22.742144283854955
              ],
              [
                106.77669717311998,
                22.711803028152023
              ],
              [
                106.75267445109698,
                22.692467852259806
              ],
              [
                106.70838858135217,
                22.578171544722398
              ],
              [
                106.64694757797301,
                22.57827977069918
              ],
              [
                106.61067512912247,
                22.60539766574859
              ],
              [
                106.58174727695662,
                22.520295746131378
              ],
              [
                106.58482934232276,
                22.476063185415637
              ],
              [
                106.55709571618851,
                22.458888401135216
              ],
              [
                106.58544970788748,
                22.377581885418394
              ],
              [
                106.55956666960985,
                22.34877135021626
              ],
              [
                106.6598610673773,
                22.333774213716616
              ],
              [
                106.66662049404304,
                22.28613376819621
              ],
              [
                106.68505138073601,
                22.26338665952124
              ],
              [
                106.69857202296295,
                22.210165552115264
              ],
              [
                106.66969697011773,
                22.1852733291256
              ],
              [
                106.70287553039734,
                22.16359184128524
              ],
              [
                106.68812938708426,
                22.13810868851047
              ],
              [
                106.71209882289838,
                22.09258807492694
              ],
              [
                106.70288192072547,
                22.024345616501268
              ],
              [
                106.67953446261025,
                22.002736109551456
              ],
              [
                106.69489594417375,
                21.96273292506775
              ],
              [
                106.7348577868613,
                22.01099177118484
              ],
              [
                106.78659167356852,
                22.007687410658924
              ],
              [
                106.79892357210024,
                21.984389007060386
              ],
              [
                106.85565975518057,
                21.988931431746213
              ],
              [
                106.92277614219239,
                21.970630943429658
              ],
              [
                106.93199747760113,
                21.93674377106849
              ],
              [
                106.97068378551164,
                21.9261054436911
              ],
              [
                106.9958387260267,
                21.95046887901806
              ],
              [
                107.05599582950312,
                21.91754334226131
              ],
              [
                107.05476924647458,
                21.889769190401033
              ],
              [
                107.01486388406629,
                21.862082797812427
              ],
              [
                107.01425212551786,
                21.82206904083755
              ],
              [
                107.08982203416957,
                21.80581709574348
              ],
              [
                107.14466040336949,
                21.761386291081536
              ],
              [
                107.19092011747858,
                21.73922727443502
              ],
              [
                107.1952382293555,
                21.72143612827287
              ],
              [
                107.2383789148463,
                21.705905602898756
              ],
              [
                107.26791974469123,
                21.729815189636778
              ],
              [
                107.3066491363453,
                21.736435761043975
              ],
              [
                107.35273896168536,
                21.670155532617898
              ],
              [
                107.35950489652387,
                21.604479980598526
              ],
              [
                107.38410685034064,
                21.596662163339328
              ],
              [
                107.42722396253905,
                21.64453968431567
              ],
              [
                107.47351419039394,
                21.662445492054488
              ],
              [
                107.49699235285978,
                21.616325822640963
              ],
              [
                107.4827831762699,
                21.598472746936675
              ],
              [
                107.54331714300024,
                21.58917776534884
              ],
              [
                107.58094266366976,
                21.61761719198254
              ],
              [
                107.59942444717987,
                21.60036590337441
              ],
              [
                107.70889559235886,
                21.619129458677726
              ],
              [
                107.80379854060104,
                21.658114721098308
              ],
              [
                107.83404718169014,
                21.643146442195043
              ],
              [
                107.85996848460134,
                21.65376239299302
              ],
              [
                107.88834013565425,
                21.6254084887199
              ],
              [
                107.89018965170423,
                21.599249851419284
              ],
              [
                107.92529301493434,
                21.58865851810171
              ],
              [
                107.95419734270013,
                21.536830109977295
              ],
              [
                108.03036518099842,
                21.548307044067847
              ],
              [
                108.10421121041732,
                21.51091282139283
              ],
              [
                108.1899869171792,
                21.522179092416074
              ],
              [
                108.152328780896,
                21.55329160532042
              ],
              [
                108.20170881474132,
                21.600142104118504
              ],
              [
                108.23747617752561,
                21.602402236463643
              ],
              [
                108.24610421576956,
                21.563993341999936
              ],
              [
                108.20664886773909,
                21.508282504694165
              ],
              [
                108.22638597171817,
                21.493822016321005
              ],
              [
                108.32608418942702,
                21.5427371770373
              ],
              [
                108.39374987744819,
                21.535410922925163
              ],
              [
                108.48877300557655,
                21.5572887275222
              ],
              [
                108.58813833536804,
                21.679936407659557
              ],
              [
                108.62260448522169,
                21.682702549995344
              ],
              [
                108.65518769807984,
                21.64648612455339
              ],
              [
                108.67423603390141,
                21.662029492320155
              ],
              [
                108.7320291124742,
                21.630789348982283
              ],
              [
                108.73018406456023,
                21.629120842317995
              ],
              [
                108.74187763563351,
                21.605183613634978
              ],
              [
                108.79795179829786,
                21.629162350004588
              ],
              [
                108.82941155435154,
                21.613635474851378
              ],
              [
                108.87750595461696,
                21.629847640941712
              ],
              [
                108.93412134490474,
                21.592536727468843
              ],
              [
                109.08949863277228,
                21.581616980488384
              ],
              [
                109.0944237647828,
                21.57382333538795
              ],
              [
                109.10612266583871,
                21.570486637353213
              ],
              [
                109.13447175532838,
                21.56995871024887
              ],
              [
                109.13817357397944,
                21.514283077055214
              ],
              [
                109.07043307360463,
                21.491980349814913
              ],
              [
                109.03541252312941,
                21.460291280694076
              ],
              [
                109.04216966556469,
                21.42684718273528
              ],
              [
                109.09073810675531,
                21.421773863071987
              ],
              [
                109.13448114237693,
                21.391157100210233
              ],
              [
                109.18197215163873,
                21.393471163743392
              ],
              [
                109.2417561285419,
                21.428087721718136
              ],
              [
                109.4127174969172,
                21.441278764172626
              ],
              [
                109.48059245440308,
                21.455897910900042
              ],
              [
                109.53679748509941,
                21.468870733646167
              ],
              [
                109.572577947787,
                21.496224581618048
              ],
              [
                109.57688920666068,
                21.550801225782884
              ],
              [
                109.6082981151589,
                21.559711359904966
              ],
              [
                109.65073653337168,
                21.496174830474512
              ],
              [
                109.6999131389276,
                21.465449646531553
              ],
              [
                109.78119793079205,
                21.45930678091166
              ],
              [
                109.81513359093148,
                21.44766239566319
              ],
              [
                109.89039189935082,
                21.444982802541944
              ],
              [
                109.90024892677279,
                21.432725893737697
              ],
              [
                109.86450368287704,
                21.368616598585138
              ],
              [
                109.76640458079916,
                21.36233180863159
              ],
              [
                109.75346440684649,
                21.349503858184228
              ],
              [
                109.75963222442037,
                21.229052489009945
              ],
              [
                109.67042350650006,
                21.1392970865829
              ],
              [
                109.66981238109659,
                21.070626951317635
              ],
              [
                109.65138048437034,
                20.932104176412423
              ],
              [
                109.6606036697211,
                20.864994616776308
              ],
              [
                109.70732840366276,
                20.77708374922909
              ],
              [
                109.72578747952824,
                20.72221136820971
              ],
              [
                109.7405673430108,
                20.623634339596734
              ],
              [
                109.78926027934077,
                20.618063816537962
              ],
              [
                109.80962396222847,
                20.57719001332362
              ],
              [
                109.80777411494418,
                20.544114010662277
              ],
              [
                109.8355498447782,
                20.492017555534257
              ],
              [
                109.88427929357906,
                20.478060159081412
              ],
              [
                109.89167617333634,
                20.43037685880971
              ],
              [
                109.86085174129697,
                20.404536556797098
              ],
              [
                109.85715136904612,
                20.379273940440907
              ],
              [
                109.91200445829332,
                20.319224877589008
              ],
              [
                109.90523668657374,
                20.23945701739782
              ],
              [
                109.92493243414678,
                20.214153141092353
              ],
              [
                109.98944602838749,
                20.256710971009397
              ],
              [
                110.07793198296731,
                20.261005605282055
              ],
              [
                110.11366090777918,
                20.221674007889927
              ],
              [
                110.16424669655771,
                20.221750002390728
              ],
              [
                110.21606934170065,
                20.253864455422146
              ],
              [
                110.2924120377534,
                20.251594089066515
              ],
              [
                110.34465438740625,
                20.261051177512016
              ],
              [
                110.37970395928058,
                20.295273102714226
              ],
              [
                110.42096496035218,
                20.29359325690008
              ],
              [
                110.44810172000821,
                20.313295094962655
              ],
              [
                110.48699625845408,
                20.376285238440065
              ],
              [
                110.53701284489776,
                20.42301040491465
              ],
              [
                110.54626605778134,
                20.475206568633283
              ],
              [
                110.49563367391406,
                20.574876904236852
              ],
              [
                110.48265940166999,
                20.642638811952548
              ],
              [
                110.46166180256787,
                20.682907580751817
              ],
              [
                110.40677133351282,
                20.673300679816403
              ],
              [
                110.38768283401804,
                20.68506138277766
              ],
              [
                110.40307292923885,
                20.73433123624395
              ],
              [
                110.38890671834751,
                20.818832763891237
              ],
              [
                110.34646757723942,
                20.844052898392768
              ],
              [
                110.32311339092958,
                20.850248243841868
              ],
              [
                110.2647015754757,
                20.84250472221083
              ],
              [
                110.20555405948971,
                20.86261754180182
              ],
              [
                110.17964023993363,
                20.894448735774166
              ],
              [
                110.17654957315834,
                20.98443274990905
              ],
              [
                110.20061242145624,
                21.005705074590665
              ],
              [
                110.20431025954382,
                21.053190470070305
              ],
              [
                110.2376009111359,
                21.018588206580148
              ],
              [
                110.24560666961949,
                21.04763520197162
              ],
              [
                110.29236759057505,
                21.096180239667685
              ],
              [
                110.38642774419613,
                21.12729930399385
              ],
              [
                110.41783416563388,
                21.193161941681133
              ],
              [
                110.44682025305421,
                21.188742111266567
              ],
              [
                110.4968336303596,
                21.220122055659346
              ],
              [
                110.53018123962453,
                21.206827008159898
              ],
              [
                110.62198027919253,
                21.218613580070876
              ],
              [
                110.65516455877864,
                21.24254917195915
              ],
              [
                110.70861242059746,
                21.3149562194731
              ],
              [
                110.76398365857526,
                21.367340576576005
              ],
              [
                110.79171248688792,
                21.37740384830338
              ],
              [
                110.88418304648158,
                21.370301208827346
              ],
              [
                110.92478705557117,
                21.378649050833154
              ],
              [
                111.0297345346475,
                21.44134991437888
              ],
              [
                111.09856992758267,
                21.45797670737753
              ],
              [
                111.16636436731473,
                21.460851099699685
              ],
              [
                111.277848223748,
                21.48822122649259
              ],
              [
                111.27108789756883,
                21.445891618666547
              ],
              [
                111.24524963511224,
                21.453703725436633
              ],
              [
                111.25263647452131,
                21.41748694617361
              ],
              [
                111.28092618524542,
                21.421364905796544
              ],
              [
                111.3478957316789,
                21.46693368221349
              ],
              [
                111.37740216297051,
                21.498088047285968
              ],
              [
                111.43899837541483,
                21.51649728307051
              ],
              [
                111.48962420006636,
                21.503818040627554
              ],
              [
                111.51680070917934,
                21.52004907566515
              ],
              [
                111.55568945799374,
                21.507886762799103
              ],
              [
                111.60498104442213,
                21.532974298669288
              ],
              [
                111.64557496855241,
                21.51510517810176
              ],
              [
                111.67261874147368,
                21.532317831337384
              ],
              [
                111.68859631800468,
                21.59297306623087
              ],
              [
                111.73165397415755,
                21.61240381030477
              ],
              [
                111.78958626817658,
                21.61410520747761
              ],
              [
                111.82723345989724,
                21.581330740134685
              ],
              [
                111.80501533384671,
                21.55790697251601
              ],
              [
                111.882757754237,
                21.581409137587904
              ],
              [
                111.93693315735052,
                21.60976638605911
              ],
              [
                111.96765915763345,
                21.60579977531828
              ],
              [
                112.02170013850233,
                21.63625075032844
              ],
              [
                111.99283539408422,
                21.659706925592133
              ],
              [
                111.94922329967285,
                21.670397436877654
              ],
              [
                111.95106458352016,
                21.713229500428614
              ],
              [
                112.03090697929163,
                21.764168484771204
              ],
              [
                112.13126498522305,
                21.796362862961935
              ],
              [
                112.18743287651532,
                21.792014257092113
              ],
              [
                112.1917557134352,
                21.739198109027875
              ],
              [
                112.2312319258589,
                21.72978828466632
              ],
              [
                112.23369805952407,
                21.704759515391505
              ],
              [
                112.34812787033884,
                21.7096268580415
              ],
              [
                112.41029494931385,
                21.737395515896885
              ],
              [
                112.4220055159129,
                21.79245397147332
              ],
              [
                112.44051277152384,
                21.80582385955155
              ],
              [
                112.49239621229728,
                21.788169088289617
              ],
              [
                112.53070047071813,
                21.756585642400392
              ],
              [
                112.64221002332198,
                21.76107050747741
              ],
              [
                112.68092650779884,
                21.813260565493604
              ],
              [
                112.78741296805646,
                21.923801557578358
              ],
              [
                112.8361508129982,
                21.923332522196496
              ],
              [
                112.88856435181823,
                21.847279447911077
              ],
              [
                112.92487676428851,
                21.841705915896668
              ],
              [
                112.98445637384614,
                21.87213188155697
              ],
              [
                113.04216112456064,
                21.959182955517196
              ],
              [
                113.0483014492458,
                22.01469042356067
              ],
              [
                113.02680003668732,
                22.04859632327838
              ],
              [
                113.04030939498865,
                22.091288360944002
              ],
              [
                113.08150259937108,
                22.128950613310725
              ],
              [
                113.08643034563579,
                22.06792668325097
              ],
              [
                113.13758628491652,
                22.014685538620423
              ],
              [
                113.14622498487942,
                21.982500794995094
              ],
              [
                113.23012247949222,
                21.890430523832556
              ],
              [
                113.26153207227105,
                21.874316512590287
              ],
              [
                113.3144197180641,
                21.912021679046354
              ],
              [
                113.32486601979105,
                21.964209463276347
              ],
              [
                113.43691834711856,
                22.011905173238645
              ],
              [
                113.45420360104357,
                22.046352705857053
              ],
              [
                113.52279606468099,
                22.076512538277214
              ],
              [
                113.56231740608827,
                22.07825989792485
              ],
              [
                113.54935437991023,
                22.1104146844034
              ],
              [
                113.54935216352001,
                22.145355942583997
              ],
              [
                113.52958674045259,
                22.176917205816196
              ],
              [
                113.53329045749939,
                22.212403005517007
              ],
              [
                113.55366850789466,
                22.215217401352948
              ],
              [
                113.58944178494107,
                22.231876616562996
              ],
              [
                113.59066965144886,
                22.30722002006717
              ],
              [
                113.61284200682158,
                22.31828722009515
              ],
              [
                113.59990901788433,
                22.342657796049565
              ],
              [
                113.62268852596961,
                22.352052374828496
              ],
              [
                113.66451370888272,
                22.41950526315239
              ],
              [
                113.66082303104662,
                22.441642189395193
              ],
              [
                113.61960587636082,
                22.44613273645467
              ],
              [
                113.60359959757346,
                22.411843093768184
              ],
              [
                113.56846633917937,
                22.414599729936967
              ],
              [
                113.62637319801767,
                22.478757197071324
              ],
              [
                113.6632794982288,
                22.483672324070564
              ],
              [
                113.6866481565955,
                22.517909397643944
              ],
              [
                113.73527218502159,
                22.53720039467684
              ],
              [
                113.71186651769355,
                22.6482665685325
              ],
              [
                113.67310329451877,
                22.72892574935365
              ],
              [
                113.72848368524714,
                22.739332003338415
              ],
              [
                113.75313532467197,
                22.686344312888654
              ],
              [
                113.76053545118364,
                22.668680665599172
              ],
              [
                113.79818306414727,
                22.596375667609177
              ],
              [
                113.85191269165877,
                22.54287141657643
              ],
              [
                113.86488124472801,
                22.46271850804895
              ],
              [
                113.8889409440812,
                22.4455910568456
              ],
              [
                113.94805017241657,
                22.48978077126938
              ],
              [
                113.94989486288662,
                22.494199729698412
              ],
              [
                113.97140834066602,
                22.51349671643622
              ],
              [
                114.02671001301748,
                22.50669993473118
              ],
              [
                114.07715797391347,
                22.514904269782303
              ],
              [
                114.09009402389125,
                22.53701093352262
              ],
              [
                114.15179775978629,
                22.546469529056928
              ],
              [
                114.16106049421327,
                22.561960384519352
              ],
              [
                114.2178637036148,
                22.555973126672637
              ],
              [
                114.227734464591,
                22.54271711421054
              ],
              [
                114.28994785089603,
                22.566450815446014
              ],
              [
                114.31701182629553,
                22.590163122680238
              ],
              [
                114.37668561849907,
                22.604431700259756
              ],
              [
                114.4222921863069,
                22.591730509310114
              ],
              [
                114.46737328711303,
                22.524951820423116
              ],
              [
                114.47170353366691,
                22.46192760147777
              ],
              [
                114.5019917866214,
                22.44155072057728
              ],
              [
                114.54462296702769,
                22.468766600220885
              ],
              [
                114.60689678856457,
                22.484852164300936
              ],
              [
                114.62412687865955,
                22.51690543028896
              ],
              [
                114.60997031486356,
                22.54842632709418
              ],
              [
                114.5637507805708,
                22.563886449834886
              ],
              [
                114.55449321954404,
                22.586528066975063
              ],
              [
                114.59888134525818,
                22.64179826490304
              ],
              [
                114.5754635146193,
                22.664431245459856
              ],
              [
                114.51063143022945,
                22.658225636204637
              ],
              [
                114.5625090529261,
                22.68870959912489
              ],
              [
                114.58717286072017,
                22.693145847613476
              ],
              [
                114.59702775740361,
                22.733988359250613
              ],
              [
                114.68498228523762,
                22.77027780954292
              ],
              [
                114.70527300398311,
                22.790655418977064
              ],
              [
                114.74527984435623,
                22.766906047838887
              ],
              [
                114.73050381389993,
                22.72718434566422
              ],
              [
                114.72373825342594,
                22.654321860668208
              ],
              [
                114.73912892359691,
                22.635538382721364
              ],
              [
                114.74159560450072,
                22.584717580924906
              ],
              [
                114.86186757853979,
                22.594821066804343
              ],
              [
                114.88098480158084,
                22.54179180007025
              ],
              [
                114.91793151081805,
                22.552289348419297
              ],
              [
                114.92346305671136,
                22.624660603748353
              ],
              [
                114.9406776520883,
                22.64838180605416
              ],
              [
                115.03462069087648,
                22.716580862223072
              ],
              [
                115.01865387787846,
                22.72876448358163
              ],
              [
                115.0487498808633,
                22.750211229308935
              ],
              [
                115.07149746107757,
                22.790999614703015
              ],
              [
                115.14975984287295,
                22.804284925803984
              ],
              [
                115.18616912560832,
                22.77622181473232
              ],
              [
                115.18554912197357,
                22.82144597010106
              ],
              [
                115.23179990153653,
                22.82811882283859
              ],
              [
                115.2256406298429,
                22.779583171146967
              ],
              [
                115.31425197562707,
                22.78613121937021
              ],
              [
                115.33330665822795,
                22.77947621807424
              ],
              [
                115.34437598736555,
                22.714900763283307
              ],
              [
                115.37636018290073,
                22.686706813622983
              ],
              [
                115.42564647095013,
                22.686715626329043
              ],
              [
                115.46700826220145,
                22.70060090464361
              ],
              [
                115.57078055623201,
                22.65392905939338
              ],
              [
                115.56090846758013,
                22.687043585902504
              ],
              [
                115.6046669798889,
                22.756048931258313
              ],
              [
                115.53682807590579,
                22.75818886288656
              ],
              [
                115.56583707501154,
                22.789684920646106
              ],
              [
                115.57940180976132,
                22.831609446551813
              ],
              [
                115.64957575060991,
                22.868492065644023
              ],
              [
                115.69139035639044,
                22.845812444100332
              ],
              [
                115.75541737330737,
                22.837493821542843
              ],
              [
                115.78379016185285,
                22.812705576439537
              ],
              [
                115.79181701943422,
                22.742109317917258
              ],
              [
                115.82453756116395,
                22.737752434163816
              ],
              [
                115.87884650223394,
                22.788589577053106
              ],
              [
                115.92689585600507,
                22.805674518195378
              ],
              [
                115.96071538088461,
                22.80340139863667
              ],
              [
                115.99265777687025,
                22.829779387077437
              ],
              [
                116.05164325335963,
                22.847266995937673
              ],
              [
                116.0996661446499,
                22.819109654267795
              ],
              [
                116.13667385555732,
                22.837892193446127
              ],
              [
                116.23479046215375,
                22.924019452475793
              ],
              [
                116.25450534979456,
                22.93503827609762
              ],
              [
                116.29819507252797,
                22.954273048493157
              ],
              [
                116.37814054598577,
                22.921638919668872
              ],
              [
                116.44532535936898,
                22.93931082463267
              ],
              [
                116.50092125777705,
                22.933401974912336
              ],
              [
                116.53983102939543,
                22.99960300116901
              ],
              [
                116.57252726247357,
                23.017276381450078
              ],
              [
                116.55278870166147,
                23.05908730880171
              ],
              [
                116.56204010945677,
                23.091573148968514
              ],
              [
                116.54661360641346,
                23.112456049039892
              ],
              [
                116.56203723675151,
                23.137240289198267
              ],
              [
                116.66111731643511,
                23.16083550209167
              ],
              [
                116.69675848404604,
                23.200917405321782
              ],
              [
                116.74042799530449,
                23.21792071588589
              ],
              [
                116.80205630393355,
                23.20367856503192
              ],
              [
                116.81685927440812,
                23.24329058935244
              ],
              [
                116.79403561308493,
                23.247648231803737
              ],
              [
                116.77800010258109,
                23.316324087638023
              ],
              [
                116.86742373628992,
                23.418635856825226
              ],
              [
                116.86680720726397,
                23.41918405496546
              ],
              [
                116.8698875524505,
                23.449933737690234
              ],
              [
                116.87050294199115,
                23.450483340737296
              ],
              [
                116.89144843459485,
                23.479042046163894
              ],
              [
                116.8840560559891,
                23.50428570133879
              ],
              [
                116.92405755650313,
                23.53280911486086
              ],
              [
                116.95907846614041,
                23.509694946921694
              ],
              [
                117.0057194683966,
                23.50516977952891
              ],
              [
                117.04009224506953,
                23.542390837517473
              ],
              [
                117.08066096679858,
                23.539040307645035
              ],
              [
                117.18791900881811,
                23.564403261534135
              ],
              [
                117.2864575792833,
                23.57375303927966
              ],
              [
                117.29752394030376,
                23.552889125420915
              ],
              [
                117.382356154018,
                23.557693478194093
              ],
              [
                117.45880181487146,
                23.587392112873058
              ],
              [
                117.44953722599793,
                23.630696650606588
              ],
              [
                117.48845127135202,
                23.645058070378074
              ],
              [
                117.49647974627918,
                23.70702924880558
              ],
              [
                117.5397226390992,
                23.718656027248255
              ],
              [
                117.59707591253503,
                23.704468755340056
              ],
              [
                117.65551663638406,
                23.792068893012647
              ],
              [
                117.64690735123234,
                23.81782843553395
              ],
              [
                117.66719161745618,
                23.880760325256556
              ],
              [
                117.68625008066029,
                23.891672803988023
              ],
              [
                117.75765637681117,
                23.8894265901432
              ],
              [
                117.78787753411959,
                23.909161407251244
              ],
              [
                117.80268826773907,
                23.950227942061304
              ],
              [
                117.86009742453302,
                24.007769294817262
              ],
              [
                117.90572276820154,
                24.01490503325342
              ],
              [
                117.92296091551952,
                24.042780458477104
              ],
              [
                117.93157101766379,
                24.102901043097486
              ],
              [
                117.99547947588971,
                24.15519486165875
              ],
              [
                118.01451721567673,
                24.199925526896994
              ],
              [
                118.0698486658174,
                24.22820297135299
              ],
              [
                118.11051317463244,
                24.232018524251306
              ],
              [
                118.1537107557512,
                24.272470922643663
              ],
              [
                118.10742141179179,
                24.359697677923602
              ],
              [
                118.07661190403468,
                24.359154342016215
              ],
              [
                118.0833819932915,
                24.411491464028582
              ],
              [
                118.04399862334292,
                24.420808779969512
              ],
              [
                118.07906184908875,
                24.531351149964745
              ],
              [
                118.11665725986389,
                24.57273398858063
              ],
              [
                118.14566224420264,
                24.58638067547919
              ],
              [
                118.16418725886555,
                24.5624646786169
              ],
              [
                118.2382431603531,
                24.515192853143102
              ],
              [
                118.37053036811943,
                24.538981769333592
              ],
              [
                118.35883739490832,
                24.57057122429682
              ],
              [
                118.43955582234315,
                24.617383514163507
              ],
              [
                118.50814012482313,
                24.611037481027633
              ],
              [
                118.55261722719008,
                24.575773155092705
              ],
              [
                118.5538558883515,
                24.51534136877538
              ],
              [
                118.60994246928996,
                24.524628254610285
              ],
              [
                118.67573618845077,
                24.584954943718895
              ],
              [
                118.68249396150055,
                24.63663429195662
              ],
              [
                118.65667853983362,
                24.625258881256997
              ],
              [
                118.64806919845371,
                24.656825890456158
              ],
              [
                118.66589469435013,
                24.68289734320974
              ],
              [
                118.6990910845931,
                24.66815417252393
              ],
              [
                118.77420306944707,
                24.746418506668764
              ],
              [
                118.78160058616469,
                24.779575247376556
              ],
              [
                118.64621494481716,
                24.811736772335305
              ],
              [
                118.6431381592884,
                24.846500019740617
              ],
              [
                118.69784715217783,
                24.86812006084229
              ],
              [
                118.69415976224502,
                24.851837036550513
              ],
              [
                118.74399987505825,
                24.845274675277008
              ],
              [
                118.80318647450044,
                24.873564260709706
              ],
              [
                118.82972441069093,
                24.85732535688901
              ],
              [
                118.85995639660256,
                24.89049291453298
              ],
              [
                118.92894308661602,
                24.873669673735215
              ],
              [
                118.98422830469413,
                24.881682295917958
              ],
              [
                118.98238511707197,
                24.901229135884332
              ],
              [
                118.92832559103547,
                24.909496668945724
              ],
              [
                118.91417476824303,
                24.935559138686294
              ],
              [
                118.9412316271137,
                24.957225608207533
              ],
              [
                119.00939217297734,
                24.94401855779185
              ],
              [
                119.02781042738435,
                24.96403996812847
              ],
              [
                119.02781038811978,
                24.964582890670926
              ],
              [
                119.0026373629984,
                24.966282607485006
              ],
              [
                119.00018227413248,
                24.97279911525352
              ],
              [
                118.98483548486004,
                24.976643123150172
              ],
              [
                119.01920778309486,
                25.046493990948434
              ],
              [
                119.01183958846754,
                25.061152319942227
              ],
              [
                118.97009821293837,
                25.027663852865007
              ],
              [
                118.94061275361547,
                25.031529434972004
              ],
              [
                118.88768585560503,
                25.095531260433145
              ],
              [
                118.97009178627366,
                25.11818030699095
              ],
              [
                118.94736348910608,
                25.15453475057358
              ],
              [
                118.98052501143877,
                25.171781125845783
              ],
              [
                118.98052315102748,
                25.19777583795726
              ],
              [
                118.93752635984637,
                25.214126002795744
              ],
              [
                118.93568162331611,
                25.22008405225911
              ],
              [
                118.93875509433728,
                25.22441058874345
              ],
              [
                118.898763675611,
                25.242313570663544
              ],
              [
                118.8956837246317,
                25.245561559324372
              ],
              [
                118.91476810645555,
                25.250967873297284
              ],
              [
                118.91107469446227,
                25.25963056120212
              ],
              [
                118.91353659984293,
                25.260170919365454
              ],
              [
                118.95165502825236,
                25.27580748093829
              ],
              [
                118.9921803761566,
                25.269201243571917
              ],
              [
                118.97069712261997,
                25.24057623308109
              ],
              [
                118.98543309943408,
                25.20480094996552
              ],
              [
                119.05052337151433,
                25.221950963275248
              ],
              [
                119.06958580714355,
                25.213802062413766
              ],
              [
                119.04929775024036,
                25.17105131138935
              ],
              [
                119.02779496269407,
                25.177058088227785
              ],
              [
                119.02411255012294,
                25.1424022426426
              ],
              [
                119.06098318307704,
                25.105480078927393
              ],
              [
                119.07082454373557,
                25.102217359363816
              ],
              [
                119.12935157728081,
                25.108734380727096
              ],
              [
                119.10222716846941,
                25.077820485233882
              ],
              [
                119.1145577629503,
                25.015483152614138
              ],
              [
                119.14169425329432,
                25.059433423192736
              ],
              [
                119.16081897159799,
                25.14833739094487
              ],
              [
                119.13243261525585,
                25.1574974721398
              ],
              [
                119.10344992389639,
                25.19646430469657
              ],
              [
                119.12687548368744,
                25.225722997998993
              ],
              [
                119.18550432492042,
                25.178715174917745
              ],
              [
                119.22683180445873,
                25.191765922238467
              ],
              [
                119.26440919090194,
                25.162519743367675
              ],
              [
                119.3099231303629,
                25.19278537554692
              ],
              [
                119.29024344045312,
                25.239923628688853
              ],
              [
                119.32713324917597,
                25.233360679290985
              ],
              [
                119.37572031777145,
                25.25277416353332
              ],
              [
                119.32835872369132,
                25.290190423435025
              ],
              [
                119.29454202186035,
                25.3313729568378
              ],
              [
                119.24284422935416,
                25.336284396018865
              ],
              [
                119.23606734782462,
                25.31951247004475
              ],
              [
                119.21387129192235,
                25.3708837531735
              ],
              [
                119.13981860175055,
                25.390768214045842
              ],
              [
                119.14660310387683,
                25.42916867053566
              ],
              [
                119.18672057124088,
                25.427079856336356
              ],
              [
                119.2150964838351,
                25.47144423060871
              ],
              [
                119.25145589393233,
                25.491454445066857
              ],
              [
                119.27054020422264,
                25.479554765741035
              ],
              [
                119.25823318829187,
                25.43091780277626
              ],
              [
                119.28346542374607,
                25.413593815731932
              ],
              [
                119.3486391509085,
                25.414560386085135
              ],
              [
                119.33879656639357,
                25.47511946619847
              ],
              [
                119.35416641233829,
                25.524264087367932
              ],
              [
                119.39602273290274,
                25.4961319060698
              ],
              [
                119.44783938926115,
                25.49618770043263
              ],
              [
                119.43364433750618,
                25.415085430913496
              ],
              [
                119.45834407233211,
                25.451355951286445
              ],
              [
                119.48677504361798,
                25.446029382038805
              ],
              [
                119.48121251990955,
                25.421685723185053
              ],
              [
                119.50285214226551,
                25.399042048519547
              ],
              [
                119.48183434932209,
                25.372481154638514
              ],
              [
                119.54426116852443,
                25.36886738558454
              ],
              [
                119.57450451374727,
                25.40352176927256
              ],
              [
                119.55104963905025,
                25.43214471195815
              ],
              [
                119.57326746370761,
                25.44893303748475
              ],
              [
                119.58622141432342,
                25.401366175949427
              ],
              [
                119.57820744445814,
                25.377027300474875
              ],
              [
                119.59300586613972,
                25.337548568032393
              ],
              [
                119.64471989561771,
                25.345612644013503
              ],
              [
                119.66071088859601,
                25.374790213966378
              ],
              [
                119.65209730964591,
                25.399682185310922
              ],
              [
                119.66562619410978,
                25.438583430183513
              ],
              [
                119.61825301133891,
                25.437036403105665
              ],
              [
                119.67054471300222,
                25.471003846394062
              ],
              [
                119.67792675494913,
                25.44883037903249
              ],
              [
                119.68407772925757,
                25.443953937341625
              ],
              [
                119.76908251721396,
                25.398487195558427
              ],
              [
                119.75982682136252,
                25.43632617004658
              ],
              [
                119.80056069292745,
                25.460697518846917
              ],
              [
                119.86232284427724,
                25.45810237888063
              ],
              [
                119.85985211544934,
                25.472691748320408
              ],
              [
                119.85861685310422,
                25.477554311671206
              ],
              [
                119.80673280657612,
                25.509883961479744
              ],
              [
                119.8122904507245,
                25.53528629832364
              ],
              [
                119.85676041959098,
                25.53428496525554
              ],
              [
                119.87959664561149,
                25.5494350624244
              ],
              [
                119.82711146630227,
                25.582843718661145
              ],
              [
                119.83884656604982,
                25.60068473633506
              ],
              [
                119.7857300159831,
                25.617329087503727
              ],
              [
                119.78140566864869,
                25.670761650625398
              ],
              [
                119.69575393878716,
                25.61950411637942
              ],
              [
                119.67914651455013,
                25.59577596718804
              ],
              [
                119.71237537276977,
                25.554140267351503
              ],
              [
                119.71114697625677,
                25.514706279455684
              ],
              [
                119.67607764235566,
                25.50071567245012
              ],
              [
                119.67054421121841,
                25.478029716700146
              ],
              [
                119.6299447140713,
                25.478100530285698
              ],
              [
                119.60716321485631,
                25.522971687831845
              ],
              [
                119.6120867526602,
                25.559700188494535
              ],
              [
                119.58250802264472,
                25.59534809131796
              ],
              [
                119.53003548235887,
                25.58824507225711
              ],
              [
                119.53683004234009,
                25.627675538129985
              ],
              [
                119.47377950364061,
                25.634515261848033
              ],
              [
                119.46821514952534,
                25.665265601680773
              ],
              [
                119.53929714370123,
                25.687591307254255
              ],
              [
                119.59852743665812,
                25.688193552337864
              ],
              [
                119.59852531838082,
                25.717868362157823
              ],
              [
                119.62192527273932,
                25.72648386037378
              ],
              [
                119.62376134662276,
                25.875286831163177
              ],
              [
                119.63360650561688,
                25.893053467198865
              ],
              [
                119.69081173578607,
                25.90749639851711
              ],
              [
                119.71911366124877,
                26.01460929149892
              ],
              [
                119.69572372683959,
                26.035628189216403
              ],
              [
                119.66435347181651,
                26.02922792364097
              ],
              [
                119.65020299868236,
                26.09327521631376
              ],
              [
                119.61450954210157,
                26.122902542834428
              ],
              [
                119.59972494839873,
                26.172367274317946
              ],
              [
                119.66003589753277,
                26.205607462511484
              ],
              [
                119.6717173320387,
                26.266280194647806
              ],
              [
                119.7665498007272,
                26.28875123472312
              ],
              [
                119.79803170690906,
                26.27214677028893
              ],
              [
                119.80235230766473,
                26.31080653762568
              ],
              [
                119.84064787862488,
                26.3264412474109
              ],
              [
                119.85855778773704,
                26.31090578727632
              ],
              [
                119.89989337241636,
                26.312009130350784
              ],
              [
                119.9503726261821,
                26.355950147715227
              ],
              [
                119.94176047268496,
                26.377962197956506
              ],
              [
                119.88940869493425,
                26.35922930826152
              ],
              [
                119.8313745431608,
                26.437451466164724
              ],
              [
                119.8319908349713,
                26.457820957712915
              ],
              [
                119.78380706161978,
                26.58681898102857
              ],
              [
                119.73569873681912,
                26.614089395405635
              ],
              [
                119.66554009585627,
                26.62167767394257
              ],
              [
                119.60092499997664,
                26.59928875024491
              ],
              [
                119.57318221927625,
                26.62603732436465
              ],
              [
                119.61508652399317,
                26.652785539433154
              ],
              [
                119.63293165770571,
                26.70677414795053
              ],
              [
                119.6599971885493,
                26.729713441902874
              ],
              [
                119.70675172923421,
                26.690071344070752
              ],
              [
                119.82950237514417,
                26.694426261281546
              ],
              [
                119.85976639616095,
                26.674692464933123
              ],
              [
                119.86964533837381,
                26.646357165843057
              ],
              [
                119.90418271212653,
                26.665092601531676
              ],
              [
                119.89493450827511,
                26.696644267903356
              ],
              [
                119.9343507825167,
                26.750601087525123
              ],
              [
                119.93865456144735,
                26.787993662364585
              ],
              [
                120.04806434387775,
                26.789841387211244
              ],
              [
                120.0572951784912,
                26.77219498317344
              ],
              [
                119.98968090521602,
                26.723739924522366
              ],
              [
                119.96510393582047,
                26.69013008181873
              ],
              [
                119.96817871909232,
                26.65803469790875
              ],
              [
                119.94481834169885,
                26.628133740108616
              ],
              [
                119.89740471122401,
                26.628183157777237
              ],
              [
                119.84742165581568,
                26.598704567642447
              ],
              [
                119.82395552471453,
                26.52745526875531
              ],
              [
                119.86286534822572,
                26.512523710771866
              ],
              [
                119.94359267581555,
                26.563911389187847
              ],
              [
                119.93374770799788,
                26.579989317859216
              ],
              [
                119.96326621132663,
                26.601335398742062
              ],
              [
                120.00320714382114,
                26.599077391062263
              ],
              [
                120.05915108717419,
                26.63104731198511
              ],
              [
                120.08932966291297,
                26.61711018076882
              ],
              [
                120.1337473972778,
                26.641216707334767
              ],
              [
                120.10597191567572,
                26.695740001762182
              ],
              [
                120.15782817706011,
                26.72093578849318
              ],
              [
                120.14670758979717,
                26.754051443802897
              ],
              [
                120.10226647592167,
                26.756137725319107
              ],
              [
                120.13188306860108,
                26.801040657505435
              ],
              [
                120.09917972548145,
                26.797807928576162
              ],
              [
                120.09794499402383,
                26.829850755749213
              ],
              [
                120.0689854012729,
                26.826659508040986
              ],
              [
                120.03822128021174,
                26.83151926286987
              ],
              [
                120.04990418542485,
                26.866729058761766
              ],
              [
                120.11336032727583,
                26.885908763638803
              ],
              [
                120.1219968950439,
                26.92380148226168
              ],
              [
                120.12570097164757,
                26.921138428416008
              ],
              [
                120.17634466300095,
                26.923891780619563
              ],
              [
                120.22882085675141,
                26.91115944191497
              ],
              [
                120.2553236018446,
                26.985833125576104
              ],
              [
                120.27564694156965,
                26.99061687992783
              ],
              [
                120.27133388212224,
                27.030599233371387
              ],
              [
                120.29164494180888,
                27.039101455798082
              ],
              [
                120.27871773162715,
                27.092929656008415
              ],
              [
                120.38762390894507,
                27.084242710518183
              ],
              [
                120.3987129339372,
                27.103948775664886
              ],
              [
                120.45733785899709,
                27.1455600383621
              ],
              [
                120.48824371994894,
                27.139255983791415
              ],
              [
                120.54201467550737,
                27.16016752417496
              ],
              [
                120.57101965425501,
                27.237909978072633
              ],
              [
                120.55065324275425,
                27.255435044495755
              ],
              [
                120.57656363751651,
                27.324597254087
              ],
              [
                120.66149744698029,
                27.3611984837534
              ],
              [
                120.66948404738042,
                27.423344777181164
              ],
              [
                120.69898933667272,
                27.4817060569222
              ],
              [
                120.63319968476164,
                27.564615114627145
              ],
              [
                120.6307379723326,
                27.5805335455317
              ],
              [
                120.68114920659869,
                27.62605596524175
              ],
              [
                120.70512487453973,
                27.685921928651247
              ],
              [
                120.76730959172794,
                27.737828889476834
              ],
              [
                120.79382674735633,
                27.78288097104913
              ],
              [
                120.80555166639927,
                27.778663804173576
              ],
              [
                120.83641287313525,
                27.76230278367107
              ],
              [
                120.90669005193142,
                27.868249651212743
              ],
              [
                120.93805850444488,
                27.89996054551
              ],
              [
                120.97000060863469,
                27.890363992007167
              ],
              [
                121.02340554012234,
                27.83570096839632
              ],
              [
                121.06579985602724,
                27.837201413354467
              ],
              [
                121.1033496911555,
                27.816540572926492
              ],
              [
                121.14774876795546,
                27.818710563631868
              ],
              [
                121.12986040112315,
                27.790091673156116
              ],
              [
                121.1304772408095,
                27.790092504553968
              ],
              [
                121.145281473979,
                27.804411257405928
              ],
              [
                121.14528143371938,
                27.804941333370284
              ],
              [
                121.14898344130364,
                27.812888854508518
              ],
              [
                121.1483662823307,
                27.81341685515187
              ],
              [
                121.18786122435829,
                27.82566512024056
              ],
              [
                121.1890916961101,
                27.875416016875384
              ],
              [
                121.15823460933521,
                27.882237337631835
              ],
              [
                121.15823247872214,
                27.91027591252562
              ],
              [
                121.09533562045846,
                27.898036505917325
              ],
              [
                121.05165586693447,
                27.90336599197933
              ],
              [
                120.98779695268979,
                27.953251392790897
              ],
              [
                121.01111764612928,
                27.984899951858992
              ],
              [
                121.05471321693307,
                28.099433021982893
              ],
              [
                121.10394086970791,
                28.142158832981057
              ],
              [
                121.11688485333372,
                28.12844459783095
              ],
              [
                121.13662660229156,
                28.034470343555544
              ],
              [
                121.17180144763942,
                28.025550508726216
              ],
              [
                121.256882751584,
                28.0377852537106
              ],
              [
                121.29563505077648,
                28.070493867806704
              ],
              [
                121.32390337417684,
                28.13749530017309
              ],
              [
                121.36939660295292,
                28.136364303601624
              ],
              [
                121.39770580926522,
                28.200190787718462
              ],
              [
                121.45197888244668,
                28.25351221816812
              ],
              [
                121.48472127528532,
                28.304720262581718
              ],
              [
                121.53477928074794,
                28.30275455944469
              ],
              [
                121.56749863361374,
                28.282790798566825
              ],
              [
                121.5761356945124,
                28.243792981538917
              ],
              [
                121.62355909437427,
                28.255379264598837
              ],
              [
                121.66536982354961,
                28.336457657299267
              ],
              [
                121.65614638766284,
                28.35911977826564
              ],
              [
                121.63031983303092,
                28.351263823023583
              ],
              [
                121.65491386963019,
                28.395975172845894
              ],
              [
                121.68872750131777,
                28.410648577205194
              ],
              [
                121.66720378988983,
                28.475923543693547
              ],
              [
                121.64199233172657,
                28.514878961711116
              ],
              [
                121.63030371311383,
                28.565873679462513
              ],
              [
                121.59213557962786,
                28.578508750312157
              ],
              [
                121.5532780573627,
                28.648313918798873
              ],
              [
                121.53660557303833,
                28.65877760857835
              ],
              [
                121.64197937468559,
                28.68609256399684
              ],
              [
                121.6850140475673,
                28.722210486629002
              ],
              [
                121.70038182205727,
                28.807641237319224
              ],
              [
                121.68315821602505,
                28.866343499111185
              ],
              [
                121.77058726650345,
                28.866811899325658
              ],
              [
                121.76811735774069,
                28.901368970306244
              ],
              [
                121.73914510335004,
                28.957363254660642
              ],
              [
                121.70713380652404,
                28.98877845647007
              ],
              [
                121.70836098300124,
                29.031659887196824
              ],
              [
                121.65486311371873,
                29.061552443395854
              ],
              [
                121.65608823742984,
                29.12112217159259
              ],
              [
                121.61241441539855,
                29.146256575725165
              ],
              [
                121.60440931758856,
                29.171850602977866
              ],
              [
                121.71142997969898,
                29.12781734387582
              ],
              [
                121.74590703579845,
                29.13928721178141
              ],
              [
                121.76377933469638,
                29.169583381169833
              ],
              [
                121.7761192214754,
                29.112661897988144
              ],
              [
                121.80697874286574,
                29.112707157288245
              ],
              [
                121.85575681499145,
                29.08928111098443
              ],
              [
                121.8804346771859,
                29.108642587330042
              ],
              [
                121.96229591113818,
                29.055777222304762
              ],
              [
                121.96597923889664,
                29.095487354123925
              ],
              [
                121.98440297821027,
                29.113722064046115
              ],
              [
                121.98255712854449,
                29.15760387621677
              ],
              [
                121.9444631904952,
                29.196340205305148
              ],
              [
                121.96781351532292,
                29.19628430355328
              ],
              [
                121.96289517517407,
                29.25266480993229
              ],
              [
                121.99789983074169,
                29.262997732856977
              ],
              [
                121.99605709920326,
                29.281262576208167
              ],
              [
                121.940766956879,
                29.287146664417104
              ],
              [
                121.9542866483088,
                29.33718288704414
              ],
              [
                121.93215242036668,
                29.35078166072069
              ],
              [
                121.93399507942993,
                29.386745112628663
              ],
              [
                121.97148245420213,
                29.413757752139603
              ],
              [
                121.98928835936722,
                29.45486081751628
              ],
              [
                121.96902009334495,
                29.48043848455512
              ],
              [
                121.96471772848071,
                29.51845809286464
              ],
              [
                121.99112337910897,
                29.54753100912067
              ],
              [
                121.99603318766594,
                29.584981413992068
              ],
              [
                121.96225073901165,
                29.638654505314033
              ],
              [
                121.90566136289503,
                29.65278276904168
              ],
              [
                121.86867422918381,
                29.635086691989464
              ],
              [
                121.82916552707043,
                29.65582311566999
              ],
              [
                121.93335173315488,
                29.750986477571725
              ],
              [
                121.99908836322984,
                29.76484423289906
              ],
              [
                122.03962212953132,
                29.82497107054813
              ],
              [
                122.09807969107379,
                29.861760896008427
              ],
              [
                122.13878680265272,
                29.87996207507272
              ],
              [
                122.13569955386883,
                29.903823155971146
              ],
              [
                122.00276259793529,
                29.894098062365167
              ],
              [
                121.99968983617943,
                29.92263816291768
              ],
              [
                121.96713957473796,
                29.957998997032373
              ],
              [
                121.91549366831784,
                29.92334840559953
              ],
              [
                121.83099411263946,
                29.960616637478836
              ],
              [
                121.77975116027714,
                29.995782331882587
              ],
              [
                121.71689849178703,
                29.99525944704178
              ],
              [
                121.6953662607719,
                30.010318519145482
              ],
              [
                121.64863581806263,
                30.0736088505916
              ],
              [
                121.6314163453063,
                30.072601543783378
              ],
              [
                121.55747924727606,
                30.186991587255235
              ],
              [
                121.49321919180588,
                30.261290599591078
              ],
              [
                121.39075820212958,
                30.34067986563472
              ],
              [
                121.36737008709987,
                30.3732274450156
              ],
              [
                121.32372226235991,
                30.399624313003134
              ],
              [
                121.22096626887122,
                30.40693437201654
              ],
              [
                121.17901546197604,
                30.436799138930912
              ],
              [
                121.08835185676952,
                30.518159734510803
              ],
              [
                121.05390062488571,
                30.566114071382277
              ],
              [
                121.1444407200579,
                30.602178150331966
              ],
              [
                121.18455273297816,
                30.635200738990953
              ],
              [
                121.2351208698963,
                30.651215362821688
              ],
              [
                121.27021269578833,
                30.67950576019843
              ],
              [
                121.35750426769842,
                30.681933901933093
              ],
              [
                121.42153606255653,
                30.732317751892044
              ],
              [
                121.51295663605543,
                30.777775461891906
              ],
              [
                121.59688996324736,
                30.80770936516961
              ],
              [
                121.67685446814549,
                30.82095660390504
              ],
              [
                121.9006417532269,
                30.81643815596617
              ],
              [
                121.93941936360628,
                30.779405908921696
              ],
              [
                121.96400996950712,
                30.690916548536638
              ],
              [
                121.99287601678358,
                30.660991944896605
              ],
              [
                122.08261782149606,
                30.60417864401577
              ],
              [
                122.12885330904928,
                30.59750596081709
              ],
              [
                122.07091730822712,
                30.650002203670205
              ],
              [
                122.00699699353112,
                30.671755177989255
              ],
              [
                121.98857445345196,
                30.697532878424276
              ],
              [
                121.98365787327472,
                30.755652310678332
              ],
              [
                121.96584480941279,
                30.79167881631348
              ],
              [
                121.95048070377115,
                30.828191431776126
              ],
              [
                121.98978881285592,
                30.86505809479026
              ],
              [
                121.98670963605502,
                30.97077205421716
              ],
              [
                121.97319646731322,
                31.018494522501907
              ],
              [
                121.9424703168996,
                31.06827860853894
              ],
              [
                121.80557565574654,
                31.198759710431833
              ],
              [
                121.71802091756608,
                31.305598415052618
              ],
              [
                121.59499497683707,
                31.37679642341825
              ],
              [
                121.5166134992288,
                31.39659372932696
              ],
              [
                121.39989792034162,
                31.48109069111187
              ],
              [
                121.33899087295458,
                31.51380728010229
              ],
              [
                121.36726831858843,
                31.55507676528581
              ],
              [
                121.39065056728319,
                31.58717971800402
              ],
              [
                121.42948028748899,
                31.592298916943424
              ],
              [
                121.54316863263634,
                31.533440058199528
              ],
              [
                121.62145654420847,
                31.503892960940114
              ],
              [
                121.67864272256134,
                31.4930808293946
              ],
              [
                121.81481732850331,
                31.440005131724693
              ],
              [
                121.88641606293196,
                31.43091932068796
              ],
              [
                121.97745747961466,
                31.46601131792911
              ],
              [
                121.99157830691911,
                31.4950568806417
              ],
              [
                121.97068942461519,
                31.61903073847528
              ],
              [
                121.96576759580034,
                31.720919671095306
              ],
              [
                121.88514639743323,
                31.86855233385886
              ],
              [
                121.85182278081341,
                31.957437868746673
              ],
              [
                121.76785960717888,
                32.034977655081896
              ],
              [
                121.75490904893591,
                32.0613540707663
              ],
              [
                121.52087549521842,
                32.13850691997948
              ],
              [
                121.53817510179636,
                32.154262425869014
              ],
              [
                121.4541223375731,
                32.17936466552085
              ],
              [
                121.49490776603106,
                32.21341428938057
              ],
              [
                121.48933896009022,
                32.265542233792424
              ],
              [
                121.44546712285276,
                32.28415162591986
              ],
              [
                121.42076923747321,
                32.432738900468394
              ],
              [
                121.38564729201167,
                32.46252301108523
              ],
              [
                121.34751017648509,
                32.47619839929537
              ],
              [
                121.26513568588646,
                32.48541598965156
              ],
              [
                121.14859259114073,
                32.53121436022062
              ],
              [
                121.07217154711505,
                32.578068932678555
              ],
              [
                121.01564859860291,
                32.60742133831596
              ],
              [
                120.95734271888452,
                32.614140993674425
              ],
              [
                120.97514347267527,
                32.63827805711871
              ],
              [
                120.95917890314279,
                32.68465574550552
              ],
              [
                120.91184767116758,
                32.703360062551475
              ],
              [
                120.94873566670219,
                32.716393403776834
              ],
              [
                120.96776707691808,
                32.763138195721965
              ],
              [
                120.9769652210703,
                32.86164036257954
              ],
              [
                120.95301895859268,
                32.89535721198437
              ],
              [
                120.92843016415874,
                33.00781869508665
              ],
              [
                120.91366582156333,
                33.02789319557463
              ],
              [
                120.86745915257727,
                33.048938001293415
              ],
              [
                120.86992113668153,
                33.09554758943799
              ],
              [
                120.83906270114588,
                33.21166346431716
              ],
              [
                120.81498621394397,
                33.239635898750905
              ],
              [
                120.82917993183726,
                33.27667111537579
              ],
              [
                120.80942446850976,
                33.30513123180973
              ],
              [
                120.76500630399993,
                33.308570364168425
              ],
              [
                120.73666325475406,
                33.339051384004605
              ],
              [
                120.71265279990368,
                33.43845389751944
              ],
              [
                120.67575591259505,
                33.52183368646995
              ],
              [
                120.61856707920492,
                33.61663467235448
              ],
              [
                120.60687147564931,
                33.6286007053915
              ],
              [
                120.57914297081469,
                33.66993617559909
              ],
              [
                120.52974395020321,
                33.78380566177543
              ],
              [
                120.4957349741109,
                33.81950647737352
              ],
              [
                120.48089001767003,
                33.860711808609096
              ],
              [
                120.36240430777761,
                34.09280520327211
              ],
              [
                120.34271033848701,
                34.180488142423776
              ],
              [
                120.3094954317007,
                34.256733746313905
              ],
              [
                120.30703018088177,
                34.308144086758446
              ],
              [
                120.09852169208297,
                34.39247419124032
              ],
              [
                119.95768669582547,
                34.46035660964803
              ],
              [
                119.80659448170182,
                34.48694139294001
              ],
              [
                119.77633066102052,
                34.51696021854503
              ],
              [
                119.63594566589572,
                34.570291562613626
              ],
              [
                119.6057828691891,
                34.59395651722809
              ],
              [
                119.56385439358587,
                34.61658316691322
              ],
              [
                119.46000218340798,
                34.6738739467314
              ],
              [
                119.5205949967595,
                34.73450539727673
              ],
              [
                119.45134276840226,
                34.74905074550908
              ],
              [
                119.37610572646017,
                34.75292494607466
              ],
              [
                119.48905358856476,
                34.755538432420174
              ],
              [
                119.49152769390071,
                34.75505430687994
              ],
              [
                119.43404528357753,
                34.78585136193953
              ],
              [
                119.4352818842586,
                34.77013954441527
              ],
              [
                119.37302694215118,
                34.76520631527614
              ],
              [
                119.3072376765535,
                34.775629053848284
              ],
              [
                119.26664663038098,
                34.79876339180106
              ],
              [
                119.23277589789947,
                34.80024308082588
              ],
              [
                119.21180948203181,
                34.8286945077641
              ],
              [
                119.19699522593515,
                34.89097421596731
              ],
              [
                119.20933160371096,
                34.92628810202927
              ],
              [
                119.20562387802298,
                34.98213896473761
              ],
              [
                119.23274977386093,
                35.049237769777854
              ],
              [
                119.27953847831495,
                35.06879015514868
              ],
              [
                119.28630759092677,
                35.02914042597054
              ],
              [
                119.30167852247003,
                35.033520798824995
              ],
              [
                119.28691835450061,
                35.069269643829905
              ],
              [
                119.30044429822226,
                35.07707527449712
              ],
              [
                119.34838895897738,
                35.08041205764662
              ],
              [
                119.36807020367112,
                35.07891689291103
              ],
              [
                119.42228236008455,
                35.12146565048632
              ],
              [
                119.39207259696131,
                35.138074384138456
              ],
              [
                119.40561920774394,
                35.23188861425264
              ],
              [
                119.44510783108382,
                35.285638786121986
              ],
              [
                119.48775830472167,
                35.31893089308976
              ],
              [
                119.53290081149797,
                35.297102019909836
              ],
              [
                119.53845816176553,
                35.348338229005066
              ],
              [
                119.58475211738205,
                35.37326887925683
              ],
              [
                119.57426413820089,
                35.406898212972266
              ],
              [
                119.61369995354443,
                35.4600043739459
              ],
              [
                119.65798625841185,
                35.56314231424414
              ],
              [
                119.65675348325856,
                35.589412599664435
              ],
              [
                119.71272594294018,
                35.61557937636238
              ],
              [
                119.74598966039534,
                35.617990791987495
              ],
              [
                119.76696394754084,
                35.57909329117762
              ],
              [
                119.77498623223482,
                35.584937256440305
              ],
              [
                119.7873312809174,
                35.615591843775945
              ],
              [
                119.81883388230295,
                35.64627271609178
              ],
              [
                119.8250151805579,
                35.62051911912465
              ],
              [
                119.86331737278344,
                35.608911968142955
              ],
              [
                119.92004522883899,
                35.637608063217925
              ],
              [
                119.90710775482255,
                35.66094882358944
              ],
              [
                119.94526472736672,
                35.72988310441818
              ],
              [
                119.91510785291135,
                35.74012545343471
              ],
              [
                119.9212643211923,
                35.76002448998376
              ],
              [
                119.95325442386611,
                35.760453884588166
              ],
              [
                120.0085518372298,
                35.71416570880948
              ],
              [
                120.04418944563903,
                35.78641286281601
              ],
              [
                120.02697346968401,
                35.81217058176461
              ],
              [
                120.05894348102507,
                35.87320965972455
              ],
              [
                120.10700434247363,
                35.88482248987616
              ],
              [
                120.11996105964188,
                35.906643071614894
              ],
              [
                120.1477531977308,
                35.90716789076888
              ],
              [
                120.20273320019646,
                35.94747557714706
              ],
              [
                120.16443726525397,
                35.88829653776591
              ],
              [
                120.19718122023957,
                35.891747346295936
              ],
              [
                120.20397142952186,
                35.91744111416684
              ],
              [
                120.26070865248023,
                35.96638996395321
              ],
              [
                120.30009972922686,
                35.97166844733179
              ],
              [
                120.31116615388163,
                36.002149225837385
              ],
              [
                120.28471411241432,
                36.01719660170657
              ],
              [
                120.28040632467597,
                36.01236240050042
              ],
              [
                120.2440689101076,
                35.992056694365786
              ],
              [
                120.25207760702213,
                36.02496689836113
              ],
              [
                120.19346423043969,
                35.99539990083445
              ],
              [
                120.22988151542503,
                36.0307706398346
              ],
              [
                120.2341962912831,
                36.062218458786
              ],
              [
                120.17615888648481,
                36.06649739543357
              ],
              [
                120.14711557780208,
                36.09497458129935
              ],
              [
                120.11129970133078,
                36.102663111146356
              ],
              [
                120.1032767998902,
                36.127308647143934
              ],
              [
                120.13722663187436,
                36.14329016844372
              ],
              [
                120.13537030725627,
                36.17323812427928
              ],
              [
                120.17614452704444,
                36.20373175748963
              ],
              [
                120.21505424507967,
                36.20910156275748
              ],
              [
                120.21937690991722,
                36.191242374855385
              ],
              [
                120.25575710389974,
                36.19849377532459
              ],
              [
                120.25822331183308,
                36.18207476453117
              ],
              [
                120.30499772452724,
                36.184914797564325
              ],
              [
                120.29207584978678,
                36.22548905967678
              ],
              [
                120.31483247806568,
                36.23220625588216
              ],
              [
                120.35727139668118,
                36.195925610357385
              ],
              [
                120.35296684586244,
                36.17468447948705
              ],
              [
                120.28101826598218,
                36.047200588689925
              ],
              [
                120.33268342725084,
                36.054850045043224
              ],
              [
                120.42444439599018,
                36.056728096359336
              ],
              [
                120.46397734046108,
                36.08775674732944
              ],
              [
                120.54188387732204,
                36.09184012230876
              ],
              [
                120.54188230016986,
                36.107793457507675
              ],
              [
                120.58939488554094,
                36.10059876587275
              ],
              [
                120.61094842645426,
                36.120410565894666
              ],
              [
                120.63863080247326,
                36.11457736049562
              ],
              [
                120.66813342520977,
                36.12998912770553
              ],
              [
                120.70747572214809,
                36.1265385765693
              ],
              [
                120.69210185051674,
                36.155552982805695
              ],
              [
                120.69209701301165,
                36.20384694428439
              ],
              [
                120.67611297029501,
                36.238628468541314
              ],
              [
                120.68163993512992,
                36.2791425046149
              ],
              [
                120.65275426039256,
                36.27630308612521
              ],
              [
                120.65827994740846,
                36.331739233457256
              ],
              [
                120.73945500437647,
                36.32777157879021
              ],
              [
                120.68961916761702,
                36.38997467014748
              ],
              [
                120.75484200890632,
                36.462604233024415
              ],
              [
                120.82394011856242,
                36.46654460988683
              ],
              [
                120.8325832863332,
                36.45982570647476
              ],
              [
                120.85418894567907,
                36.424732513651136
              ],
              [
                120.84431711793681,
                36.403052307257774
              ],
              [
                120.8671500969211,
                36.366965224120804
              ],
              [
                120.90658134563003,
                36.41224998566711
              ],
              [
                120.91335013641184,
                36.417540923572794
              ],
              [
                120.90411499154946,
                36.45027403707942
              ],
              [
                120.93364074074074,
                36.447839218618235
              ],
              [
                120.96066590238668,
                36.46606475301537
              ],
              [
                120.94960925537582,
                36.50745100257637
              ],
              [
                120.97845594429832,
                36.54582883890825
              ],
              [
                120.95758618283764,
                36.56270301916614
              ],
              [
                120.90533452829068,
                36.5685460422494
              ],
              [
                120.88007447522351,
                36.601201503562386
              ],
              [
                120.84244367416018,
                36.61843707038151
              ],
              [
                120.87760684511112,
                36.627123686128186
              ],
              [
                120.92194275102992,
                36.61175652632902
              ],
              [
                120.95082976934178,
                36.57569006123479
              ],
              [
                121.02385770341856,
                36.57259994977289
              ],
              [
                121.0730045881328,
                36.60708429938768
              ],
              [
                121.15621258390259,
                36.65082393375887
              ],
              [
                121.2468801267837,
                36.67108683187022
              ],
              [
                121.29363179208468,
                36.701740038542205
              ],
              [
                121.30715193818388,
                36.701716798712546
              ],
              [
                121.35262492366716,
                36.712661166529244
              ],
              [
                121.39569384509362,
                36.70063515915079
              ],
              [
                121.38891559200064,
                36.73755042122127
              ],
              [
                121.4493500931257,
                36.75198435538942
              ],
              [
                121.49199239576458,
                36.79473391932092
              ],
              [
                121.50188442429912,
                36.80338341590842
              ],
              [
                121.56057871111693,
                36.83033404876034
              ],
              [
                121.54391158483834,
                36.80732399454977
              ],
              [
                121.48024592810579,
                36.78559957105762
              ],
              [
                121.5272377444716,
                36.7359059175879
              ],
              [
                121.57045984558562,
                36.73982057369987
              ],
              [
                121.55132619417884,
                36.764232171470205
              ],
              [
                121.64680336158672,
                36.72348010762608
              ],
              [
                121.62711810163556,
                36.80064923957905
              ],
              [
                121.67138037108815,
                36.818766722953505
              ],
              [
                121.72119288527527,
                36.825871309553165
              ],
              [
                121.75753326771431,
                36.84596555533924
              ],
              [
                121.76307914189364,
                36.8741993209929
              ],
              [
                121.9228679297521,
                36.932224652676034
              ],
              [
                121.96036604486676,
                36.93788889328135
              ],
              [
                122.00395544833444,
                36.96165754227353
              ],
              [
                122.03773927849323,
                36.87119944464998
              ],
              [
                122.04695350647833,
                36.90418259666973
              ],
              [
                122.08817736109263,
                36.91322090688154
              ],
              [
                122.11097992675943,
                36.93951972763242
              ],
              [
                122.1196149206283,
                36.9433515605391
              ],
              [
                122.13627867217562,
                36.93763714247985
              ],
              [
                122.1146860051379,
                36.891231696255964
              ],
              [
                122.17086176912471,
                36.89371007234629
              ],
              [
                122.1838328144669,
                36.86551014284642
              ],
              [
                122.16963197754814,
                36.842036959030786
              ],
              [
                122.21592950070934,
                36.84833096260675
              ],
              [
                122.27076284174042,
                36.83684683334584
              ],
              [
                122.27568546803731,
                36.83540679416331
              ],
              [
                122.33961561717189,
                36.82763833616954
              ],
              [
                122.37342959392579,
                36.84386343051879
              ],
              [
                122.37896534130891,
                36.864913498395296
              ],
              [
                122.41098991115378,
                36.8586896893936
              ],
              [
                122.44985764527205,
                36.87836126004896
              ],
              [
                122.44738658200357,
                36.88553076943167
              ],
              [
                122.42948399098782,
                36.91371462817491
              ],
              [
                122.47827395258973,
                36.91334717907152
              ],
              [
                122.48445710291406,
                36.886105921409346
              ],
              [
                122.52771719889456,
                36.90105671061528
              ],
              [
                122.55302621443509,
                36.96803440659901
              ],
              [
                122.54005920598594,
                37.00431260546186
              ],
              [
                122.57891853985132,
                37.03683815250082
              ],
              [
                122.57090439224262,
                37.054015644103785
              ],
              [
                122.4893870135793,
                37.033300412713466
              ],
              [
                122.46219485277281,
                37.03656561710947
              ],
              [
                122.47393212472889,
                37.05807712525471
              ],
              [
                122.47948754989032,
                37.128217581336145
              ],
              [
                122.52892684786093,
                37.152673995850634
              ],
              [
                122.57644199480832,
                37.147035010062005
              ],
              [
                122.56904215873053,
                37.17562636618085
              ],
              [
                122.61952676130389,
                37.1903964059287
              ],
              [
                122.5881361830187,
                37.26089646883425
              ],
              [
                122.56286728630842,
                37.25897285616351
              ],
              [
                122.56902979826134,
                37.29562840977281
              ],
              [
                122.60659487452372,
                37.33892788044192
              ],
              [
                122.60290105762417,
                37.36365721838131
              ],
              [
                122.64593227313473,
                37.38785204646593
              ],
              [
                122.68770016395295,
                37.37303781613302
              ],
              [
                122.7092034320318,
                37.391543547814685
              ],
              [
                122.69691028186246,
                37.417697905859626
              ],
              [
                122.67111279009701,
                37.412517929178655
              ],
              [
                122.63671231080518,
                37.42778428134842
              ],
              [
                122.54927771358409,
                37.40639802999781
              ],
              [
                122.49058327056689,
                37.41289597311709
              ],
              [
                122.48254576027253,
                37.43377731202335
              ],
              [
                122.4115465370969,
                37.41368186025984
              ],
              [
                122.33217784181781,
                37.4132767995374
              ],
              [
                122.27623829389258,
                37.43000080664987
              ],
              [
                122.28238729612669,
                37.444244862154775
              ],
              [
                122.2479192115113,
                37.467066980678524
              ],
              [
                122.1893268604261,
                37.45514240498535
              ],
              [
                122.16154043750309,
                37.4379929384872
              ],
              [
                122.12696008442289,
                37.498243125457975
              ],
              [
                122.15844366290686,
                37.518228671763346
              ],
              [
                122.1454725892369,
                37.55616292115625
              ],
              [
                122.0837970919537,
                37.55326798915053
              ],
              [
                122.07025497355349,
                37.53952011880608
              ],
              [
                122.01248944422942,
                37.53015363591686
              ],
              [
                121.99284953865188,
                37.49366749157267
              ],
              [
                121.9191195960986,
                37.47247183893265
              ],
              [
                121.76795061544853,
                37.46566210660274
              ],
              [
                121.66086351194049,
                37.4728834146769
              ],
              [
                121.63073567474387,
                37.49335002362339
              ],
              [
                121.57100200219742,
                37.45965707083088
              ],
              [
                121.56668635451234,
                37.44065406028722
              ],
              [
                121.47213527395851,
                37.475088789333874
              ],
              [
                121.45482652686549,
                37.52156350109503
              ],
              [
                121.39559983397066,
                37.55660182378043
              ],
              [
                121.39066926031207,
                37.588851574204796
              ],
              [
                121.43011930274595,
                37.591720413248964
              ],
              [
                121.38574062985764,
                37.62440848379903
              ],
              [
                121.3439194615894,
                37.63441230816073
              ],
              [
                121.3531431313836,
                37.596475757766385
              ],
              [
                121.29968305843761,
                37.58187386955252
              ],
              [
                121.21227193926445,
                37.58190763862013
              ],
              [
                121.16907365635802,
                37.59653776976095
              ],
              [
                121.14376300641388,
                37.62540767242882
              ],
              [
                121.15672237062567,
                37.64533454352205
              ],
              [
                121.13758868514725,
                37.660463374037775
              ],
              [
                121.15486461404156,
                37.69791087075475
              ],
              [
                121.13079545150298,
                37.72249147711926
              ],
              [
                121.03232835389537,
                37.717809514324415
              ],
              [
                120.98937237616319,
                37.75863708824416
              ],
              [
                120.93842003264973,
                37.784788981033046
              ],
              [
                120.93595826906304,
                37.81884449519527
              ],
              [
                120.8700831703145,
                37.832573904178
              ],
              [
                120.84046693629179,
                37.82591192659061
              ],
              [
                120.83429460809256,
                37.823537526629046
              ],
              [
                120.72821590636474,
                37.832885489381454
              ],
              [
                120.65198409992104,
                37.79233873821745
              ],
              [
                120.62923595543802,
                37.7956862574781
              ],
              [
                120.58614484869351,
                37.763544704806016
              ],
              [
                120.51266094957919,
                37.749218623998935
              ],
              [
                120.44958408436395,
                37.756615016858895
              ],
              [
                120.36264646412701,
                37.69693507618764
              ],
              [
                120.22230160687948,
                37.69282800750038
              ],
              [
                120.2148980939378,
                37.67103399694201
              ],
              [
                120.26422578578214,
                37.65777854806592
              ],
              [
                120.26730754658892,
                37.63597884427151
              ],
              [
                120.20996448943323,
                37.62032725171778
              ],
              [
                120.20317624586995,
                37.58760733751167
              ],
              [
                120.24143762483294,
                37.5558613911363
              ],
              [
                120.21738254761156,
                37.532126114484434
              ],
              [
                120.13893298273355,
                37.48073702800063
              ],
              [
                120.08093588029642,
                37.46408020907166
              ],
              [
                120.0593864634197,
                37.447954663193926
              ],
              [
                120.00468084351891,
                37.44143606999925
              ],
              [
                119.94447118401239,
                37.41927361780114
              ],
              [
                119.92170878473846,
                37.38604418482986
              ],
              [
                119.8384216374729,
                37.37601497593113
              ],
              [
                119.83162831991123,
                37.34604796658475
              ],
              [
                119.87795233696097,
                37.310438681274405
              ],
              [
                119.88721184553164,
                37.26332959590318
              ],
              [
                119.86005819920227,
                37.233309586765614
              ],
              [
                119.8248437032711,
                37.225154922665
              ],
              [
                119.80260331179274,
                37.19558052603555
              ],
              [
                119.73473086249174,
                37.133089425195195
              ],
              [
                119.69287085812154,
                37.126459027161964
              ],
              [
                119.68179771058465,
                37.14316659118981
              ],
              [
                119.67318676670496,
                37.1574836183463
              ],
              [
                119.57099485057267,
                37.127066637791756
              ],
              [
                119.48384650116304,
                37.1340148901884
              ],
              [
                119.42205689999597,
                37.1248183208929
              ],
              [
                119.35553892405225,
                37.12483688525511
              ],
              [
                119.32173053463806,
                37.114882591376414
              ],
              [
                119.29529726506253,
                37.13877234250785
              ],
              [
                119.29283217444613,
                37.196444589438265
              ],
              [
                119.2010578569159,
                37.2226546012292
              ],
              [
                119.18500617447849,
                37.25881813961263
              ],
              [
                119.19858271207596,
                37.279307438129464
              ],
              [
                119.1306884872144,
                37.230153556424824
              ],
              [
                119.12204916687949,
                37.253950466569854
              ],
              [
                119.0850727079136,
                37.256790241243266
              ],
              [
                119.0783043134988,
                37.238701299797526
              ],
              [
                119.04817248831228,
                37.25397594596576
              ],
              [
                119.03403934943641,
                37.30350546313774
              ],
              [
                118.9953743162055,
                37.31788803107175
              ],
              [
                118.93703820544688,
                37.49671992112342
              ],
              [
                118.93396185504335,
                37.526626035336506
              ],
              [
                118.98306842822109,
                37.619934097859066
              ],
              [
                119.01435552999112,
                37.65632937118035
              ],
              [
                119.07394211146404,
                37.695524460944604
              ],
              [
                119.12754693427704,
                37.70453885945699
              ],
              [
                119.24108147777339,
                37.6975936516766
              ],
              [
                119.27001526187208,
                37.71651946996804
              ],
              [
                119.26939729794464,
                37.73876831996475
              ],
              [
                119.21950197871533,
                37.752020928320746
              ],
              [
                119.2114775800291,
                37.80925194663924
              ],
              [
                119.14851762442804,
                37.80536289497361
              ],
              [
                119.12198240587888,
                37.813362397876524
              ],
              [
                119.12197835113365,
                37.84692726832546
              ],
              [
                119.10470471702709,
                37.92061068560574
              ],
              [
                118.99590870053815,
                37.995357095736026
              ],
              [
                118.96828663254692,
                38.09349114609792
              ],
              [
                118.90252154185099,
                38.13880926522483
              ],
              [
                118.80567629348067,
                38.157048534967785
              ],
              [
                118.69786256326087,
                38.15043643676331
              ],
              [
                118.62042092434609,
                38.13785865335604
              ],
              [
                118.60196092586399,
                38.12845656064331
              ],
              [
                118.5921134608479,
                38.078531131682006
              ],
              [
                118.54647279229202,
                38.05492298091533
              ],
              [
                118.52855598550903,
                38.062895408457415
              ],
              [
                118.51124448942379,
                38.087821558314566
              ],
              [
                118.49887406800691,
                38.11322124192159
              ],
              [
                118.44385353871492,
                38.12343459790946
              ],
              [
                118.42533340309812,
                38.1055074213175
              ],
              [
                118.39819858578709,
                38.120088605476425
              ],
              [
                118.32498379285266,
                38.12441308121279
              ],
              [
                118.21108442087838,
                38.14615223883369
              ],
              [
                118.17156032588521,
                38.1856201758082
              ],
              [
                118.10611198381731,
                38.209513701287115
              ],
              [
                118.03900998074553,
                38.213333987060295
              ],
              [
                118.01259939193838,
                38.20164537775187
              ],
              [
                117.89087822626831,
                38.278982539676065
              ],
              [
                117.8896426418971,
                38.301060734555634
              ],
              [
                117.94257414326033,
                38.34608633725466
              ],
              [
                117.95178885504455,
                38.37562999672121
              ],
              [
                117.9315018773591,
                38.387397771716216
              ],
              [
                117.84026674588637,
                38.36766704529408
              ],
              [
                117.77481116224952,
                38.3731881567633
              ],
              [
                117.72426866229354,
                38.424299114481826
              ],
              [
                117.71872590046851,
                38.45664350392903
              ],
              [
                117.67260478955012,
                38.47639136464436
              ],
              [
                117.63879498227305,
                38.52702679542783
              ],
              [
                117.6793585841387,
                38.538652164230434
              ],
              [
                117.63202912917932,
                38.544353547093785
              ],
              [
                117.63324902894092,
                38.6261946460896
              ],
              [
                117.65045705549242,
                38.659807740375385
              ],
              [
                117.72300585994303,
                38.67930900701443
              ],
              [
                117.73470142473757,
                38.69938012987673
              ],
              [
                117.73469471367262,
                38.753048323932795
              ],
              [
                117.66519382320608,
                38.77133369810248
              ],
              [
                117.64060646779545,
                38.78816558804025
              ],
              [
                117.63998772456301,
                38.82825181584695
              ],
              [
                117.74577144584916,
                38.84674470854189
              ],
              [
                117.77228155286527,
                38.86818419055594
              ],
              [
                117.841442714614,
                38.85479118563277
              ],
              [
                117.86983218806215,
                38.91954425626843
              ],
              [
                117.89203047992845,
                38.947937674235
              ],
              [
                117.84945777586422,
                38.956735166161586
              ],
              [
                117.83153583002657,
                39.05616217728338
              ],
              [
                117.86548725239578,
                39.12167005307286
              ],
              [
                117.95844893470523,
                39.171697931814855
              ],
              [
                117.97134193427829,
                39.20504063536771
              ],
              [
                118.02659618808592,
                39.2187815959791
              ],
              [
                118.06409521536902,
                39.21268262116317
              ],
              [
                118.0714815851746,
                39.20062452166478
              ],
              [
                118.11894415079112,
                39.18162493596241
              ],
              [
                118.15661739219512,
                39.1353051420948
              ],
              [
                118.18442156203247,
                39.07966521096341
              ],
              [
                118.21899743984763,
                39.03373381078873
              ],
              [
                118.3131959392946,
                39.00857421686454
              ],
              [
                118.35991990958513,
                39.014997585767794
              ],
              [
                118.37161404579159,
                38.970823820826084
              ],
              [
                118.48517273392987,
                38.908165124243844
              ],
              [
                118.53401707432542,
                38.90923274993909
              ],
              [
                118.59878332470032,
                38.97071088029436
              ],
              [
                118.56487973590073,
                38.998589813815244
              ],
              [
                118.52719760482954,
                39.0900257410827
              ],
              [
                118.58275037566952,
                39.1068223252844
              ],
              [
                118.57288350926407,
                39.13001706800041
              ],
              [
                118.63137006606668,
                39.15643384418249
              ],
              [
                118.75497855044122,
                39.132622055981805
              ],
              [
                118.80864423678024,
                39.13779023144811
              ],
              [
                118.85185245331137,
                39.161986920659714
              ],
              [
                118.89131678984113,
                39.15042853584609
              ],
              [
                118.91470796463726,
                39.17082581204142
              ],
              [
                118.94544098304455,
                39.17773431863575
              ],
              [
                118.89070209681631,
                39.13883238917662
              ],
              [
                118.88454354726831,
                39.11795192033007
              ],
              [
                118.92024926049238,
                39.12258141864608
              ],
              [
                118.97183928037533,
                39.162366769512026
              ],
              [
                119.01785135778874,
                39.18587576415905
              ],
              [
                119.03196476173822,
                39.21040509271363
              ],
              [
                119.08975441847579,
                39.24090633232201
              ],
              [
                119.11501484049775,
                39.280281701126114
              ],
              [
                119.17919726691343,
                39.34101234597351
              ],
              [
                119.26673766012475,
                39.36234660219477
              ],
              [
                119.3110032420868,
                39.409440047662834
              ],
              [
                119.31038524306325,
                39.43578150556536
              ],
              [
                119.26364437473202,
                39.497271307821755
              ],
              [
                119.36013502459366,
                39.73356342315293
              ],
              [
                119.4680580501947,
                39.811830329863675
              ],
              [
                119.53052968258578,
                39.80787107867192
              ],
              [
                119.5144479044302,
                39.83908025112067
              ],
              [
                119.53484755497323,
                39.88690344026896
              ],
              [
                119.58238820217794,
                39.909467224238895
              ],
              [
                119.6144275398732,
                39.90349157258545
              ],
              [
                119.63657780594785,
                39.924117328855914
              ],
              [
                119.67593390798334,
                39.921292261295804
              ],
              [
                119.72022979811618,
                39.93958159994529
              ],
              [
                119.78127651274954,
                39.949229164359245
              ],
              [
                119.81463337007564,
                39.97817870751015
              ],
              [
                119.83688461263952,
                39.95482881401717
              ],
              [
                119.86653577442067,
                39.959460451813634
              ],
              [
                119.84862078876368,
                39.987410401148566
              ],
              [
                119.91278845221345,
                39.988822511213364
              ],
              [
                119.93617601546482,
                40.00850502470188
              ],
              [
                119.9417083997739,
                40.03919811159521
              ],
              [
                120.08616964575174,
                40.07597069525133
              ],
              [
                120.12874280635523,
                40.07324876122632
              ],
              [
                120.15592538127403,
                40.09481135418825
              ],
              [
                120.26763667328058,
                40.12603265817026
              ],
              [
                120.36604851269307,
                40.172985094007316
              ],
              [
                120.44559475183618,
                40.176217927320295
              ],
              [
                120.48640325672035,
                40.198722063400574
              ],
              [
                120.51856241335102,
                40.25546332852528
              ],
              [
                120.51670123832096,
                40.30338655188104
              ],
              [
                120.53215701162163,
                40.32395676583266
              ],
              [
                120.59756489004569,
                40.35960276642216
              ],
              [
                120.59140039782822,
                40.397884602223506
              ],
              [
                120.61233475977848,
                40.418374672379144
              ],
              [
                120.61110079616849,
                40.44342074111061
              ],
              [
                120.6141764162055,
                40.45889466519641
              ],
              [
                120.66151775406138,
                40.46610399476399
              ],
              [
                120.68855199611413,
                40.5042696211789
              ],
              [
                120.7168342285723,
                40.51423446712179
              ],
              [
                120.72298442240158,
                40.53787060372091
              ],
              [
                120.8173134116613,
                40.592921179670014
              ],
              [
                120.83212486905781,
                40.64288660242314
              ],
              [
                120.82471301723326,
                40.66964202934889
              ],
              [
                120.8561933249667,
                40.68330276757727
              ],
              [
                120.93440727725574,
                40.68511597879792
              ],
              [
                120.97799150490617,
                40.71130755374856
              ],
              [
                121.02706831286257,
                40.70753667204304
              ],
              [
                121.0233812755902,
                40.74470818566403
              ],
              [
                120.98596204722382,
                40.74255375932634
              ],
              [
                120.97491727255247,
                40.7647836564587
              ],
              [
                120.98902356780027,
                40.78919462885292
              ],
              [
                120.96632268103214,
                40.80419899229123
              ],
              [
                121.00190157351497,
                40.80590411822565
              ],
              [
                121.00558515083698,
                40.78280523264655
              ],
              [
                121.08113184445104,
                40.79623668229198
              ],
              [
                121.07128611734304,
                40.813895957842405
              ],
              [
                121.09097577292164,
                40.83786722524886
              ],
              [
                121.12055207176135,
                40.86728158994523
              ],
              [
                121.17239291024362,
                40.87188743054623
              ],
              [
                121.23100355078756,
                40.849354005772156
              ],
              [
                121.24578409957304,
                40.878750727915445
              ],
              [
                121.34967680611351,
                40.890359429044615
              ],
              [
                121.4346644934453,
                40.879949833989514
              ],
              [
                121.49399697927522,
                40.8782915608043
              ],
              [
                121.52120891516162,
                40.85033240153032
              ],
              [
                121.54963362187625,
                40.84813686551707
              ],
              [
                121.54778561519494,
                40.81601052349068
              ],
              [
                121.57123732046914,
                40.836405743287195
              ],
              [
                121.6211301805768,
                40.842731259957596
              ],
              [
                121.67768897954882,
                40.828157606645185
              ],
              [
                121.72688888875297,
                40.84528108594605
              ],
              [
                121.72996557408156,
                40.86065647148856
              ],
              [
                121.77310725712333,
                40.88508198875234
              ],
              [
                121.81076798126657,
                40.893274719155656
              ],
              [
                121.83795429502,
                40.83001324998636
              ],
              [
                121.87869975289509,
                40.800651629497914
              ],
              [
                121.92920704695553,
                40.796560559420925
              ],
              [
                121.9310626130421,
                40.71003540138475
              ],
              [
                121.94643403729388,
                40.67917390548926
              ],
              [
                122.02010778162892,
                40.67261697316321
              ],
              [
                122.06066325587436,
                40.64712235640282
              ],
              [
                122.11671892322873,
                40.65573184662759
              ],
              [
                122.14325785100542,
                40.67028357735201
              ],
              [
                122.1284478766616,
                40.61262890462302
              ],
              [
                122.14512088091355,
                40.5867698560079
              ],
              [
                122.240796873724,
                40.518277367366395
              ],
              [
                122.22600549854691,
                40.50371860656537
              ],
              [
                122.25989367024873,
                40.47870003899789
              ],
              [
                122.2352580399228,
                40.45959062926067
              ],
              [
                122.24573505876954,
                40.44411466873764
              ],
              [
                122.22416510876575,
                40.422706755087766
              ],
              [
                122.18157929512151,
                40.421283043984666
              ],
              [
                122.1933165618198,
                40.380757621531025
              ],
              [
                122.1470020033321,
                40.35606039060164
              ],
              [
                122.13032936241683,
                40.37335690074425
              ],
              [
                122.10565546136475,
                40.34734799566307
              ],
              [
                122.13280314098304,
                40.337343403989486
              ],
              [
                122.10504292900708,
                40.31405395523646
              ],
              [
                122.07423852528501,
                40.33139213072625
              ],
              [
                122.0348899037768,
                40.3205108379962
              ],
              [
                122.03428310735934,
                40.25890075479948
              ],
              [
                122.02138836974963,
                40.243408318988216
              ],
              [
                121.93542193932258,
                40.24089980733946
              ],
              [
                121.94526136280895,
                40.20296048922381
              ],
              [
                121.97597357958472,
                40.17179859864581
              ],
              [
                121.99807061809294,
                40.170817228108604
              ],
              [
                121.9900971138693,
                40.12693244507934
              ],
              [
                121.95141482438605,
                40.13207284622886
              ],
              [
                121.90528892213791,
                40.0717180142012
              ],
              [
                121.8195200585199,
                40.024440955835274
              ],
              [
                121.79111472283745,
                39.997808271482604
              ],
              [
                121.77383903417885,
                39.94137491704302
              ],
              [
                121.75903752241591,
                39.93218692953587
              ],
              [
                121.69439395234366,
                39.93589964360756
              ],
              [
                121.62185968465772,
                39.88140038474745
              ],
              [
                121.5670351020459,
                39.863951861243564
              ],
              [
                121.53677880943263,
                39.8730846464929
              ],
              [
                121.5250390310232,
                39.85008911352818
              ],
              [
                121.4669231114237,
                39.80074696190178
              ],
              [
                121.48176571114843,
                39.75894064230063
              ],
              [
                121.45395126425323,
                39.746445758815206
              ],
              [
                121.49723275950655,
                39.70192374260956
              ],
              [
                121.47745010671333,
                39.65811763543658
              ],
              [
                121.44654931121157,
                39.65665670342982
              ],
              [
                121.44470025689844,
                39.62347848395264
              ],
              [
                121.32034344639122,
                39.600018894472235
              ],
              [
                121.29392149620176,
                39.604676586749235
              ],
              [
                121.25825326426319,
                39.588580209084924
              ],
              [
                121.22129825828173,
                39.5535244524418
              ],
              [
                121.21945262619333,
                39.517994394919825
              ],
              [
                121.263189400263,
                39.481530024226814
              ],
              [
                121.28163848954975,
                39.50598000093251
              ],
              [
                121.29639448920197,
                39.47502456514368
              ],
              [
                121.26504013909097,
                39.43302980530336
              ],
              [
                121.24164968474402,
                39.42010007564464
              ],
              [
                121.24042137687614,
                39.388206491313206
              ],
              [
                121.26504717966327,
                39.37294041696098
              ],
              [
                121.30255048164834,
                39.38999786948579
              ],
              [
                121.31914197534694,
                39.37008491567348
              ],
              [
                121.34924938455006,
                39.37650350909586
              ],
              [
                121.42744658206988,
                39.356132546992875
              ],
              [
                121.43053568683352,
                39.32838024750452
              ],
              [
                121.46141756905719,
                39.31872635983602
              ],
              [
                121.46945540299129,
                39.29514358954023
              ],
              [
                121.50346457354885,
                39.29107696744776
              ],
              [
                121.510266758992,
                39.285541760366634
              ],
              [
                121.55722344411556,
                39.321752647597066
              ],
              [
                121.6163868115511,
                39.325007683134814
              ],
              [
                121.71968129433172,
                39.363239236778014
              ],
              [
                121.70676360987756,
                39.338738604041716
              ],
              [
                121.71353245432545,
                39.31929680671072
              ],
              [
                121.66250371876197,
                39.309664137075586
              ],
              [
                121.66742511995965,
                39.27447304076898
              ],
              [
                121.61885283628754,
                39.28473780927541
              ],
              [
                121.58437063052388,
                39.2620619287201
              ],
              [
                121.62624140125752,
                39.22544661703873
              ],
              [
                121.58622368903104,
                39.22778552411544
              ],
              [
                121.5819126173399,
                39.192562163817584
              ],
              [
                121.59916867207669,
                39.16520983077858
              ],
              [
                121.63424302177576,
                39.165176507438744
              ],
              [
                121.67727716509911,
                39.116854640717754
              ],
              [
                121.62687331913146,
                39.077025736212214
              ],
              [
                121.60102495596159,
                39.07983331478163
              ],
              [
                121.63732303184857,
                39.11878381812481
              ],
              [
                121.58561563949142,
                39.154079420455886
              ],
              [
                121.55724565693151,
                39.12621972685995
              ],
              [
                121.59424822206859,
                39.097939628227714
              ],
              [
                121.57699412300771,
                39.074722703168334
              ],
              [
                121.50287598537018,
                39.03323400795739
              ],
              [
                121.42563576672894,
                39.02607567379706
              ],
              [
                121.3652719977507,
                39.05905867961658
              ],
              [
                121.3118116431866,
                39.01130108801426
              ],
              [
                121.33577655469311,
                38.97964794659778
              ],
              [
                121.27001592772694,
                38.97092151082996
              ],
              [
                121.1991652931298,
                38.94020167527353
              ],
              [
                121.17509261584063,
                38.958766653360506
              ],
              [
                121.12263485899578,
                38.95774898990942
              ],
              [
                121.08382184017549,
                38.92098218473067
              ],
              [
                121.08875032026319,
                38.89305509257446
              ],
              [
                121.1244946286067,
                38.87817620460553
              ],
              [
                121.1053846815581,
                38.86092925036562
              ],
              [
                121.12327033780068,
                38.7980413689492
              ],
              [
                121.10662733497473,
                38.77518030436647
              ],
              [
                121.13253290264042,
                38.722023851242604
              ],
              [
                121.19363737701353,
                38.72073121815974
              ],
              [
                121.25465300990207,
                38.785614871251994
              ],
              [
                121.27557230165368,
                38.78606460743334
              ],
              [
                121.28356658696944,
                38.7888522914098
              ],
              [
                121.31060799562135,
                38.79300355287574
              ],
              [
                121.35423293077707,
                38.82135711150368
              ],
              [
                121.39360817184709,
                38.81153353320405
              ],
              [
                121.50475603721519,
                38.816872881935964
              ],
              [
                121.5597422794393,
                38.87383497297665
              ],
              [
                121.61336175189369,
                38.86174159161734
              ],
              [
                121.67054560608284,
                38.860719765895524
              ],
              [
                121.7037416893399,
                38.87183998481474
              ],
              [
                121.71419388334286,
                38.91930709877735
              ],
              [
                121.65086673719203,
                38.94593526040697
              ],
              [
                121.61396745838216,
                38.949243830140574
              ],
              [
                121.6576264494985,
                38.965455832257724
              ],
              [
                121.66622605593503,
                39.00913849834643
              ],
              [
                121.73326623892854,
                38.99789017750345
              ],
              [
                121.75174638147215,
                39.02484243667292
              ],
              [
                121.78505473180243,
                39.02161681173717
              ],
              [
                121.79987831527106,
                38.970043090576226
              ],
              [
                121.85855111135768,
                38.9417747256923
              ],
              [
                121.91588111872544,
                38.96877179545246
              ],
              [
                121.90109953579002,
                38.99667441661695
              ],
              [
                121.84804486114035,
                39.03473465916536
              ],
              [
                121.8838387741635,
                39.02641289535258
              ],
              [
                121.92449114092383,
                39.02407660723325
              ],
              [
                121.90232527517794,
                39.05475209570892
              ],
              [
                121.91833397124367,
                39.052884504625005
              ],
              [
                121.95829828558597,
                39.0291226704653
              ],
              [
                122.00863412298277,
                39.07217137517923
              ],
              [
                122.0565497193658,
                39.05905272096879
              ],
              [
                122.06639013776572,
                39.07297018984259
              ],
              [
                122.04302226679589,
                39.099934891315
              ],
              [
                122.08300438098559,
                39.11101992393436
              ],
              [
                122.12245413920505,
                39.14351220980069
              ],
              [
                122.16196595399103,
                39.157489637449196
              ],
              [
                122.11874851375991,
                39.17133455242027
              ],
              [
                122.11195853989734,
                39.21258439292785
              ],
              [
                122.1551635817304,
                39.236739024606344
              ],
              [
                122.237863328591,
                39.26649476695221
              ],
              [
                122.26987665858695,
                39.32110607417371
              ],
              [
                122.30369440607872,
                39.345116702654366
              ],
              [
                122.36084737340131,
                39.36906549926736
              ],
              [
                122.36145891745184,
                39.38940952778523
              ],
              [
                122.40762147929748,
                39.41018709337551
              ],
              [
                122.4501934808233,
                39.407010036645126
              ],
              [
                122.46254847247802,
                39.40195477052837
              ],
              [
                122.50705192886743,
                39.41225148255954
              ],
              [
                122.52806292506693,
                39.418779886553665
              ],
              [
                122.57680935201154,
                39.46321478300293
              ],
              [
                122.63218683493564,
                39.48766352325671
              ],
              [
                122.64447179149738,
                39.51534068083831
              ],
              [
                122.67763564645449,
                39.513432086126144
              ],
              [
                122.8038003969853,
                39.55863153655946
              ],
              [
                122.84204996327752,
                39.580377561738665
              ],
              [
                122.85561692214569,
                39.603451748280385
              ],
              [
                122.936856405681,
                39.603448104511166
              ],
              [
                122.96753966720283,
                39.59369664580455
              ],
              [
                122.97366913170706,
                39.61488446866215
              ],
              [
                123.01596952555653,
                39.641946167376474
              ],
              [
                123.00554477364318,
                39.65395551703323
              ],
              [
                123.09766413559775,
                39.675450148676624
              ],
              [
                123.14080793304859,
                39.64555268893902
              ],
              [
                123.16116252379602,
                39.67276566179162
              ],
              [
                123.2074275789678,
                39.66455402953457
              ],
              [
                123.2098899970139,
                39.695409898890375
              ],
              [
                123.24746547022771,
                39.68852475039339
              ],
              [
                123.28128747598646,
                39.702772298278596
              ],
              [
                123.26468753586487,
                39.713377125473585
              ],
              [
                123.26898732408472,
                39.75248751481417
              ],
              [
                123.34515788120747,
                39.749140524703805
              ],
              [
                123.38388241396893,
                39.762435372081676
              ],
              [
                123.38265401020634,
                39.745873938264516
              ],
              [
                123.38696333260295,
                39.722403723596855
              ],
              [
                123.47207874091487,
                39.74552753015832
              ],
              [
                123.51596182269411,
                39.77141680542642
              ],
              [
                123.52893578090709,
                39.78708681244561
              ],
              [
                123.54129362995506,
                39.754920884898425
              ],
              [
                123.57399372304658,
                39.77980625327781
              ],
              [
                123.60725476888007,
                39.7738300923074
              ],
              [
                123.63677130924802,
                39.794949057695085
              ],
              [
                123.6398403226656,
                39.82252481686988
              ],
              [
                123.66933523568234,
                39.82568826476511
              ],
              [
                123.68224040444628,
                39.80681845039934
              ],
              [
                123.78938381825229,
                39.821496463322774
              ],
              [
                123.80666852192618,
                39.829797094323546
              ],
              [
                123.945989338333,
                39.81653256434489
              ],
              [
                123.99694844280148,
                39.79892382338452
              ],
              [
                124.09714365245414,
                39.82172919948537
              ],
              [
                124.09345293219148,
                39.77575381088994
              ],
              [
                124.14527830183695,
                39.74406551448142
              ],
              [
                124.16749780371576,
                39.839742051626644
              ],
              [
                124.20886196288534,
                39.863699217507346
              ],
              [
                124.20947674589368,
                39.88206989222131
              ],
              [
                124.21132668797793,
                39.892633479864976
              ],
              [
                124.21256057192507,
                39.8944707671885
              ],
              [
                124.21379421890096,
                39.89768593677239
              ],
              [
                124.235989982414,
                39.92707783477634
              ],
              [
                124.2809315652702,
                39.93026576379455
              ],
              [
                124.28277279290565,
                39.96146087219667
              ],
              [
                124.34361761508057,
                39.9874926907189
              ],
              [
                124.36636207775757,
                40.0200040321245
              ],
              [
                124.33070353882025,
                40.04846902642275
              ],
              [
                124.34114709492908,
                40.07821870000874
              ],
              [
                124.42239513663786,
                40.14270532156041
              ],
              [
                124.4520239845301,
                40.17614093008298
              ],
              [
                124.48478231239935,
                40.18262881329406
              ],
              [
                124.50827368678046,
                40.21697522481266
              ],
              [
                124.509510055138,
                40.21880650281608
              ]
            ]
          ]
        },
        "id": 0
      },
      {
        "type": "Feature",
        "properties": {},
        "geometry": {
          "type": "Polygon",
          "coordinates": [
            [
              [
                114.02671001301748,
                22.50669993473118
              ],
              [
                113.99598710450239,
                22.494072049406967
              ],
              [
                113.97264091817169,
                22.459854672450092
              ],
              [
                113.91359280091648,
                22.421244353841544
              ],
              [
                113.9154437183407,
                22.370882323669882
              ],
              [
                113.94682942459046,
                22.358104055293857
              ],
              [
                113.95174802389896,
                22.36252096704964
              ],
              [
                113.97510492454587,
                22.369103003899394
              ],
              [
                114.02118804443427,
                22.350698256178386
              ],
              [
                113.95052196645737,
                22.301616939560457
              ],
              [
                113.96466031123394,
                22.324287352178047
              ],
              [
                113.89326555819905,
                22.311647762704123
              ],
              [
                113.88463564632086,
                22.274534269759002
              ],
              [
                113.83834746679199,
                22.23236677589448
              ],
              [
                113.84452566356647,
                22.194134672574773
              ],
              [
                113.8945044187205,
                22.218574285723697
              ],
              [
                113.93084360617027,
                22.208018334815574
              ],
              [
                113.97634262188379,
                22.23285298636688
              ],
              [
                113.99170416098137,
                22.208976287530234
              ],
              [
                114.02119563227399,
                22.232165833402803
              ],
              [
                113.9996888337961,
                22.242202894519323
              ],
              [
                114.02488140821737,
                22.265955073509907
              ],
              [
                114.02979578982375,
                22.303609219671802
              ],
              [
                114.06485514744963,
                22.3295677859878
              ],
              [
                114.11600794123098,
                22.323469756199394
              ],
              [
                114.14069814289218,
                22.303566379192414
              ],
              [
                114.1153940378191,
                22.274730064670102
              ],
              [
                114.15984743262429,
                22.229363138171625
              ],
              [
                114.19566447523525,
                22.234969558636177
              ],
              [
                114.19813581937007,
                22.20947998241446
              ],
              [
                114.26103813867945,
                22.20341673896471
              ],
              [
                114.2437811473479,
                22.277673679115495
              ],
              [
                114.25733613739767,
                22.29761205983781
              ],
              [
                114.28012051324615,
                22.2665720958827
              ],
              [
                114.3084218117442,
                22.267081795152713
              ],
              [
                114.3108801152414,
                22.30197452689704
              ],
              [
                114.31088008043727,
                22.302527662600973
              ],
              [
                114.27334469731214,
                22.331380864852513
              ],
              [
                114.27826611712159,
                22.389500633958015
              ],
              [
                114.31763971248952,
                22.388329561001825
              ],
              [
                114.31825478976829,
                22.38832839191068
              ],
              [
                114.31886989998696,
                22.38777414365871
              ],
              [
                114.3188699350171,
                22.387220065453885
              ],
              [
                114.35208626059479,
                22.342876228860714
              ],
              [
                114.38963377576066,
                22.364427914173174
              ],
              [
                114.38039247192975,
                22.41424260130842
              ],
              [
                114.4013365491787,
                22.43526085708588
              ],
              [
                114.40133647850293,
                22.436366943213834
              ],
              [
                114.3711561914329,
                22.43914692191377
              ],
              [
                114.32070915661798,
                22.481818072436837
              ],
              [
                114.27395363328691,
                22.43875067218909
              ],
              [
                114.21540335672604,
                22.430451394270328
              ],
              [
                114.20059007519806,
                22.452560103993072
              ],
              [
                114.22835588444356,
                22.469736645649284
              ],
              [
                114.24808494752547,
                22.44816964622676
              ],
              [
                114.33608246119523,
                22.5061179697472
              ],
              [
                114.30471621743001,
                22.50009490252985
              ],
              [
                114.28441174167507,
                22.525558513858414
              ],
              [
                114.25916875536154,
                22.54437680317392
              ],
              [
                114.25855272796649,
                22.544377124038743
              ],
              [
                114.25547197576614,
                22.550458090850025
              ],
              [
                114.22773516398969,
                22.531661742844186
              ],
              [
                114.227734464591,
                22.54271711421054
              ],
              [
                114.2178637036148,
                22.555973126672637
              ],
              [
                114.16106049421327,
                22.561960384519352
              ],
              [
                114.15179775978629,
                22.546469529056928
              ],
              [
                114.09009402389125,
                22.53701093352262
              ],
              [
                114.07715797391347,
                22.514904269782303
              ],
              [
                114.02671001301748,
                22.50669993473118
              ]
            ]
          ]
        },
        "id": 1
      },
      {
        "type": "Feature",
        "properties": {},
        "geometry": {
          "type": "Polygon",
          "coordinates": [
            [
              [
                122.63466797710763,
                39.285159171303455
              ],
              [
                122.58853574475027,
                39.277322701166895
              ],
              [
                122.5342525230112,
                39.30733875265306
              ],
              [
                122.50397500838889,
                39.28920368358692
              ],
              [
                122.5725171767314,
                39.26897849899601
              ],
              [
                122.67397978750128,
                39.26749337125096
              ],
              [
                122.66845206511955,
                39.26842946573729
              ],
              [
                122.65801140081689,
                39.272617224060895
              ],
              [
                122.65064110065899,
                39.27633494741841
              ],
              [
                122.63589580285777,
                39.2870083142888
              ],
              [
                122.63466797710763,
                39.285159171303455
              ]
            ]
          ]
        },
        "id": 2
      },
      {
        "type": "Feature",
        "properties": {},
        "geometry": {
          "type": "Polygon",
          "coordinates": [
            [
              [
                122.3135474672195,
                39.169570048626234
              ],
              [
                122.3399742657951,
                39.14354856773265
              ],
              [
                122.36087027373114,
                39.1736597362963
              ],
              [
                122.39348184598474,
                39.160650124198945
              ],
              [
                122.37809038164498,
                39.1894035835985
              ],
              [
                122.3879349856146,
                39.21210947796956
              ],
              [
                122.33812368902595,
                39.20197525226209
              ],
              [
                122.31723407891981,
                39.17605518581381
              ],
              [
                122.31784894856091,
                39.173271661165636
              ],
              [
                122.31416187614819,
                39.17096005897258
              ],
              [
                122.3135474672195,
                39.169570048626234
              ]
            ]
          ]
        },
        "id": 3
      },
      {
        "type": "Feature",
        "properties": {},
        "geometry": {
          "type": "Polygon",
          "coordinates": [
            [
              [
                122.68688062052021,
                39.231804233801185
              ],
              [
                122.69179814625853,
                39.205382821063516
              ],
              [
                122.74651936092187,
                39.22850258082832
              ],
              [
                122.73543913169313,
                39.24749783293788
              ],
              [
                122.63098557802392,
                39.2407067492906
              ],
              [
                122.623611318599,
                39.23098790969308
              ],
              [
                122.6850385892779,
                39.23366047611853
              ],
              [
                122.68626618262967,
                39.23319454167959
              ],
              [
                122.68688062052021,
                39.231804233801185
              ]
            ]
          ]
        },
        "id": 4
      },
      {
        "type": "Feature",
        "properties": {},
        "geometry": {
          "type": "Polygon",
          "coordinates": [
            [
              [
                122.73361794189657,
                39.033648999339995
              ],
              [
                122.69980298542852,
                39.043439431426066
              ],
              [
                122.72808339236016,
                39.013207750504314
              ],
              [
                122.7527013718394,
                39.00855591106486
              ],
              [
                122.73423302582111,
                39.03550757404994
              ],
              [
                122.73361794189657,
                39.033648999339995
              ]
            ]
          ]
        },
        "id": 5
      },
      {
        "type": "Feature",
        "properties": {},
        "geometry": {
          "type": "Polygon",
          "coordinates": [
            [
              [
                110.10196078060041,
                20.028772258830127
              ],
              [
                110.03797542165275,
                19.993381117885075
              ],
              [
                109.9931442394157,
                19.98224983824159
              ],
              [
                109.96121026817544,
                19.995850477729245
              ],
              [
                109.89477847827,
                19.996499260525127
              ],
              [
                109.8510017950636,
                19.98632601049969
              ],
              [
                109.81027057375282,
                19.995258251637633
              ],
              [
                109.75723133992342,
                19.983371478186907
              ],
              [
                109.70798209952183,
                20.019417076709374
              ],
              [
                109.65388567457488,
                20.01388421494619
              ],
              [
                109.58128202899042,
                19.990306327511504
              ],
              [
                109.52267271154636,
                19.945729404914395
              ],
              [
                109.49426282384736,
                19.875252301261675
              ],
              [
                109.40663790437077,
                19.89703933909399
              ],
              [
                109.34512120279692,
                19.900469379835258
              ],
              [
                109.29657689378688,
                19.919705850836895
              ],
              [
                109.2553756395238,
                19.90060174938557
              ],
              [
                109.25168416960335,
                19.869061561656697
              ],
              [
                109.22705360105054,
                19.8651125106509
              ],
              [
                109.15491298123509,
                19.792320243073622
              ],
              [
                109.16540156610424,
                19.738231978113685
              ],
              [
                109.14319896503923,
                19.70662242962998
              ],
              [
                109.08959473736812,
                19.6913537756297
              ],
              [
                109.0447169327048,
                19.621478483756736
              ],
              [
                108.98947615226581,
                19.588914153518672
              ],
              [
                108.92499938114001,
                19.526436825804407
              ],
              [
                108.85171779259278,
                19.471103033458935
              ],
              [
                108.80237230245572,
                19.452385952205812
              ],
              [
                108.76168890126965,
                19.402654397921072
              ],
              [
                108.69032063667554,
                19.389152218099543
              ],
              [
                108.64115807449555,
                19.351405360272732
              ],
              [
                108.60548867897715,
                19.278575931155622
              ],
              [
                108.58763864337158,
                19.143501327665813
              ],
              [
                108.59503272836959,
                19.057546201462895
              ],
              [
                108.62703299442207,
                19.004912050502295
              ],
              [
                108.63441479789762,
                18.92623760484403
              ],
              [
                108.59196130543344,
                18.87418373906137
              ],
              [
                108.58950017958952,
                18.811318011905257
              ],
              [
                108.6491762660589,
                18.742138061497034
              ],
              [
                108.6602404656766,
                18.675230427070254
              ],
              [
                108.63750466482756,
                18.5675082112878
              ],
              [
                108.64119588304494,
                18.48861580809663
              ],
              [
                108.68544626083916,
                18.44936024372394
              ],
              [
                108.7728233019286,
                18.44363261515993
              ],
              [
                108.87765464884407,
                18.41823991214406
              ],
              [
                108.90167433097908,
                18.390985064217293
              ],
              [
                108.94103392554446,
                18.31594353476823
              ],
              [
                109.002420930007,
                18.324872999930804
              ],
              [
                109.10443672052048,
                18.325276913415
              ],
              [
                109.1346350512177,
                18.269604221548807
              ],
              [
                109.17040587487853,
                18.261708612312564
              ],
              [
                109.28374706309418,
                18.266319320490236
              ],
              [
                109.35134863512663,
                18.21673355872379
              ],
              [
                109.43692544153582,
                18.200801976817843
              ],
              [
                109.4628464465239,
                18.17526368632325
              ],
              [
                109.52337507777804,
                18.170887759766728
              ],
              [
                109.58075294880074,
                18.1453890255105
              ],
              [
                109.65766095556081,
                18.17717823517348
              ],
              [
                109.72222120864984,
                18.17934964894249
              ],
              [
                109.74561330333283,
                18.19526516646456
              ],
              [
                109.7813542834281,
                18.341391322727095
              ],
              [
                109.91579137391442,
                18.37734122923781
              ],
              [
                110.01839988892407,
                18.36175540110809
              ],
              [
                110.06633602510531,
                18.377561621131534
              ],
              [
                110.08602875268761,
                18.400836048371364
              ],
              [
                110.1125147545068,
                18.508156397729554
              ],
              [
                110.20998694323063,
                18.58037907870651
              ],
              [
                110.24203518616814,
                18.611601370733485
              ],
              [
                110.32506935857765,
                18.643832087270606
              ],
              [
                110.36318189566924,
                18.633558849504507
              ],
              [
                110.4951137278998,
                18.653565627637217
              ],
              [
                110.4951088231763,
                18.7533328712981
              ],
              [
                110.57409664506812,
                18.786375665742113
              ],
              [
                110.58641420357795,
                18.84076250569316
              ],
              [
                110.58148457146673,
                18.882665944355654
              ],
              [
                110.61532247293083,
                19.154226143338267
              ],
              [
                110.67246692789828,
                19.288073631643986
              ],
              [
                110.70195665035608,
                19.321916532110166
              ],
              [
                110.7253156119545,
                19.380627253717588
              ],
              [
                110.78257271381418,
                19.401536578684155
              ],
              [
                110.83991379857518,
                19.451882372313193
              ],
              [
                110.88366573953624,
                19.52079628627244
              ],
              [
                110.91627845171453,
                19.55464895061618
              ],
              [
                111.00406616225646,
                19.605782638101036
              ],
              [
                111.05685594556034,
                19.61411328608868
              ],
              [
                111.0666874894852,
                19.630456723278648
              ],
              [
                111.03903706313422,
                19.765256722421544
              ],
              [
                111.00896127755885,
                19.852113425603545
              ],
              [
                110.96171071041303,
                20.02060681877732
              ],
              [
                110.93653515582314,
                20.030792065532548
              ],
              [
                110.86700784868576,
                20.013924023592057
              ],
              [
                110.80411612502499,
                20.038014315571242
              ],
              [
                110.77391069596311,
                20.070605153369083
              ],
              [
                110.740043235728,
                20.076216592378564
              ],
              [
                110.71297761219388,
                20.15103801243542
              ],
              [
                110.68347974701165,
                20.166264136238105
              ],
              [
                110.65153654244725,
                20.13652263764699
              ],
              [
                110.5580032046638,
                20.11237313718276
              ],
              [
                110.52221475678078,
                20.077419585011587
              ],
              [
                110.49071792277374,
                20.07957707209411
              ],
              [
                110.38279035573642,
                20.115411103184428
              ],
              [
                110.31393275794612,
                20.11101677130463
              ],
              [
                110.28504260100753,
                20.05818650933018
              ],
              [
                110.23888196266395,
                20.07959238510398
              ],
              [
                110.1401888160061,
                20.07663779672954
              ],
              [
                110.10196078060041,
                20.028772258830127
              ]
            ]
          ]
        },
        "id": 6
      },
      {
        "type": "Feature",
        "properties": {},
        "geometry": {
          "type": "Polygon",
          "coordinates": [
            [
              [
                120.439745372311,
                22.4441075457537
              ],
              [
                120.51390443919331,
                22.41166469041177
              ],
              [
                120.56640143490608,
                22.364737288289913
              ],
              [
                120.63723759826105,
                22.2445381558528
              ],
              [
                120.65569096223437,
                22.156927462878652
              ],
              [
                120.6581546396388,
                22.069838171997578
              ],
              [
                120.64770437022123,
                22.036006165731454
              ],
              [
                120.66430807456368,
                21.986016753603796
              ],
              [
                120.69812585001034,
                21.92986841457536
              ],
              [
                120.73935440569082,
                21.91816370696951
              ],
              [
                120.77817868470406,
                21.92651308488509
              ],
              [
                120.85099083521706,
                21.886083323340532
              ],
              [
                120.86949532903999,
                21.899997522562565
              ],
              [
                120.8627056915123,
                21.987183731259424
              ],
              [
                120.90399375344542,
                22.03605678281516
              ],
              [
                120.90891617612382,
                22.089325333723366
              ],
              [
                120.89967834395419,
                22.12926627289871
              ],
              [
                120.91136460236986,
                22.305504874547996
              ],
              [
                120.97772826814564,
                22.531122206665813
              ],
              [
                121.01087384725699,
                22.586838542255805
              ],
              [
                121.02928940813938,
                22.653620729420204
              ],
              [
                121.0747717576328,
                22.672311503021543
              ],
              [
                121.16661534649761,
                22.725933034670078
              ],
              [
                121.20671706647438,
                22.77345083175576
              ],
              [
                121.23383879730582,
                22.839103264997487
              ],
              [
                121.27262525991841,
                22.879885726644254
              ],
              [
                121.32057988267644,
                22.948137113563618
              ],
              [
                121.3506960134735,
                23.012517767833437
              ],
              [
                121.36668097639105,
                23.086806366216138
              ],
              [
                121.40546337835852,
                23.104945593040142
              ],
              [
                121.42642178205023,
                23.139622897033323
              ],
              [
                121.41100307970702,
                23.198457855522236
              ],
              [
                121.4362840832326,
                23.27435073184214
              ],
              [
                121.47580337365773,
                23.32499872226158
              ],
              [
                121.49371794238863,
                23.42226895776115
              ],
              [
                121.51781570704726,
                23.48602048480883
              ],
              [
                121.51904806023767,
                23.541449450594694
              ],
              [
                121.58384199213766,
                23.76361647653204
              ],
              [
                121.61770562152087,
                23.92350039913012
              ],
              [
                121.65583542518894,
                24.009885328712095
              ],
              [
                121.636153455142,
                24.06733173710039
              ],
              [
                121.63984191884269,
                24.100668794312586
              ],
              [
                121.67427184635233,
                24.136672645897278
              ],
              [
                121.68533683236734,
                24.17707616802154
              ],
              [
                121.80546765083484,
                24.34190880905037
              ],
              [
                121.82274984340157,
                24.426450560568878
              ],
              [
                121.86410561839084,
                24.482098788289715
              ],
              [
                121.88199034900593,
                24.532767279387105
              ],
              [
                121.88876611679991,
                24.62094574057733
              ],
              [
                121.85915591132051,
                24.674225684128753
              ],
              [
                121.83754689156201,
                24.737255208998278
              ],
              [
                121.8412447574274,
                24.839398905240376
              ],
              [
                121.92939049503404,
                24.94148521071473
              ],
              [
                122.00864985541331,
                25.00420601876356
              ],
              [
                121.97732672385172,
                25.033582089700108
              ],
              [
                121.94353048616935,
                25.03475013899528
              ],
              [
                121.91337552933959,
                25.14101366812665
              ],
              [
                121.83813761987741,
                25.138245478836012
              ],
              [
                121.77825839620756,
                25.163062917115482
              ],
              [
                121.74127017887534,
                25.164669617298262
              ],
              [
                121.70371893557932,
                25.194489036065686
              ],
              [
                121.69633577506272,
                25.229694266940694
              ],
              [
                121.6514501860161,
                25.244934558763937
              ],
              [
                121.61946170195988,
                25.29747895317431
              ],
              [
                121.58127466220137,
                25.31209874779583
              ],
              [
                121.53128663577243,
                25.310393924749054
              ],
              [
                121.4404680774052,
                25.2733525248446
              ],
              [
                121.40901519080404,
                25.241380971767445
              ],
              [
                121.36777019328422,
                25.162340057163693
              ],
              [
                121.3155171234374,
                25.143469573232117
              ],
              [
                121.20532849166652,
                25.129975162563603
              ],
              [
                121.12882348548838,
                25.08107599558905
              ],
              [
                121.09800518137273,
                25.07780044621443
              ],
              [
                121.0205362778814,
                25.043221219364924
              ],
              [
                121.0058058149853,
                24.99663153750138
              ],
              [
                120.95731036943903,
                24.943067782461476
              ],
              [
                120.91120425451378,
                24.867698673655678
              ],
              [
                120.88842580586508,
                24.77047832579575
              ],
              [
                120.81995979542549,
                24.691022676696676
              ],
              [
                120.75827861138261,
                24.66103062000921
              ],
              [
                120.6850464749968,
                24.60342427261419
              ],
              [
                120.63894305587796,
                24.4929892260123
              ],
              [
                120.58539000658872,
                24.435273491382805
              ],
              [
                120.54282083846381,
                24.373072222157738
              ],
              [
                120.51687420339398,
                24.314646923341222
              ],
              [
                120.46680908193866,
                24.245194988214468
              ],
              [
                120.44766052600215,
                24.18508665897444
              ],
              [
                120.38783281149456,
                24.120571285889298
              ],
              [
                120.31215783158254,
                23.987280895678587
              ],
              [
                120.27401117412991,
                23.930437846729607
              ],
              [
                120.24198131579394,
                23.84286636479079
              ],
              [
                120.1710027198088,
                23.80991945736236
              ],
              [
                120.09816713946763,
                23.70353045861553
              ],
              [
                120.09077645850269,
                23.590032191727463
              ],
              [
                120.117301820238,
                23.507197820895392
              ],
              [
                120.10374056281015,
                23.343565825812902
              ],
              [
                120.07724145249718,
                23.2941197565038
              ],
              [
                120.01451156903968,
                23.075918907081235
              ],
              [
                120.02557610373067,
                23.05112070760686
              ],
              [
                120.12906091150117,
                23.0031480924265
              ],
              [
                120.14512174224394,
                22.89906026132342
              ],
              [
                120.19639503927499,
                22.723786541976338
              ],
              [
                120.27040502947287,
                22.563117394738214
              ],
              [
                120.29318049526125,
                22.534349295217616
              ],
              [
                120.439745372311,
                22.4441075457537
              ]
            ]
          ]
        },
        "id": 7
      },
      {
        "type": "Feature",
        "properties": {},
        "geometry": {
          "type": "Polygon",
          "coordinates": [
            [
              [
                117.01983916953323,
                23.44035759119897
              ],
              [
                116.97810942934606,
                23.463538525298944
              ],
              [
                116.9400438682231,
                23.442771654582224
              ],
              [
                116.94741651721083,
                23.422442469214587
              ],
              [
                117.02229608211319,
                23.417838731776584
              ],
              [
                117.04562910132233,
                23.40295644445196
              ],
              [
                117.07697808619162,
                23.411697824623847
              ],
              [
                117.11946818567311,
                23.391937453902607
              ],
              [
                117.13796334016052,
                23.40294502082554
              ],
              [
                117.137959277956,
                23.4622415439563
              ],
              [
                117.12439243911767,
                23.485825909890384
              ],
              [
                117.08866610171908,
                23.461654359825303
              ],
              [
                117.0536107300234,
                23.475960717562355
              ],
              [
                117.02474873609368,
                23.44583450755145
              ],
              [
                117.01983916953323,
                23.44035759119897
              ]
            ]
          ]
        },
        "id": 8
      },
      {
        "type": "Feature",
        "properties": {},
        "geometry": {
          "type": "Polygon",
          "coordinates": [
            [
              [
                122.15915014186471,
                29.990462775687003
              ],
              [
                122.2356704082423,
                29.965168493469182
              ],
              [
                122.27508264426987,
                29.939745809665805
              ],
              [
                122.31812511858816,
                29.942789595387563
              ],
              [
                122.3371759692939,
                29.97904757844214
              ],
              [
                122.33963138923166,
                30.022578487277947
              ],
              [
                122.30582316607997,
                30.042330839078957
              ],
              [
                122.28675959473514,
                30.07706630064757
              ],
              [
                122.29721251389485,
                30.08896115936319
              ],
              [
                122.28983279679447,
                30.10295251543748
              ],
              [
                122.14864522294518,
                30.11580234048325
              ],
              [
                122.09127765803107,
                30.1602573310262
              ],
              [
                122.04451302403258,
                30.149444297115124
              ],
              [
                121.95114699167219,
                30.186436636505352
              ],
              [
                121.9308586306905,
                30.16422858687074
              ],
              [
                121.97941182658138,
                30.103040374322656
              ],
              [
                121.98555508425562,
                30.079720444028244
              ],
              [
                121.97388837589547,
                30.06162785838793
              ],
              [
                122.02363474496758,
                29.993603525768535
              ],
              [
                122.10238244932857,
                30.008012103755117
              ],
              [
                122.11409879353064,
                29.98884235219151
              ],
              [
                122.15915014186471,
                29.990462775687003
              ]
            ]
          ]
        },
        "id": 9
      },
      {
        "type": "Feature",
        "properties": {},
        "geometry": {
          "type": "Polygon",
          "coordinates": [
            [
              [
                118.40748498570059,
                24.517187604075534
              ],
              [
                118.36992041170669,
                24.46164044867767
              ],
              [
                118.31395112011023,
                24.489517960759425
              ],
              [
                118.29365714013655,
                24.480293086524817
              ],
              [
                118.3071916821326,
                24.427415122742598
              ],
              [
                118.2776656139836,
                24.41601478291687
              ],
              [
                118.3250264332664,
                24.3848626991727
              ],
              [
                118.34839152832524,
                24.418073905741394
              ],
              [
                118.40071204967873,
                24.430564073369023
              ],
              [
                118.4531552448723,
                24.414825010615782
              ],
              [
                118.4723054320526,
                24.44048963657736
              ],
              [
                118.44697221083113,
                24.509615324985035
              ],
              [
                118.40748498570059,
                24.517187604075534
              ]
            ]
          ]
        },
        "id": 10
      },
      {
        "type": "Feature",
        "properties": {},
        "geometry": {
          "type": "Polygon",
          "coordinates": [
            [
              [
                122.20975251275651,
                30.188871950461817
              ],
              [
                122.17456935557121,
                30.20174634233772
              ],
              [
                122.14863886554099,
                30.19342290006723
              ],
              [
                122.13938076431427,
                30.165471656327277
              ],
              [
                122.16407787160169,
                30.140675951779432
              ],
              [
                122.20975251275651,
                30.188871950461817
              ]
            ]
          ]
        },
        "id": 11
      },
      {
        "type": "Feature",
        "properties": {},
        "geometry": {
          "type": "Polygon",
          "coordinates": [
            [
              [
                122.22521048420312,
                29.71444551549959
              ],
              [
                122.2067071557095,
                29.70299237021851
              ],
              [
                122.26587190544222,
                29.687938011554134
              ],
              [
                122.22706050432149,
                29.712887145738495
              ],
              [
                122.22521048420312,
                29.71444551549959
              ]
            ]
          ]
        },
        "id": 12
      },
      {
        "type": "Feature",
        "properties": {},
        "geometry": {
          "type": "Polygon",
          "coordinates": [
            [
              [
                122.42328295193536,
                30.74053079124545
              ],
              [
                122.42267061862451,
                30.699905453667466
              ],
              [
                122.52890134146507,
                30.69914139771869
              ],
              [
                122.5239582040134,
                30.727413421606247
              ],
              [
                122.47081962086891,
                30.716460661506538
              ],
              [
                122.44117505108397,
                30.74724128046506
              ],
              [
                122.42328295193536,
                30.74053079124545
              ]
            ]
          ]
        },
        "id": 13
      },
      {
        "type": "Feature",
        "properties": {},
        "geometry": {
          "type": "Polygon",
          "coordinates": [
            [
              [
                124.53870708930856,
                25.906976706015154
              ],
              [
                124.58065515633325,
                25.91188703587267
              ],
              [
                124.56277334112809,
                25.944723483646683
              ],
              [
                124.53870708930856,
                25.906976706015154
              ]
            ]
          ]
        },
        "id": 14
      },
      {
        "type": "Feature",
        "properties": {},
        "geometry": {
          "type": "Polygon",
          "coordinates": [
            [
              [
                122.15850576023072,
                30.331962111932018
              ],
              [
                122.05372280212679,
                30.294213960752195
              ],
              [
                122.14986828806082,
                30.247204703570358
              ],
              [
                122.22763525006948,
                30.23698435378949
              ],
              [
                122.24303762126384,
                30.303661916650334
              ],
              [
                122.22392771040003,
                30.332063652492778
              ],
              [
                122.18690663184876,
                30.33201452313461
              ],
              [
                122.17208693637497,
                30.354193194612638
              ],
              [
                122.15850576023072,
                30.331962111932018
              ]
            ]
          ]
        },
        "id": 15
      },
      {
        "type": "Feature",
        "properties": {},
        "geometry": {
          "type": "Polygon",
          "coordinates": [
            [
              [
                112.84850039114592,
                21.743275806525297
              ],
              [
                112.87131391864708,
                21.77555837659503
              ],
              [
                112.83554267324271,
                21.779397433319282
              ],
              [
                112.77755826296358,
                21.74259911040286
              ],
              [
                112.71905192896921,
                21.72257023777845
              ],
              [
                112.70060493782023,
                21.681986302128117
              ],
              [
                112.72951515351315,
                21.669158884608112
              ],
              [
                112.77509622574883,
                21.67417875862913
              ],
              [
                112.72582686904012,
                21.61629631819537
              ],
              [
                112.77017091804123,
                21.566760387857205
              ],
              [
                112.81210774860578,
                21.592985414304465
              ],
              [
                112.79359942657459,
                21.613547791983112
              ],
              [
                112.8164231026491,
                21.658663842473043
              ],
              [
                112.79976280993401,
                21.689234052294708
              ],
              [
                112.82814150645683,
                21.739346799076873
              ],
              [
                112.84850039114592,
                21.743275806525297
              ]
            ]
          ]
        },
        "id": 16
      },
      {
        "type": "Feature",
        "properties": {},
        "geometry": {
          "type": "Polygon",
          "coordinates": [
            [
              [
                122.31318232724375,
                30.251908190247995
              ],
              [
                122.27382741990367,
                30.24524784631362
              ],
              [
                122.35436752434927,
                30.238391129739846
              ],
              [
                122.36113069249461,
                30.257508676914593
              ],
              [
                122.41284345571276,
                30.240944627791844
              ],
              [
                122.40298109509635,
                30.27505534400856
              ],
              [
                122.32916162390248,
                30.27513663516809
              ],
              [
                122.31318232724375,
                30.251908190247995
              ]
            ]
          ]
        },
        "id": 17
      },
      {
        "type": "Feature",
        "properties": {},
        "geometry": {
          "type": "Polygon",
          "coordinates": [
            [
              [
                112.52576965617655,
                21.586322588883338
              ],
              [
                112.55848539135714,
                21.594185350238188
              ],
              [
                112.56650138875057,
                21.622582034625488
              ],
              [
                112.61639177404766,
                21.609228925490786
              ],
              [
                112.66065597943825,
                21.64533469355087
              ],
              [
                112.63422320897499,
                21.675427324968233
              ],
              [
                112.66126810166448,
                21.686507275939856
              ],
              [
                112.65880769232082,
                21.717106703891588
              ],
              [
                112.58745236339243,
                21.696043915770197
              ],
              [
                112.55539695993865,
                21.669309302144352
              ],
              [
                112.56588409776818,
                21.64873703982827
              ],
              [
                112.53009047429073,
                21.631417770534682
              ],
              [
                112.52576965617655,
                21.586322588883338
              ]
            ]
          ]
        },
        "id": 18
      },
      {
        "type": "Feature",
        "properties": {},
        "geometry": {
          "type": "Polygon",
          "coordinates": [
            [
              [
                122.0218568397064,
                29.18098476806397
              ],
              [
                122.00896147667059,
                29.154390552494444
              ],
              [
                122.05258477158911,
                29.161071361115212
              ],
              [
                122.07165328729864,
                29.178797681640464
              ],
              [
                122.03229790581612,
                29.210192016320804
              ],
              [
                122.0218568397064,
                29.18098476806397
              ]
            ]
          ]
        },
        "id": 19
      },
      {
        "type": "Feature",
        "properties": {},
        "geometry": {
          "type": "Polygon",
          "coordinates": [
            [
              [
                112.20426827011083,
                3.877036057358419
              ],
              [
                112.23756487738808,
                3.846595575935111
              ],
              [
                112.27574223208315,
                3.868686841578939
              ],
              [
                112.2560426693727,
                3.91888679315361
              ],
              [
                112.21475313432151,
                3.9099093130774616
              ],
              [
                112.20426827011083,
                3.877036057358419
              ]
            ]
          ]
        },
        "id": 20
      },
      {
        "type": "Feature",
        "properties": {},
        "geometry": {
          "type": "Polygon",
          "coordinates": [
            [
              [
                123.44073233019348,
                25.72883078572679
              ],
              [
                123.46542638928172,
                25.71540065181326
              ],
              [
                123.50434511357517,
                25.725763381602455
              ],
              [
                123.50805004639139,
                25.75813765471757
              ],
              [
                123.47468674883966,
                25.77152179353214
              ],
              [
                123.4413476274021,
                25.752565342262965
              ],
              [
                123.44073233019348,
                25.72883078572679
              ]
            ]
          ]
        },
        "id": 21
      },
      {
        "type": "Feature",
        "properties": {},
        "geometry": {
          "type": "Polygon",
          "coordinates": [
            [
              [
                122.36792553046443,
                29.89550299883807
              ],
              [
                122.38208228068623,
                29.836328774306395
              ],
              [
                122.41164527566781,
                29.831135909433332
              ],
              [
                122.39747082219267,
                29.872135704497325
              ],
              [
                122.42952226420955,
                29.88564900899736
              ],
              [
                122.42890241575014,
                29.921443536617673
              ],
              [
                122.40732091680249,
                29.95409621674087
              ],
              [
                122.39376969486405,
                29.941649032891963
              ],
              [
                122.34762758074525,
                29.961401335786668
              ],
              [
                122.32673009444964,
                29.940180195988166
              ],
              [
                122.33472232635391,
                29.914231926022246
              ],
              [
                122.349476950222,
                29.901755204128445
              ],
              [
                122.35870018841969,
                29.896553080561443
              ],
              [
                122.36792553046443,
                29.89550299883807
              ]
            ]
          ]
        },
        "id": 22
      },
      {
        "type": "Feature",
        "properties": {},
        "geometry": {
          "type": "Polygon",
          "coordinates": [
            [
              [
                119.64176654181911,
                23.553608331837594
              ],
              [
                119.6866696254869,
                23.549684540232064
              ],
              [
                119.67374845690267,
                23.602918283006076
              ],
              [
                119.60606273931526,
                23.606856653112686
              ],
              [
                119.59744014016715,
                23.578338551608514
              ],
              [
                119.56228880073596,
                23.58764176238904
              ],
              [
                119.55797234582968,
                23.533323509758837
              ],
              [
                119.57463452181113,
                23.50535817147725
              ],
              [
                119.60483737475376,
                23.50646030985941
              ],
              [
                119.64176654181911,
                23.553608331837594
              ]
            ]
          ]
        },
        "id": 23
      },
      {
        "type": "Feature",
        "properties": {},
        "geometry": {
          "type": "Polygon",
          "coordinates": [
            [
              [
                123.6626945036588,
                25.917205256697216
              ],
              [
                123.70265293751858,
                25.918210938231642
              ],
              [
                123.68543560677554,
                25.94301481571522
              ],
              [
                123.6626945036588,
                25.917205256697216
              ]
            ]
          ]
        },
        "id": 24
      },
      {
        "type": "Feature",
        "properties": {},
        "geometry": {
          "type": "Polygon",
          "coordinates": [
            [
              [
                119.46639518133273,
                25.199808728156274
              ],
              [
                119.5028675215175,
                25.185835567219577
              ],
              [
                119.52079598711836,
                25.16043174884388
              ],
              [
                119.5448933555218,
                25.164823072908394
              ],
              [
                119.56217743986774,
                25.213050754092638
              ],
              [
                119.53624239668754,
                25.204879982289118
              ],
              [
                119.49668311180646,
                25.219929850186894
              ],
              [
                119.4688618459113,
                25.262614757901815
              ],
              [
                119.43859501713214,
                25.241434902609907
              ],
              [
                119.43921515827248,
                25.20462066338895
              ],
              [
                119.46639518133273,
                25.199808728156274
              ]
            ]
          ]
        },
        "id": 25
      },
      {
        "type": "Feature",
        "properties": {},
        "geometry": {
          "type": "Polygon",
          "coordinates": [
            [
              [
                122.42577771852586,
                30.410889257626057
              ],
              [
                122.42824215236735,
                30.4475229845791
              ],
              [
                122.36972430364948,
                30.464022853345114
              ],
              [
                122.27380888177919,
                30.473977157322743
              ],
              [
                122.27750512015818,
                30.42084435421501
              ],
              [
                122.31439891278288,
                30.409433379855177
              ],
              [
                122.34820444334495,
                30.424335276557624
              ],
              [
                122.42577771852586,
                30.410889257626057
              ]
            ]
          ]
        },
        "id": 26
      },
      {
        "type": "Feature",
        "properties": {},
        "geometry": {
          "type": "Polygon",
          "coordinates": [
            [
              [
                114.1376172924061,
                22.216578138719946
              ],
              [
                114.11848152448695,
                22.241491251823366
              ],
              [
                114.1154000875397,
                22.18051954984703
              ],
              [
                114.1499683518254,
                22.180568173433
              ],
              [
                114.1617007942693,
                22.207752401412105
              ],
              [
                114.1376172924061,
                22.216578138719946
              ]
            ]
          ]
        },
        "id": 27
      },
      {
        "type": "Feature",
        "properties": {},
        "geometry": {
          "type": "Polygon",
          "coordinates": [
            [
              [
                123.01720791656207,
                39.5451231903124
              ],
              [
                122.95589001882016,
                39.54991454190547
              ],
              [
                122.9399357256037,
                39.519034587819164
              ],
              [
                122.99023722816736,
                39.49397707972664
              ],
              [
                123.03070222094581,
                39.531706791034516
              ],
              [
                123.01720791656207,
                39.5451231903124
              ]
            ]
          ]
        },
        "id": 28
      },
      {
        "type": "Feature",
        "properties": {},
        "geometry": {
          "type": "Polygon",
          "coordinates": [
            [
              [
                121.83355654539177,
                28.773646216363986
              ],
              [
                121.85886622363383,
                28.785220481554692
              ],
              [
                121.85762932668004,
                28.81718773595475
              ],
              [
                121.83355654539177,
                28.773646216363986
              ]
            ]
          ]
        },
        "id": 29
      },
      {
        "type": "Feature",
        "properties": {},
        "geometry": {
          "type": "Polygon",
          "coordinates": [
            [
              [
                114.30103399584172,
                22.375076935055578
              ],
              [
                114.30903213539996,
                22.343508116096796
              ],
              [
                114.328096917511,
                22.356205458369992
              ],
              [
                114.30041875006697,
                22.375631077442797
              ],
              [
                114.30103399584172,
                22.375076935055578
              ]
            ]
          ]
        },
        "id": 30
      },
      {
        "type": "Feature",
        "properties": {},
        "geometry": {
          "type": "Polygon",
          "coordinates": [
            [
              [
                119.57572214633012,
                25.630437084870273
              ],
              [
                119.60715257671471,
                25.67254106209009
              ],
              [
                119.57633738174444,
                25.653109189109582
              ],
              [
                119.57572214633012,
                25.630437084870273
              ]
            ]
          ]
        },
        "id": 31
      },
      {
        "type": "Feature",
        "properties": {},
        "geometry": {
          "type": "Polygon",
          "coordinates": [
            [
              [
                120.7245117093419,
                37.946259140617556
              ],
              [
                120.71651650718219,
                37.91652364912519
              ],
              [
                120.7596213683865,
                37.89431364498838
              ],
              [
                120.75961825160513,
                37.92312202914002
              ],
              [
                120.7245117093419,
                37.946259140617556
              ]
            ]
          ]
        },
        "id": 32
      },
      {
        "type": "Feature",
        "properties": {},
        "geometry": {
          "type": "Polygon",
          "coordinates": [
            [
              [
                122.26093420088381,
                29.84792619103392
              ],
              [
                122.21718410872198,
                29.834938899385687
              ],
              [
                122.24430968956503,
                29.80691743099598
              ],
              [
                122.30584510777108,
                29.768944725472547
              ],
              [
                122.32121141143799,
                29.78397800780736
              ],
              [
                122.29538916601865,
                29.821931297765197
              ],
              [
                122.31506046929654,
                29.831760560058243
              ],
              [
                122.26093420088381,
                29.84792619103392
              ]
            ]
          ]
        },
        "id": 33
      },
      {
        "type": "Feature",
        "properties": {},
        "geometry": {
          "type": "Polygon",
          "coordinates": [
            [
              [
                119.50173986932177,
                23.62808257686115
              ],
              [
                119.50174314923217,
                23.579819235064512
              ],
              [
                119.46774740337247,
                23.559421994680967
              ],
              [
                119.51472621037259,
                23.56230247497246
              ],
              [
                119.52090232271789,
                23.62758992089016
              ],
              [
                119.50173986932177,
                23.62808257686115
              ]
            ]
          ]
        },
        "id": 34
      },
      {
        "type": "Feature",
        "properties": {},
        "geometry": {
          "type": "Polygon",
          "coordinates": [
            [
              [
                119.97251471007601,
                26.19428070338184
              ],
              [
                120.0118367956223,
                26.220489805538193
              ],
              [
                119.99463195089636,
                26.23880489976257
              ],
              [
                119.96636725250114,
                26.22116038375938
              ],
              [
                119.97251471007601,
                26.19428070338184
              ]
            ]
          ]
        },
        "id": 35
      },
      {
        "type": "Feature",
        "properties": {},
        "geometry": {
          "type": "Polygon",
          "coordinates": [
            [
              [
                114.22653359653437,
                22.01925901281182
              ],
              [
                114.30659032201476,
                22.044178212323796
              ],
              [
                114.29797801468932,
                22.053072184343616
              ],
              [
                114.23516575693621,
                22.038134222832696
              ],
              [
                114.22653359653437,
                22.01925901281182
              ]
            ]
          ]
        },
        "id": 36
      },
      {
        "type": "Feature",
        "properties": {},
        "geometry": {
          "type": "Polygon",
          "coordinates": [
            [
              [
                121.19713107959538,
                27.62646997706407
              ],
              [
                121.19343032407069,
                27.62116086639802
              ],
              [
                121.19466448790139,
                27.620101831375
              ],
              [
                121.19959880707019,
                27.629124866185077
              ],
              [
                121.19713107959538,
                27.62646997706407
              ]
            ]
          ]
        },
        "id": 37
      },
      {
        "type": "Feature",
        "properties": {},
        "geometry": {
          "type": "Polygon",
          "coordinates": [
            [
              [
                121.78661067183174,
                29.08498098994348
              ],
              [
                121.82859485507957,
                29.05317131742868
              ],
              [
                121.83908931937682,
                29.08507278817091
              ],
              [
                121.81624112632272,
                29.102274389349574
              ],
              [
                121.78661067183174,
                29.08498098994348
              ]
            ]
          ]
        },
        "id": 38
      },
      {
        "type": "Feature",
        "properties": {},
        "geometry": {
          "type": "Polygon",
          "coordinates": [
            [
              [
                110.42893208008009,
                21.173644077540892
              ],
              [
                110.48510339728502,
                21.141404408290004
              ],
              [
                110.5042502254551,
                21.143136779728835
              ],
              [
                110.54068020364222,
                21.08629061509387
              ],
              [
                110.57829183734314,
                21.0975142027049
              ],
              [
                110.62812885851562,
                21.21358411877638
              ],
              [
                110.58506268081351,
                21.19742678433245
              ],
              [
                110.52092122473591,
                21.192853654967553
              ],
              [
                110.49498172794804,
                21.21565349444418
              ],
              [
                110.4406505813867,
                21.18705592765746
              ],
              [
                110.42708153299405,
                21.18312837766588
              ],
              [
                110.42893208008009,
                21.173644077540892
              ]
            ]
          ]
        },
        "id": 39
      },
      {
        "type": "Feature",
        "properties": {},
        "geometry": {
          "type": "Polygon",
          "coordinates": [
            [
              [
                112.43003163629353,
                21.666213580838118
              ],
              [
                112.45101667393031,
                21.651229664191504
              ],
              [
                112.45348414539805,
                21.692407284187194
              ],
              [
                112.43003163629353,
                21.666213580838118
              ]
            ]
          ]
        },
        "id": 40
      },
      {
        "type": "Feature",
        "properties": {},
        "geometry": {
          "type": "Polygon",
          "coordinates": [
            [
              [
                120.6876088519965,
                37.98311762252983
              ],
              [
                120.7275865384977,
                37.96088885944736
              ],
              [
                120.71958428846196,
                37.98684765545179
              ],
              [
                120.6876088519965,
                37.98311762252983
              ]
            ]
          ]
        },
        "id": 41
      },
      {
        "type": "Feature",
        "properties": {},
        "geometry": {
          "type": "Polygon",
          "coordinates": [
            [
              [
                110.51351732957882,
                21.081753378386082
              ],
              [
                110.45546834298263,
                21.065393686972982
              ],
              [
                110.39381656866854,
                21.098825025835907
              ],
              [
                110.34829894269264,
                21.082119784957886
              ],
              [
                110.3015891303264,
                21.090581383352987
              ],
              [
                110.27146034916686,
                21.035894182710727
              ],
              [
                110.20678100328082,
                20.989511332226563
              ],
              [
                110.19691414357091,
                20.940877224092812
              ],
              [
                110.30528321394594,
                20.96600873877815
              ],
              [
                110.34338726437132,
                20.9871710673229
              ],
              [
                110.40305889082055,
                20.992704714930664
              ],
              [
                110.46843688205402,
                20.985545968564715
              ],
              [
                110.5073495971851,
                20.919152583690376
              ],
              [
                110.53143093206407,
                20.92536811940711
              ],
              [
                110.53513136417203,
                20.9902057238602
              ],
              [
                110.55610454424088,
                21.063983550771006
              ],
              [
                110.51351732957882,
                21.081753378386082
              ]
            ]
          ]
        },
        "id": 42
      },
      {
        "type": "Feature",
        "properties": {},
        "geometry": {
          "type": "Polygon",
          "coordinates": [
            [
              [
                122.49841758101557,
                39.24009977132512
              ],
              [
                122.49718306005208,
                39.222954744297326
              ],
              [
                122.54290796333731,
                39.228172869763064
              ],
              [
                122.49841758101557,
                39.24009977132512
              ]
            ]
          ]
        },
        "id": 43
      },
      {
        "type": "Feature",
        "properties": {},
        "geometry": {
          "type": "Polygon",
          "coordinates": [
            [
              [
                118.2259202237143,
                24.40403470168991
              ],
              [
                118.26904689298934,
                24.4438184091507
              ],
              [
                118.22900060218349,
                24.44872924335001
              ],
              [
                118.2259202237143,
                24.40403470168991
              ]
            ]
          ]
        },
        "id": 44
      },
      {
        "type": "Feature",
        "properties": {},
        "geometry": {
          "type": "Polygon",
          "coordinates": [
            [
              [
                121.88541476701333,
                28.474955483174625
              ],
              [
                121.914986591005,
                28.50071851260793
              ],
              [
                121.87801301655033,
                28.505973877902246
              ],
              [
                121.88541476701333,
                28.474955483174625
              ]
            ]
          ]
        },
        "id": 45
      },
      {
        "type": "Feature",
        "properties": {},
        "geometry": {
          "type": "Polygon",
          "coordinates": [
            [
              [
                122.17831841367907,
                29.653040802563705
              ],
              [
                122.20732488573505,
                29.69467692966001
              ],
              [
                122.19621527663827,
                29.714930707008655
              ],
              [
                122.14250107024097,
                29.751725201883005
              ],
              [
                122.12706949177415,
                29.791178225005634
              ],
              [
                122.07960657306988,
                29.78544838002465
              ],
              [
                122.04331841560926,
                29.722121023786027
              ],
              [
                122.06976457399213,
                29.703889227387098
              ],
              [
                122.09131385520509,
                29.718947367373897
              ],
              [
                122.13386731200244,
                29.66440038351086
              ],
              [
                122.17831841367907,
                29.653040802563705
              ]
            ]
          ]
        },
        "id": 46
      },
      {
        "type": "Feature",
        "properties": {},
        "geometry": {
          "type": "Polygon",
          "coordinates": [
            [
              [
                113.54935437991023,
                22.1104146844034
              ],
              [
                113.59869001218512,
                22.135414937574097
              ],
              [
                113.57094778444612,
                22.19750360112629
              ],
              [
                113.55366850789466,
                22.215217401352948
              ],
              [
                113.53329045749939,
                22.212403005517007
              ],
              [
                113.52958674045259,
                22.176917205816196
              ],
              [
                113.54935216352001,
                22.145355942583997
              ],
              [
                113.54935437991023,
                22.1104146844034
              ]
            ]
          ]
        },
        "id": 47
      },
      {
        "type": "Feature",
        "properties": {},
        "geometry": {
          "type": "Polygon",
          "coordinates": [
            [
              [
                119.90233161174515,
                26.693435976752635
              ],
              [
                119.9226616405567,
                26.668288498003076
              ],
              [
                119.94665776701386,
                26.69605619361155
              ],
              [
                119.90233161174515,
                26.693435976752635
              ]
            ]
          ]
        },
        "id": 48
      },
      {
        "type": "Feature",
        "properties": {},
        "geometry": {
          "type": "Polygon",
          "coordinates": [
            [
              [
                121.79136626656093,
                31.332196236646304
              ],
              [
                121.7882771198322,
                31.365402427422943
              ],
              [
                121.73771314519767,
                31.4092959162101
              ],
              [
                121.58143082245975,
                31.45695849372518
              ],
              [
                121.56292642345647,
                31.48551949725724
              ],
              [
                121.51660504856083,
                31.496133563791773
              ],
              [
                121.50548001377109,
                31.48436633357797
              ],
              [
                121.56786648535221,
                31.438059313552472
              ],
              [
                121.72355542711205,
                31.35669486349375
              ],
              [
                121.75990525385548,
                31.317343022132896
              ],
              [
                121.7808765025109,
                31.313273023380006
              ],
              [
                121.79136626656093,
                31.332196236646304
              ]
            ]
          ]
        },
        "id": 49
      },
      {
        "type": "Feature",
        "properties": {},
        "geometry": {
          "type": "Polygon",
          "coordinates": [
            [
              [
                122.45729311276831,
                29.946392292028737
              ],
              [
                122.45544022857884,
                29.946905863156154
              ],
              [
                122.45605761967353,
                29.949500255123013
              ],
              [
                122.44741375595363,
                29.945333032540997
              ],
              [
                122.44679651603333,
                29.943256804849746
              ],
              [
                122.44617912220005,
                29.943255533210387
              ],
              [
                122.44494450635801,
                29.94169707489798
              ],
              [
                122.44864912358432,
                29.93911181962743
              ],
              [
                122.44803181203912,
                29.937555554370316
              ],
              [
                122.45173736975711,
                29.928746899708266
              ],
              [
                122.45358889058181,
                29.929788064754376
              ],
              [
                122.45852970563205,
                29.930318772459078
              ],
              [
                122.46285354154966,
                29.930847588698843
              ],
              [
                122.45482310281042,
                29.941200573010782
              ],
              [
                122.45729311276831,
                29.946392292028737
              ]
            ]
          ]
        },
        "id": 50
      },
      {
        "type": "Feature",
        "properties": {},
        "geometry": {
          "type": "Polygon",
          "coordinates": [
            [
              [
                118.19938378507369,
                24.507532871399793
              ],
              [
                118.18703514761916,
                24.539640649462118
              ],
              [
                118.1401072366884,
                24.563510839656868
              ],
              [
                118.08830008155002,
                24.543325511239217
              ],
              [
                118.06367768505245,
                24.466005784329187
              ],
              [
                118.079068552041,
                24.43820049973445
              ],
              [
                118.13826618207946,
                24.423520077696438
              ],
              [
                118.18889264524755,
                24.466116559057106
              ],
              [
                118.19938378507369,
                24.507532871399793
              ]
            ]
          ]
        },
        "id": 51
      },
      {
        "type": "Feature",
        "properties": {},
        "geometry": {
          "type": "Polygon",
          "coordinates": [
            [
              [
                122.56655207326183,
                30.646734789469118
              ],
              [
                122.55544686488675,
                30.68222255343673
              ],
              [
                122.54248980143718,
                30.654413449821302
              ],
              [
                122.56655207326183,
                30.646734789469118
              ]
            ]
          ]
        },
        "id": 52
      },
      {
        "type": "Feature",
        "properties": {},
        "geometry": {
          "type": "Polygon",
          "coordinates": [
            [
              [
                120.78152743473301,
                40.472392950634955
              ],
              [
                120.82782177934534,
                40.49067031118842
              ],
              [
                120.82473152991334,
                40.51476985303385
              ],
              [
                120.80003481339237,
                40.52427439562486
              ],
              [
                120.76919038427434,
                40.47874995432833
              ],
              [
                120.78152743473301,
                40.472392950634955
              ]
            ]
          ]
        },
        "id": 53
      },
      {
        "type": "Feature",
        "properties": {},
        "geometry": {
          "type": "Polygon",
          "coordinates": [
            [
              [
                119.63851186497861,
                26.132549595536187
              ],
              [
                119.66065441953351,
                26.158851960900336
              ],
              [
                119.6225084212516,
                26.17665025176258
              ],
              [
                119.6015735147783,
                26.156241700135073
              ],
              [
                119.63851186497861,
                26.132549595536187
              ]
            ]
          ]
        },
        "id": 54
      },
      {
        "type": "Feature",
        "properties": {},
        "geometry": {
          "type": "Polygon",
          "coordinates": [
            [
              [
                119.92516255045562,
                26.137408182482964
              ],
              [
                119.95592188373111,
                26.150253321443525
              ],
              [
                119.91530751638223,
                26.175583001963236
              ],
              [
                119.92516255045562,
                26.137408182482964
              ]
            ]
          ]
        },
        "id": 55
      },
      {
        "type": "Feature",
        "properties": {},
        "geometry": {
          "type": "Polygon",
          "coordinates": [
            [
              [
                121.86568087836619,
                28.42706765746111
              ],
              [
                121.90698507651523,
                28.443397407885303
              ],
              [
                121.88603288671455,
                28.454443099128504
              ],
              [
                121.86568087836619,
                28.42706765746111
              ]
            ]
          ]
        },
        "id": 56
      },
      {
        "type": "Feature",
        "properties": {},
        "geometry": {
          "type": "Polygon",
          "coordinates": [
            [
              [
                119.49310132239431,
                23.389336074719417
              ],
              [
                119.49063077443911,
                23.352528112961547
              ],
              [
                119.51226754869175,
                23.352592510455835
              ],
              [
                119.49310132239431,
                23.389336074719417
              ]
            ]
          ]
        },
        "id": 57
      },
      {
        "type": "Feature",
        "properties": {},
        "geometry": {
          "type": "Polygon",
          "coordinates": [
            [
              [
                123.08108124779719,
                39.425422036806154
              ],
              [
                123.08476837670186,
                39.4494449205294
              ],
              [
                123.04850939455585,
                39.45641645191886
              ],
              [
                123.08108124779719,
                39.425422036806154
              ]
            ]
          ]
        },
        "id": 58
      },
      {
        "type": "Feature",
        "properties": {},
        "geometry": {
          "type": "Polygon",
          "coordinates": [
            [
              [
                113.75996408080351,
                21.964864526690363
              ],
              [
                113.76921352540742,
                22.000961127022123
              ],
              [
                113.73653942353634,
                21.99428952779177
              ],
              [
                113.75996408080351,
                21.964864526690363
              ]
            ]
          ]
        },
        "id": 59
      },
      {
        "type": "Feature",
        "properties": {},
        "geometry": {
          "type": "Polygon",
          "coordinates": [
            [
              [
                121.84642814105031,
                29.979826886225112
              ],
              [
                121.87049930471142,
                29.967419033257567
              ],
              [
                121.92902609391187,
                29.997477850357917
              ],
              [
                121.92040714128164,
                30.055003646350105
              ],
              [
                121.88159152292391,
                30.09747716549667
              ],
              [
                121.84456599937738,
                30.103643304630445
              ],
              [
                121.83592636118247,
                30.04976757533042
              ],
              [
                121.840871542504,
                29.985519183033045
              ],
              [
                121.84642814105031,
                29.979826886225112
              ]
            ]
          ]
        },
        "id": 60
      },
      {
        "type": "Feature",
        "properties": {},
        "geometry": {
          "type": "Polygon",
          "coordinates": [
            [
              [
                113.26159549312294,
                8.127654852358843
              ],
              [
                113.30649788718775,
                8.179170952552107
              ],
              [
                113.33846549469484,
                8.195115308509319
              ],
              [
                113.28436198237621,
                8.121111073139277
              ],
              [
                113.34523049972746,
                8.173763882412272
              ],
              [
                113.38152450180368,
                8.24010117441782
              ],
              [
                113.38152258031306,
                8.291062707196396
              ],
              [
                113.34952945993219,
                8.305913712062482
              ],
              [
                113.34891694347002,
                8.239548051379328
              ],
              [
                113.28927976711306,
                8.178013482771071
              ],
              [
                113.26159549312294,
                8.127654852358843
              ]
            ]
          ]
        },
        "id": 61
      },
      {
        "type": "Feature",
        "properties": {},
        "geometry": {
          "type": "Polygon",
          "coordinates": [
            [
              [
                122.06111199691956,
                30.18201137938951
              ],
              [
                122.05127060999709,
                30.202718747211048
              ],
              [
                122.0131779588816,
                30.188846415797023
              ],
              [
                122.02116374839088,
                30.16399161558361
              ],
              [
                122.06111199691956,
                30.18201137938951
              ]
            ]
          ]
        },
        "id": 62
      },
      {
        "type": "Feature",
        "properties": {},
        "geometry": {
          "type": "Polygon",
          "coordinates": [
            [
              [
                122.3869948519522,
                29.972762535111524
              ],
              [
                122.40731483848897,
                30.028218060651817
              ],
              [
                122.3740663228716,
                30.026155172698562
              ],
              [
                122.3636124983511,
                29.98263268425088
              ],
              [
                122.3869948519522,
                29.972762535111524
              ]
            ]
          ]
        },
        "id": 63
      },
      {
        "type": "Feature",
        "properties": {},
        "geometry": {
          "type": "Polygon",
          "coordinates": [
            [
              [
                119.55302391393604,
                23.669333963894257
              ],
              [
                119.60421363869376,
                23.62276220917819
              ],
              [
                119.61098636957831,
                23.66388186464009
              ],
              [
                119.58202334161786,
                23.678686973925288
              ],
              [
                119.55302391393604,
                23.669333963894257
              ]
            ]
          ]
        },
        "id": 64
      },
      {
        "type": "Feature",
        "properties": {},
        "geometry": {
          "type": "Polygon",
          "coordinates": [
            [
              [
                113.71806841418129,
                21.924886958363253
              ],
              [
                113.7377743566336,
                21.95319983438706
              ],
              [
                113.7137570010467,
                21.95432739565616
              ],
              [
                113.71806841418129,
                21.924886958363253
              ]
            ]
          ]
        },
        "id": 65
      },
      {
        "type": "Feature",
        "properties": {},
        "geometry": {
          "type": "Polygon",
          "coordinates": [
            [
              [
                121.06213790462816,
                27.481499875007795
              ],
              [
                121.06213918146484,
                27.464509342088007
              ],
              [
                121.1027625617356,
                27.44696521799936
              ],
              [
                121.06275184004456,
                27.481499013787953
              ],
              [
                121.06213790462816,
                27.481499875007795
              ]
            ]
          ]
        },
        "id": 66
      },
      {
        "type": "Feature",
        "properties": {},
        "geometry": {
          "type": "Polygon",
          "coordinates": [
            [
              [
                121.94815132484975,
                29.19058989974512
              ],
              [
                121.97518743958372,
                29.162847345702357
              ],
              [
                121.97272799719858,
                29.194704864031596
              ],
              [
                121.94815132484975,
                29.19058989974512
              ]
            ]
          ]
        },
        "id": 67
      },
      {
        "type": "Feature",
        "properties": {},
        "geometry": {
          "type": "Polygon",
          "coordinates": [
            [
              [
                113.13759798499991,
                21.834164962137343
              ],
              [
                113.15672238713806,
                21.856428323588066
              ],
              [
                113.19867945928308,
                21.863726741038743
              ],
              [
                113.16227504807686,
                21.879220315669574
              ],
              [
                113.1314279576086,
                21.871388913117528
              ],
              [
                113.13759798499991,
                21.834164962137343
              ]
            ]
          ]
        },
        "id": 68
      },
      {
        "type": "Feature",
        "properties": {},
        "geometry": {
          "type": "Polygon",
          "coordinates": [
            [
              [
                120.0296395115143,
                26.491906548607535
              ],
              [
                120.06223834359106,
                26.501483771365738
              ],
              [
                120.067161758555,
                26.524510483154593
              ],
              [
                120.03148187164228,
                26.51922216857767
              ],
              [
                120.0296395115143,
                26.491906548607535
              ]
            ]
          ]
        },
        "id": 69
      },
      {
        "type": "Feature",
        "properties": {},
        "geometry": {
          "type": "Polygon",
          "coordinates": [
            [
              [
                122.03409725621279,
                29.761628741974544
              ],
              [
                122.00707202337219,
                29.748715556410318
              ],
              [
                122.02549988402914,
                29.719047003296755
              ],
              [
                122.03409725621279,
                29.761628741974544
              ]
            ]
          ]
        },
        "id": 70
      },
      {
        "type": "Feature",
        "properties": {},
        "geometry": {
          "type": "Polygon",
          "coordinates": [
            [
              [
                119.65761568902208,
                25.64980397460572
              ],
              [
                119.66930270532379,
                25.63574713922898
              ],
              [
                119.71421528457361,
                25.637832952365436
              ],
              [
                119.71236718768888,
                25.667521350880808
              ],
              [
                119.65761568902208,
                25.64980397460572
              ]
            ]
          ]
        },
        "id": 71
      },
      {
        "type": "Feature",
        "properties": {},
        "geometry": {
          "type": "Polygon",
          "coordinates": [
            [
              [
                121.95359718233891,
                30.290349332522574
              ],
              [
                121.99658807968633,
                30.310895224815678
              ],
              [
                121.98491980168193,
                30.342438254772038
              ],
              [
                121.93761009180413,
                30.335842397021153
              ],
              [
                121.91730914485383,
                30.310042740260908
              ],
              [
                121.95359718233891,
                30.290349332522574
              ]
            ]
          ]
        },
        "id": 72
      },
      {
        "type": "Feature",
        "properties": {},
        "geometry": {
          "type": "Polygon",
          "coordinates": [
            [
              [
                121.93639741131815,
                30.117123008025153
              ],
              [
                121.90624307174079,
                30.091785136025027
              ],
              [
                121.94193601662776,
                30.06688466591062
              ],
              [
                121.95852694286806,
                30.10879239081606
              ],
              [
                121.93639741131815,
                30.117123008025153
              ]
            ]
          ]
        },
        "id": 73
      },
      {
        "type": "Feature",
        "properties": {},
        "geometry": {
          "type": "Polygon",
          "coordinates": [
            [
              [
                111.99300195036096,
                3.848991975208557
              ],
              [
                112.01081448965023,
                3.8244418706212766
              ],
              [
                112.05998403942712,
                3.8309002674473875
              ],
              [
                112.06921287829293,
                3.8667369737430834
              ],
              [
                112.02924284687808,
                3.8931001789075292
              ],
              [
                111.99300195036096,
                3.848991975208557
              ]
            ]
          ]
        },
        "id": 74
      },
      {
        "type": "Feature",
        "properties": {},
        "geometry": {
          "type": "Polygon",
          "coordinates": [
            [
              [
                121.79753646539763,
                31.358775668522732
              ],
              [
                121.79939104667314,
                31.330675420527562
              ],
              [
                121.83644237883422,
                31.29752157515816
              ],
              [
                121.92830723031867,
                31.285297878538856
              ],
              [
                122.0118586958815,
                31.284061163963273
              ],
              [
                122.09303353584194,
                31.257335508878928
              ],
              [
                122.11830472483032,
                31.308983565446578
              ],
              [
                122.11213636119818,
                31.322778006185043
              ],
              [
                122.03642524168718,
                31.32590860271688
              ],
              [
                121.94736527775943,
                31.33944264461964
              ],
              [
                121.84137598332228,
                31.376734356368875
              ],
              [
                121.78827590954226,
                31.379704944954767
              ],
              [
                121.79753646539763,
                31.358775668522732
              ]
            ]
          ]
        },
        "id": 75
      },
      {
        "type": "Feature",
        "properties": {},
        "geometry": {
          "type": "Polygon",
          "coordinates": [
            [
              [
                111.45837667224123,
                17.079004690943986
              ],
              [
                111.5318622222313,
                17.106656876655716
              ],
              [
                111.48122292045008,
                17.059625486764542
              ],
              [
                111.55469673140995,
                17.089552833905366
              ],
              [
                111.53741770929095,
                17.121533671622434
              ],
              [
                111.44726677001299,
                17.09441603252357
              ],
              [
                111.45837667224123,
                17.079004690943986
              ]
            ]
          ]
        },
        "id": 76
      },
      {
        "type": "Feature",
        "properties": {},
        "geometry": {
          "type": "Polygon",
          "coordinates": [
            [
              [
                113.81486834329291,
                22.399010985682846
              ],
              [
                113.80869161239058,
                22.422792281139227
              ],
              [
                113.7815277709409,
                22.416663867977107
              ],
              [
                113.81486834329291,
                22.399010985682846
              ]
            ]
          ]
        },
        "id": 77
      },
      {
        "type": "Feature",
        "properties": {},
        "geometry": {
          "type": "Polygon",
          "coordinates": [
            [
              [
                122.18878827276703,
                29.967707647032807
              ],
              [
                122.15915014186471,
                29.990462775687003
              ],
              [
                122.14803943756829,
                29.9733360495692
              ],
              [
                122.14989067527763,
                29.973339280988604
              ],
              [
                122.15112557291937,
                29.972823472704533
              ],
              [
                122.18014532754768,
                29.957841550662227
              ],
              [
                122.18878827276703,
                29.967707647032807
              ]
            ]
          ]
        },
        "id": 78
      },
      {
        "type": "Feature",
        "properties": {},
        "geometry": {
          "type": "Polygon",
          "coordinates": [
            [
              [
                114.1851830582597,
                21.989227354759404
              ],
              [
                114.22468430909257,
                21.998162910722062
              ],
              [
                114.17591838648272,
                22.012527376707997
              ],
              [
                114.1851830582597,
                21.989227354759404
              ]
            ]
          ]
        },
        "id": 79
      },
      {
        "type": "Feature",
        "properties": {},
        "geometry": {
          "type": "Polygon",
          "coordinates": [
            [
              [
                117.70398840794606,
                15.184459105855758
              ],
              [
                117.70829863267457,
                15.120348169652454
              ],
              [
                117.72245391044228,
                15.107047089818659
              ],
              [
                117.82358389560518,
                15.113485303035494
              ],
              [
                117.72060581872078,
                15.133041434138478
              ],
              [
                117.71629389364499,
                15.19714706948212
              ],
              [
                117.74030493086462,
                15.21964994022493
              ],
              [
                117.78037698026733,
                15.17059097911168
              ],
              [
                117.83469394421101,
                15.160865989516644
              ],
              [
                117.7785252112595,
                15.189067663815798
              ],
              [
                117.74399979278625,
                15.231774018794153
              ],
              [
                117.71075471973789,
                15.224290743885907
              ],
              [
                117.70398840794606,
                15.184459105855758
              ]
            ]
          ]
        },
        "id": 80
      },
      {
        "type": "Feature",
        "properties": {},
        "geometry": {
          "type": "Polygon",
          "coordinates": [
            [
              [
                122.06268959135159,
                25.627371750400282
              ],
              [
                122.08300192664376,
                25.61331616168392
              ],
              [
                122.08854241778346,
                25.641925000485042
              ],
              [
                122.06268959135159,
                25.627371750400282
              ]
            ]
          ]
        },
        "id": 81
      },
      {
        "type": "Feature",
        "properties": {},
        "geometry": {
          "type": "Polygon",
          "coordinates": [
            [
              [
                120.14608634535718,
                26.802131721978718
              ],
              [
                120.13558827698921,
                26.798375389212296
              ],
              [
                120.1590577619468,
                26.801620044269395
              ],
              [
                120.15720409652198,
                26.806423922816744
              ],
              [
                120.14608634535718,
                26.802131721978718
              ]
            ]
          ]
        },
        "id": 82
      },
      {
        "type": "Feature",
        "properties": {},
        "geometry": {
          "type": "Polygon",
          "coordinates": [
            [
              [
                120.98521854746198,
                36.413057858301535
              ],
              [
                120.97355829458773,
                36.428495874010835
              ],
              [
                120.94593298891566,
                36.41460616940801
              ],
              [
                120.98521854746198,
                36.413057858301535
              ]
            ]
          ]
        },
        "id": 83
      },
      {
        "type": "Feature",
        "properties": {},
        "geometry": {
          "type": "Polygon",
          "coordinates": [
            [
              [
                114.14874702626821,
                21.977500573624244
              ],
              [
                114.16665507180646,
                22.003072583171875
              ],
              [
                114.11911483203743,
                21.988007662471535
              ],
              [
                114.14874702626821,
                21.977500573624244
              ]
            ]
          ]
        },
        "id": 84
      },
      {
        "type": "Feature",
        "properties": {},
        "geometry": {
          "type": "Polygon",
          "coordinates": [
            [
              [
                119.75603975991999,
                26.616764748739882
              ],
              [
                119.77207999801014,
                26.603397451642426
              ],
              [
                119.81406420339972,
                26.62004943604097
              ],
              [
                119.79183039531603,
                26.633922384740337
              ],
              [
                119.75603975991999,
                26.616764748739882
              ]
            ]
          ]
        },
        "id": 85
      },
      {
        "type": "Feature",
        "properties": {},
        "geometry": {
          "type": "Polygon",
          "coordinates": [
            [
              [
                122.75602655963063,
                30.144393636285166
              ],
              [
                122.78005715756669,
                30.132509079206958
              ],
              [
                122.7769756450816,
                30.135093496311928
              ],
              [
                122.77389333252256,
                30.13923016358981
              ],
              [
                122.7664988442332,
                30.14129462794484
              ],
              [
                122.75910539893096,
                30.14439496012794
              ],
              [
                122.75787337370917,
                30.144912374125727
              ],
              [
                122.75602655963063,
                30.144393636285166
              ]
            ]
          ]
        },
        "id": 86
      },
      {
        "type": "Feature",
        "properties": {},
        "geometry": {
          "type": "Polygon",
          "coordinates": [
            [
              [
                121.46410640819784,
                22.679570832049528
              ],
              [
                121.47090364908789,
                22.646460330748976
              ],
              [
                121.50983580015264,
                22.63442528013808
              ],
              [
                121.51106903837658,
                22.679155345123164
              ],
              [
                121.46410640819784,
                22.679570832049528
              ]
            ]
          ]
        },
        "id": 87
      },
      {
        "type": "Feature",
        "properties": {},
        "geometry": {
          "type": "Polygon",
          "coordinates": [
            [
              [
                122.28371201502958,
                29.726378576157334
              ],
              [
                122.29723961261425,
                29.75077825609218
              ],
              [
                122.25416887731599,
                29.756018661315377
              ],
              [
                122.23753363104134,
                29.787183540081227
              ],
              [
                122.20916970881639,
                29.774176474206172
              ],
              [
                122.24739600461379,
                29.733679653346048
              ],
              [
                122.28371201502958,
                29.726378576157334
              ]
            ]
          ]
        },
        "id": 88
      },
      {
        "type": "Feature",
        "properties": {},
        "geometry": {
          "type": "Polygon",
          "coordinates": [
            [
              [
                121.5067805042969,
                22.089724278697247
              ],
              [
                121.50369264327927,
                22.051430475397353
              ],
              [
                121.53026274317004,
                22.024865253837195
              ],
              [
                121.59073112888939,
                21.998307485294838
              ],
              [
                121.60120174307977,
                22.025507109433814
              ],
              [
                121.57161808217523,
                22.039927192269282
              ],
              [
                121.57223199886793,
                22.087093417737314
              ],
              [
                121.5067805042969,
                22.089724278697247
              ]
            ]
          ]
        },
        "id": 89
      },
      {
        "type": "Feature",
        "properties": {},
        "geometry": {
          "type": "Polygon",
          "coordinates": [
            [
              [
                123.15507251610411,
                39.02423082131814
              ],
              [
                123.20010340998441,
                39.055897438135176
              ],
              [
                123.19516663987875,
                39.076787002680256
              ],
              [
                123.14026006187092,
                39.0906169150782
              ],
              [
                123.13841611256794,
                39.0376748956746
              ],
              [
                123.15507251610411,
                39.02423082131814
              ]
            ]
          ]
        },
        "id": 90
      },
      {
        "type": "Feature",
        "properties": {},
        "geometry": {
          "type": "Polygon",
          "coordinates": [
            [
              [
                112.23756201468932,
                3.943381287757596
              ],
              [
                112.288045000179,
                3.947532377459216
              ],
              [
                112.28373756042556,
                3.9744215350032674
              ],
              [
                112.24988265393527,
                3.9804207575975843
              ],
              [
                112.23756201468932,
                3.943381287757596
              ]
            ]
          ]
        },
        "id": 91
      },
      {
        "type": "Feature",
        "properties": {},
        "geometry": {
          "type": "Polygon",
          "coordinates": [
            [
              [
                116.76521566476798,
                20.774226894940753
              ],
              [
                116.75659206242605,
                20.75295472402407
              ],
              [
                116.86820525592518,
                20.74080481724384
              ],
              [
                116.88546188523803,
                20.685951585824686
              ],
              [
                116.84477989518143,
                20.631011451305078
              ],
              [
                116.74489998610743,
                20.603424404918563
              ],
              [
                116.79173345112238,
                20.5849692245784
              ],
              [
                116.85834997798091,
                20.591249802039524
              ],
              [
                116.900860471085,
                20.622098937031268
              ],
              [
                116.92976784576885,
                20.679211338213783
              ],
              [
                116.92115746101535,
                20.72961462397259
              ],
              [
                116.88175988431551,
                20.778316354557738
              ],
              [
                116.81577765750703,
                20.783252482239405
              ],
              [
                116.76521566476798,
                20.774226894940753
              ]
            ]
          ]
        },
        "id": 92
      },
      {
        "type": "Feature",
        "properties": {},
        "geometry": {
          "type": "Polygon",
          "coordinates": [
            [
              [
                121.12986040112315,
                27.790091673156116
              ],
              [
                121.12986048174088,
                27.789032527478827
              ],
              [
                121.1304772408095,
                27.790092504553968
              ],
              [
                121.12986040112315,
                27.790091673156116
              ]
            ]
          ]
        },
        "id": 93
      },
      {
        "type": "Feature",
        "properties": {},
        "geometry": {
          "type": "Polygon",
          "coordinates": [
            [
              [
                111.72948936086989,
                16.199170865775837
              ],
              [
                111.77508040015312,
                16.19918268087624
              ],
              [
                111.81209614699215,
                16.22625338745428
              ],
              [
                111.80839108386215,
                16.263599518034603
              ],
              [
                111.77754350718061,
                16.275619021722825
              ],
              [
                111.71164210401818,
                16.250912021964737
              ],
              [
                111.78494547622098,
                16.252070009306564
              ],
              [
                111.78556384191918,
                16.22218689800004
              ],
              [
                111.72948936086989,
                16.199170865775837
              ]
            ]
          ]
        },
        "id": 94
      },
      {
        "type": "Feature",
        "properties": {},
        "geometry": {
          "type": "Polygon",
          "coordinates": [
            [
              [
                113.02005917183853,
                21.85035388406881
              ],
              [
                113.04032269275172,
                21.885310081966068
              ],
              [
                113.00225647001336,
                21.87207792051253
              ],
              [
                113.02005917183853,
                21.85035388406881
              ]
            ]
          ]
        },
        "id": 95
      },
      {
        "type": "Feature",
        "properties": {},
        "geometry": {
          "type": "Polygon",
          "coordinates": [
            [
              [
                122.0934810355438,
                25.502589643846804
              ],
              [
                122.10642600174894,
                25.46854837898556
              ],
              [
                122.11814007760738,
                25.498279289499976
              ],
              [
                122.0934810355438,
                25.502589643846804
              ]
            ]
          ]
        },
        "id": 96
      },
      {
        "type": "Feature",
        "properties": {},
        "geometry": {
          "type": "Polygon",
          "coordinates": [
            [
              [
                122.449882440617,
                29.958819967785686
              ],
              [
                122.44370847362684,
                29.95828820085919
              ],
              [
                122.44124059552391,
                29.954654563677835
              ],
              [
                122.44247523643965,
                29.953618922741324
              ],
              [
                122.44370914935187,
                29.949992402715907
              ],
              [
                122.45482213457146,
                29.95312725457768
              ],
              [
                122.45420447440581,
                29.954162792344604
              ],
              [
                122.45111745920377,
                29.958303693640968
              ],
              [
                122.449882440617,
                29.958819967785686
              ]
            ]
          ]
        },
        "id": 97
      },
      {
        "type": "Feature",
        "properties": {},
        "geometry": {
          "type": "Polygon",
          "coordinates": [
            [
              [
                111.64462947324606,
                16.257923393284237
              ],
              [
                111.57323828723862,
                16.210264065121407
              ],
              [
                111.56337647368306,
                16.16483852283012
              ],
              [
                111.60650011646693,
                16.158530344331815
              ],
              [
                111.68581618039606,
                16.213020643360263
              ],
              [
                111.60219102225456,
                16.179805141633892
              ],
              [
                111.59418539570851,
                16.200501135846896
              ],
              [
                111.67659295138876,
                16.264184905750724
              ],
              [
                111.64462947324606,
                16.257923393284237
              ]
            ]
          ]
        },
        "id": 98
      },
      {
        "type": "Feature",
        "properties": {},
        "geometry": {
          "type": "Polygon",
          "coordinates": [
            [
              [
                113.8927389801847,
                7.60879173661626
              ],
              [
                113.91553920984781,
                7.568429092647582
              ],
              [
                113.9831982624799,
                7.537425694260668
              ],
              [
                114.0545065498309,
                7.539017436711631
              ],
              [
                114.15315167480364,
                7.562788180561045
              ],
              [
                114.28574948823858,
                7.618669171634547
              ],
              [
                114.36449386628101,
                7.639899499249032
              ],
              [
                114.4032924259787,
                7.6843848153394845
              ],
              [
                114.41561888735569,
                7.766869965772723
              ],
              [
                114.46005819099283,
                7.816191654030469
              ],
              [
                114.53667202981627,
                7.863869729812631
              ],
              [
                114.55148905202435,
                7.8929690845682545
              ],
              [
                114.53666901160203,
                7.947509622539408
              ],
              [
                114.50763233555473,
                7.968189185850941
              ],
              [
                114.46870119439332,
                7.970447044755581
              ],
              [
                114.41067961086156,
                7.9543301375301265
              ],
              [
                114.26419276392681,
                7.8720535837889045
              ],
              [
                114.20747588512158,
                7.7883808213264185
              ],
              [
                114.09083062645072,
                7.722359527516704
              ],
              [
                114.0249827918579,
                7.6714270747349795
              ],
              [
                113.91738331604851,
                7.640830165774642
              ],
              [
                113.8927389801847,
                7.60879173661626
              ]
            ]
          ]
        },
        "id": 99
      },
      {
        "type": "Feature",
        "properties": {},
        "geometry": {
          "type": "Polygon",
          "coordinates": [
            [
              [
                122.27878054053996,
                29.862961277133717
              ],
              [
                122.3046088487766,
                29.85202309117854
              ],
              [
                122.33902959519568,
                29.862857697343472
              ],
              [
                122.33902779021923,
                29.885171330962258
              ],
              [
                122.29722879311062,
                29.886286519740857
              ],
              [
                122.27878054053996,
                29.862961277133717
              ]
            ]
          ]
        },
        "id": 100
      },
      {
        "type": "Feature",
        "properties": {},
        "geometry": {
          "type": "Polygon",
          "coordinates": [
            [
              [
                122.26028553996194,
                30.272137276469635
              ],
              [
                122.24981973514399,
                30.239574797220786
              ],
              [
                122.31133807330741,
                30.252428586804513
              ],
              [
                122.29596774772834,
                30.27364662452623
              ],
              [
                122.26028553996194,
                30.272137276469635
              ]
            ]
          ]
        },
        "id": 101
      },
      {
        "type": "Feature",
        "properties": {},
        "geometry": {
          "type": "Polygon",
          "coordinates": [
            [
              [
                113.97270114273392,
                8.87488742192954
              ],
              [
                114.00895886423955,
                8.838713965330006
              ],
              [
                114.03108843497544,
                8.785432669989005
              ],
              [
                114.05568958476958,
                8.817905176310695
              ],
              [
                114.03662033727475,
                8.845734170521187
              ],
              [
                113.98560696334789,
                8.880761862522148
              ],
              [
                113.97270114273392,
                8.87488742192954
              ]
            ]
          ]
        },
        "id": 102
      },
      {
        "type": "Feature",
        "properties": {},
        "geometry": {
          "type": "Polygon",
          "coordinates": [
            [
              [
                120.13128393824046,
                26.55397616490347
              ],
              [
                120.16278011134905,
                26.57490952519483
              ],
              [
                120.14918814309857,
                26.608068410587236
              ],
              [
                120.11338374920064,
                26.572159070584494
              ],
              [
                120.13128393824046,
                26.55397616490347
              ]
            ]
          ]
        },
        "id": 103
      },
      {
        "type": "Feature",
        "properties": {},
        "geometry": {
          "type": "Polygon",
          "coordinates": [
            [
              [
                122.77692927396082,
                30.69648920962503
              ],
              [
                122.7954236698245,
                30.71862933967926
              ],
              [
                122.77446069605418,
                30.731970978379483
              ],
              [
                122.75289985564623,
                30.716016042531162
              ],
              [
                122.77692927396082,
                30.69648920962503
              ]
            ]
          ]
        },
        "id": 104
      },
      {
        "type": "Feature",
        "properties": {},
        "geometry": {
          "type": "Polygon",
          "coordinates": [
            [
              [
                113.95179997796063,
                8.842422915530411
              ],
              [
                113.97086008146717,
                8.795069135825942
              ],
              [
                114.00773214426222,
                8.800281203126094
              ],
              [
                113.97331700744087,
                8.84355047188521
              ],
              [
                113.95179997796063,
                8.842422915530411
              ]
            ]
          ]
        },
        "id": 105
      },
      {
        "type": "Feature",
        "properties": {},
        "geometry": {
          "type": "Polygon",
          "coordinates": [
            [
              [
                121.09410052426522,
                27.940349389145144
              ],
              [
                121.14835476313948,
                27.964725987595823
              ],
              [
                121.11627900747116,
                27.989527693961364
              ],
              [
                121.06517336312858,
                27.987421345268064
              ],
              [
                121.033835512931,
                27.952060564602167
              ],
              [
                121.09410052426522,
                27.940349389145144
              ]
            ]
          ]
        },
        "id": 106
      },
      {
        "type": "Feature",
        "properties": {},
        "geometry": {
          "type": "Polygon",
          "coordinates": [
            [
              [
                109.08399012098522,
                21.017295932882604
              ],
              [
                109.10799906787891,
                21.027353683314185
              ],
              [
                109.11354442640834,
                21.020094868839497
              ],
              [
                109.14004815487284,
                21.043588752411985
              ],
              [
                109.13449785398943,
                21.069829133720194
              ],
              [
                109.08829487076977,
                21.05974472889371
              ],
              [
                109.08460465077252,
                21.033495031751293
              ],
              [
                109.08399012098522,
                21.017295932882604
              ]
            ]
          ]
        },
        "id": 107
      },
      {
        "type": "Feature",
        "properties": {},
        "geometry": {
          "type": "Polygon",
          "coordinates": [
            [
              [
                110.4006121105828,
                20.680579531395413
              ],
              [
                110.43327622539033,
                20.680047520623628
              ],
              [
                110.40984979468861,
                20.71250052974853
              ],
              [
                110.4006121105828,
                20.680579531395413
              ]
            ]
          ]
        },
        "id": 108
      },
      {
        "type": "Feature",
        "properties": {},
        "geometry": {
          "type": "Polygon",
          "coordinates": [
            [
              [
                111.96979152017067,
                16.325653319272075
              ],
              [
                111.99743052791865,
                16.308339201031348
              ],
              [
                112.07118113438881,
                16.325403468679127
              ],
              [
                112.06994887638908,
                16.35124919969612
              ],
              [
                112.0422725519482,
                16.362205415228686
              ],
              [
                111.99804250278922,
                16.352563296893724
              ],
              [
                111.96979152017067,
                16.325653319272075
              ]
            ]
          ]
        },
        "id": 109
      },
      {
        "type": "Feature",
        "properties": {},
        "geometry": {
          "type": "Polygon",
          "coordinates": [
            [
              [
                111.73440100188925,
                16.454763439978823
              ],
              [
                111.762121213436,
                16.4719829716591
              ],
              [
                111.78184878382817,
                16.521918036365808
              ],
              [
                111.75472159529109,
                16.54770849838135
              ],
              [
                111.76088716582356,
                16.497229100796467
              ],
              [
                111.73440100188925,
                16.454763439978823
              ]
            ]
          ]
        },
        "id": 110
      },
      {
        "type": "Feature",
        "properties": {},
        "geometry": {
          "type": "Polygon",
          "coordinates": [
            [
              [
                120.7454223974871,
                38.1494142081723
              ],
              [
                120.78240941379457,
                38.15791018557883
              ],
              [
                120.73741020397233,
                38.198351122283505
              ],
              [
                120.7454223974871,
                38.1494142081723
              ]
            ]
          ]
        },
        "id": 111
      },
      {
        "type": "Feature",
        "properties": {},
        "geometry": {
          "type": "Polygon",
          "coordinates": [
            [
              [
                112.21212149718183,
                8.868285692794268
              ],
              [
                112.20163404303153,
                8.88955520854167
              ],
              [
                112.17571715187306,
                8.864089011193977
              ],
              [
                112.21212149718183,
                8.868285692794268
              ]
            ]
          ]
        },
        "id": 112
      },
      {
        "type": "Feature",
        "properties": {},
        "geometry": {
          "type": "Polygon",
          "coordinates": [
            [
              [
                113.7878180253628,
                7.374783041812645
              ],
              [
                113.82424489734487,
                7.363567804092961
              ],
              [
                113.8248616917707,
                7.384938533431986
              ],
              [
                113.7878180253628,
                7.374783041812645
              ]
            ]
          ]
        },
        "id": 113
      },
      {
        "type": "Feature",
        "properties": {},
        "geometry": {
          "type": "Polygon",
          "coordinates": [
            [
              [
                120.15394598048314,
                35.7650700502471
              ],
              [
                120.16445261713376,
                35.74032934546437
              ],
              [
                120.18792973834795,
                35.75687945134525
              ],
              [
                120.16691979048183,
                35.78547940961518
              ],
              [
                120.15394598048314,
                35.7650700502471
              ]
            ]
          ]
        },
        "id": 114
      },
      {
        "type": "Feature",
        "properties": {},
        "geometry": {
          "type": "Polygon",
          "coordinates": [
            [
              [
                120.91376624130454,
                38.344656730534325
              ],
              [
                120.9100708651887,
                38.37281603036287
              ],
              [
                120.89036819615474,
                38.362496283006465
              ],
              [
                120.91376624130454,
                38.344656730534325
              ]
            ]
          ]
        },
        "id": 115
      },
      {
        "type": "Feature",
        "properties": {},
        "geometry": {
          "type": "Polygon",
          "coordinates": [
            [
              [
                114.19015641788401,
                8.766556274307252
              ],
              [
                114.19694824916371,
                8.729896271941733
              ],
              [
                114.24444612610613,
                8.72638952924591
              ],
              [
                114.21792860867406,
                8.786702499782951
              ],
              [
                114.19015641788401,
                8.766556274307252
              ]
            ]
          ]
        },
        "id": 116
      },
      {
        "type": "Feature",
        "properties": {},
        "geometry": {
          "type": "Polygon",
          "coordinates": [
            [
              [
                112.22779875183605,
                16.997892861206505
              ],
              [
                112.2031303931643,
                16.988713845505664
              ],
              [
                112.21793567440386,
                16.96241585673616
              ],
              [
                112.28814180026974,
                16.969261740306184
              ],
              [
                112.26168120909772,
                16.99560457898896
              ],
              [
                112.22779875183605,
                16.997892861206505
              ]
            ]
          ]
        },
        "id": 117
      },
      {
        "type": "Feature",
        "properties": {},
        "geometry": {
          "type": "Polygon",
          "coordinates": [
            [
              [
                121.18168013645213,
                27.966373766289788
              ],
              [
                121.23348339379086,
                27.991283157994342
              ],
              [
                121.19340154487736,
                28.00392386766816
              ],
              [
                121.16686701453219,
                27.981676627984157
              ],
              [
                121.18168013645213,
                27.966373766289788
              ]
            ]
          ]
        },
        "id": 118
      },
      {
        "type": "Feature",
        "properties": {},
        "geometry": {
          "type": "Polygon",
          "coordinates": [
            [
              [
                123.7111408079978,
                39.74376794783336
              ],
              [
                123.75115352199553,
                39.7529487116375
              ],
              [
                123.71421418945434,
                39.761705372948654
              ],
              [
                123.7111408079978,
                39.74376794783336
              ]
            ]
          ]
        },
        "id": 119
      },
      {
        "type": "Feature",
        "properties": {},
        "geometry": {
          "type": "Polygon",
          "coordinates": [
            [
              [
                119.41652660892821,
                23.219372020597262
              ],
              [
                119.43133416960704,
                23.188597665355708
              ],
              [
                119.44861816499301,
                23.218871396506813
              ],
              [
                119.41652660892821,
                23.219372020597262
              ]
            ]
          ]
        },
        "id": 120
      },
      {
        "type": "Feature",
        "properties": {},
        "geometry": {
          "type": "Polygon",
          "coordinates": [
            [
              [
                114.68560680101525,
                10.347666045690156
              ],
              [
                114.69852201071427,
                10.31467418742372
              ],
              [
                114.72189844854874,
                10.321122254221267
              ],
              [
                114.74344391106256,
                10.374095335385705
              ],
              [
                114.7132816224087,
                10.38235504723418
              ],
              [
                114.68560680101525,
                10.347666045690156
              ]
            ]
          ]
        },
        "id": 121
      },
      {
        "type": "Feature",
        "properties": {},
        "geometry": {
          "type": "Polygon",
          "coordinates": [
            [
              [
                115.83383712931607,
                9.71173979328144
              ],
              [
                115.85729217206293,
                9.696440342685058
              ],
              [
                115.86346503510892,
                9.652195569844652
              ],
              [
                115.89737827881206,
                9.67287187369761
              ],
              [
                115.92200915971618,
                9.78377334116415
              ],
              [
                115.89737335243728,
                9.797942882379367
              ],
              [
                115.86716111422031,
                9.780816413191955
              ],
              [
                115.83383712931607,
                9.71173979328144
              ]
            ]
          ]
        },
        "id": 122
      },
      {
        "type": "Feature",
        "properties": {},
        "geometry": {
          "type": "Polygon",
          "coordinates": [
            [
              [
                114.61366591478026,
                9.967769840598635
              ],
              [
                114.63827805985795,
                9.919391143379318
              ],
              [
                114.66840832606907,
                9.929951859634963
              ],
              [
                114.6819317418454,
                9.9812210785057
              ],
              [
                114.61366591478026,
                9.967769840598635
              ]
            ]
          ]
        },
        "id": 123
      },
      {
        "type": "Feature",
        "properties": {},
        "geometry": {
          "type": "Polygon",
          "coordinates": [
            [
              [
                113.76498034831546,
                7.638284982037431
              ],
              [
                113.76929952890286,
                7.603274996650987
              ],
              [
                113.81065135483695,
                7.604521042967211
              ],
              [
                113.82732154635359,
                7.646094232402406
              ],
              [
                113.76498034831546,
                7.638284982037431
              ]
            ]
          ]
        },
        "id": 124
      },
      {
        "type": "Feature",
        "properties": {},
        "geometry": {
          "type": "Polygon",
          "coordinates": [
            [
              [
                109.46017604649326,
                7.345532556147047
              ],
              [
                109.46017693709969,
                7.316444062443762
              ],
              [
                109.50958163821193,
                7.321335487574897
              ],
              [
                109.56821235938088,
                7.374893746350689
              ],
              [
                109.65069026441256,
                7.481102378635877
              ],
              [
                109.70540536803851,
                7.512462701963246
              ],
              [
                109.78793924886799,
                7.526116083407896
              ],
              [
                109.93527728080463,
                7.506061195380668
              ],
              [
                109.94511410007756,
                7.524442662647307
              ],
              [
                109.90142778195994,
                7.5529790731651305
              ],
              [
                109.81261680269962,
                7.574230929128184
              ],
              [
                109.71832198185625,
                7.577139893257842
              ],
              [
                109.64945813525124,
                7.561229812787517
              ],
              [
                109.53242563254044,
                7.450212425894554
              ],
              [
                109.46017604649326,
                7.345532556147047
              ]
            ]
          ]
        },
        "id": 125
      },
      {
        "type": "Feature",
        "properties": {},
        "geometry": {
          "type": "Polygon",
          "coordinates": [
            [
              [
                120.62183928653471,
                37.94500623201121
              ],
              [
                120.62675607353898,
                37.98039440684872
              ],
              [
                120.59721307799173,
                37.978057951126594
              ],
              [
                120.62183928653471,
                37.94500623201121
              ]
            ]
          ]
        },
        "id": 126
      },
      {
        "type": "Feature",
        "properties": {},
        "geometry": {
          "type": "Polygon",
          "coordinates": [
            [
              [
                120.35624062068928,
                26.920081813988304
              ],
              [
                120.39009909044795,
                26.937119840612894
              ],
              [
                120.35869830167348,
                26.970748542027987
              ],
              [
                120.32363669604516,
                26.967077103335058
              ],
              [
                120.31502784791051,
                26.947894408899504
              ],
              [
                120.35624062068928,
                26.920081813988304
              ]
            ]
          ]
        },
        "id": 127
      },
      {
        "type": "Feature",
        "properties": {},
        "geometry": {
          "type": "Polygon",
          "coordinates": [
            [
              [
                122.83181900073843,
                30.701208478601686
              ],
              [
                122.82688188706227,
                30.73102639165451
              ],
              [
                122.80344144933106,
                30.716585623566985
              ],
              [
                122.83181900073843,
                30.701208478601686
              ]
            ]
          ]
        },
        "id": 128
      },
      {
        "type": "Feature",
        "properties": {},
        "geometry": {
          "type": "Polygon",
          "coordinates": [
            [
              [
                116.26937055200852,
                8.881324223395646
              ],
              [
                116.29029293015094,
                8.86001611937044
              ],
              [
                116.32841788315918,
                8.90310521754357
              ],
              [
                116.3019770403753,
                8.919115033929108
              ],
              [
                116.26937055200852,
                8.881324223395646
              ]
            ]
          ]
        },
        "id": 129
      },
      {
        "type": "Feature",
        "properties": {},
        "geometry": {
          "type": "Polygon",
          "coordinates": [
            [
              [
                112.47171147005923,
                16.0029714801077
              ],
              [
                112.56557286497761,
                16.01299180217155
              ],
              [
                112.60746257792309,
                16.04119820671263
              ],
              [
                112.58344544802783,
                16.07284138390217
              ],
              [
                112.45750398376889,
                16.045512769155923
              ],
              [
                112.44392462147952,
                16.006931896538873
              ],
              [
                112.47171147005923,
                16.0029714801077
              ]
            ]
          ]
        },
        "id": 130
      },
      {
        "type": "Feature",
        "properties": {},
        "geometry": {
          "type": "Polygon",
          "coordinates": [
            [
              [
                110.64043467186423,
                20.938265899795635
              ],
              [
                110.58014779250715,
                20.951717871336943
              ],
              [
                110.54439212566302,
                20.91142307753949
              ],
              [
                110.55858101514573,
                20.86392042086399
              ],
              [
                110.60723929582764,
                20.86282579019579
              ],
              [
                110.64227928437526,
                20.91981607270242
              ],
              [
                110.64043467186423,
                20.938265899795635
              ]
            ]
          ]
        },
        "id": 131
      },
      {
        "type": "Feature",
        "properties": {},
        "geometry": {
          "type": "Polygon",
          "coordinates": [
            [
              [
                112.53317207679318,
                8.848312314130958
              ],
              [
                112.56649416941734,
                8.817628071218955
              ],
              [
                112.63545223332638,
                8.82056737436704
              ],
              [
                112.59422304191487,
                8.861399846784295
              ],
              [
                112.53317207679318,
                8.848312314130958
              ]
            ]
          ]
        },
        "id": 132
      },
      {
        "type": "Feature",
        "properties": {},
        "geometry": {
          "type": "Polygon",
          "coordinates": [
            [
              [
                120.7972058740411,
                38.28348209760537
              ],
              [
                120.84350227604824,
                38.305172743169166
              ],
              [
                120.81139897716523,
                38.317323480946655
              ],
              [
                120.7972058740411,
                38.28348209760537
              ]
            ]
          ]
        },
        "id": 133
      },
      {
        "type": "Feature",
        "properties": {},
        "geometry": {
          "type": "Polygon",
          "coordinates": [
            [
              [
                114.46488381388853,
                10.837953627673024
              ],
              [
                114.47106267533076,
                10.816234535127325
              ],
              [
                114.50937567395233,
                10.850420114968829
              ],
              [
                114.5612507623992,
                10.838205081813637
              ],
              [
                114.58961251429925,
                10.858200385628955
              ],
              [
                114.58344815641384,
                10.911057471079339
              ],
              [
                114.55075709480717,
                10.902796665437437
              ],
              [
                114.46488381388853,
                10.837953627673024
              ]
            ]
          ]
        },
        "id": 134
      },
      {
        "type": "Feature",
        "properties": {},
        "geometry": {
          "type": "Polygon",
          "coordinates": [
            [
              [
                121.48448907164472,
                37.576198941751244
              ],
              [
                121.48448901974143,
                37.576673883159046
              ],
              [
                121.4844889161504,
                37.57762176710253
              ],
              [
                121.4838706147185,
                37.57714600735523
              ],
              [
                121.48448907164472,
                37.576198941751244
              ]
            ]
          ]
        },
        "id": 135
      },
      {
        "type": "Feature",
        "properties": {},
        "geometry": {
          "type": "Polygon",
          "coordinates": [
            [
              [
                119.66369406019653,
                26.63184686043571
              ],
              [
                119.71598866232942,
                26.63925142641302
              ],
              [
                119.75418619594954,
                26.662772277938174
              ],
              [
                119.74432072426447,
                26.684697022364666
              ],
              [
                119.70798414435075,
                26.671888815566884
              ],
              [
                119.66922599536572,
                26.684253523652735
              ],
              [
                119.64708543181936,
                26.660764693724424
              ],
              [
                119.66369406019653,
                26.63184686043571
              ]
            ]
          ]
        },
        "id": 136
      },
      {
        "type": "Feature",
        "properties": {},
        "geometry": {
          "type": "Polygon",
          "coordinates": [
            [
              [
                122.19619473682263,
                29.97186776432569
              ],
              [
                122.22950804794569,
                29.949091879730158
              ],
              [
                122.26954542684066,
                29.934565352824734
              ],
              [
                122.23567061508062,
                29.962575548512223
              ],
              [
                122.19619473682263,
                29.97186776432569
              ]
            ]
          ]
        },
        "id": 137
      },
      {
        "type": "Feature",
        "properties": {},
        "geometry": {
          "type": "Polygon",
          "coordinates": [
            [
              [
                112.40443976652007,
                16.29667199178149
              ],
              [
                112.37857752765034,
                16.267376574999304
              ],
              [
                112.40629012513227,
                16.26507284233108
              ],
              [
                112.4710793555643,
                16.290465509477247
              ],
              [
                112.52667792870166,
                16.287754810273192
              ],
              [
                112.5322348472417,
                16.314194609229247
              ],
              [
                112.50443962732248,
                16.319286880062187
              ],
              [
                112.40443976652007,
                16.29667199178149
              ]
            ]
          ]
        },
        "id": 138
      },
      {
        "type": "Feature",
        "properties": {},
        "geometry": {
          "type": "Polygon",
          "coordinates": [
            [
              [
                121.48263387101338,
                37.57761632482523
              ],
              [
                121.48263397469175,
                37.57666844087929
              ],
              [
                121.4838706147185,
                37.57714600735523
              ],
              [
                121.48387056290788,
                37.577619949474105
              ],
              [
                121.48325221444901,
                37.577618135318104
              ],
              [
                121.48263387101338,
                37.57761632482523
              ]
            ]
          ]
        },
        "id": 139
      },
      {
        "type": "Feature",
        "properties": {},
        "geometry": {
          "type": "Polygon",
          "coordinates": [
            [
              [
                121.48077887323262,
                37.57761091722523
              ],
              [
                121.48263392285307,
                37.57714238270554
              ],
              [
                121.48263387101338,
                37.57761632482523
              ],
              [
                121.48077887323262,
                37.57761091722523
              ]
            ]
          ]
        },
        "id": 140
      },
      {
        "type": "Feature",
        "properties": {},
        "geometry": {
          "type": "Polygon",
          "coordinates": [
            [
              [
                122.46717702233968,
                29.9298219336536
              ],
              [
                122.46655934716186,
                29.928264342412813
              ],
              [
                122.46903064793946,
                29.927751985186518
              ],
              [
                122.46841265202431,
                29.92982524638512
              ],
              [
                122.46717702233968,
                29.9298219336536
              ]
            ]
          ]
        },
        "id": 141
      },
      {
        "type": "Feature",
        "properties": {},
        "geometry": {
          "type": "Polygon",
          "coordinates": [
            [
              [
                121.62269195635203,
                31.4472451333823
              ],
              [
                121.62761313830106,
                31.458979577127593
              ],
              [
                121.57526366713529,
                31.481961493058066
              ],
              [
                121.62269195635203,
                31.4472451333823
              ]
            ]
          ]
        },
        "id": 142
      },
      {
        "type": "Feature",
        "properties": {},
        "geometry": {
          "type": "Polygon",
          "coordinates": [
            [
              [
                114.3151796589273,
                22.383906586042112
              ],
              [
                114.3188699350171,
                22.387220065453885
              ],
              [
                114.31886989998696,
                22.38777414365871
              ],
              [
                114.31825478976829,
                22.38832839191068
              ],
              [
                114.31763971248952,
                22.388329561001825
              ],
              [
                114.31456449863178,
                22.385014905554023
              ],
              [
                114.31517962398854,
                22.384459666460376
              ],
              [
                114.3151796589273,
                22.383906586042112
              ]
            ]
          ]
        },
        "id": 143
      },
      {
        "type": "Feature",
        "properties": {},
        "geometry": {
          "type": "Polygon",
          "coordinates": [
            [
              [
                110.55244197937604,
                20.329857879112648
              ],
              [
                110.58941621787027,
                20.363022767891444
              ],
              [
                110.58202544408293,
                20.383790406355672
              ],
              [
                110.55244197937604,
                20.329857879112648
              ]
            ]
          ]
        },
        "id": 144
      },
      {
        "type": "Feature",
        "properties": {},
        "geometry": {
          "type": "Polygon",
          "coordinates": [
            [
              [
                116.48488493955053,
                10.397611956152797
              ],
              [
                116.45771021826698,
                10.351034889884502
              ],
              [
                116.46326989012674,
                10.311013864775013
              ],
              [
                116.5077458742932,
                10.299956279025668
              ],
              [
                116.56268827983072,
                10.306562031948081
              ],
              [
                116.64087617684609,
                10.337159455693255
              ],
              [
                116.63411207234405,
                10.367193309408163
              ],
              [
                116.51083274810507,
                10.351187472040584
              ],
              [
                116.53861905017025,
                10.421895017300832
              ],
              [
                116.52256526906616,
                10.42891616803795
              ],
              [
                116.48488493955053,
                10.397611956152797
              ]
            ]
          ]
        },
        "id": 145
      },
      {
        "type": "Feature",
        "properties": {},
        "geometry": {
          "type": "Polygon",
          "coordinates": [
            [
              [
                111.49545932728918,
                16.453614553093512
              ],
              [
                111.49051933782091,
                16.439250724966694
              ],
              [
                111.5411552715741,
                16.436520786362184
              ],
              [
                111.5337463232956,
                16.463478516500327
              ],
              [
                111.49545932728918,
                16.453614553093512
              ]
            ]
          ]
        },
        "id": 146
      },
      {
        "type": "Feature",
        "properties": {},
        "geometry": {
          "type": "Polygon",
          "coordinates": [
            [
              [
                121.93938355854944,
                31.217774172181826
              ],
              [
                121.95537013109971,
                31.161451395602967
              ],
              [
                121.99160625972294,
                31.162886184873457
              ],
              [
                122.00449557860459,
                31.223227047156474
              ],
              [
                121.94675950844211,
                31.23106041490112
              ],
              [
                121.93938355854944,
                31.217774172181826
              ]
            ]
          ]
        },
        "id": 147
      },
      {
        "type": "Feature",
        "properties": {},
        "geometry": {
          "type": "Polygon",
          "coordinates": [
            [
              [
                112.34409616745384,
                16.91365919845398
              ],
              [
                112.35577964255799,
                16.92680228589915
              ],
              [
                112.32933837398599,
                16.964040404983855
              ],
              [
                112.29736719197803,
                16.964670858377694
              ],
              [
                112.34409616745384,
                16.91365919845398
              ]
            ]
          ]
        },
        "id": 148
      },
      {
        "type": "Feature",
        "properties": {},
        "geometry": {
          "type": "Polygon",
          "coordinates": [
            [
              [
                122.02486631598765,
                29.957310850322337
              ],
              [
                122.03961336238602,
                29.932901638037002
              ],
              [
                122.05436541689672,
                29.958281193549173
              ],
              [
                122.02486631598765,
                29.957310850322337
              ]
            ]
          ]
        },
        "id": 149
      },
      {
        "type": "Feature",
        "properties": {},
        "geometry": {
          "type": "Polygon",
          "coordinates": [
            [
              [
                115.49608891235324,
                9.899788972624087
              ],
              [
                115.5442719867981,
                9.871022674351693
              ],
              [
                115.58128635088946,
                9.898201320805384
              ],
              [
                115.57758629348297,
                9.919427096713282
              ],
              [
                115.51400567674631,
                9.93581120583308
              ],
              [
                115.49608891235324,
                9.899788972624087
              ]
            ]
          ]
        },
        "id": 150
      },
      {
        "type": "Feature",
        "properties": {},
        "geometry": {
          "type": "Polygon",
          "coordinates": [
            [
              [
                121.03997586651022,
                27.98218082571072
              ],
              [
                121.0854759645693,
                28.00167464846837
              ],
              [
                121.0694771142825,
                28.010670753385973
              ],
              [
                121.03997586651022,
                27.98218082571072
              ]
            ]
          ]
        },
        "id": 151
      },
      {
        "type": "Feature",
        "properties": {},
        "geometry": {
          "type": "Polygon",
          "coordinates": [
            [
              [
                118.86357753564744,
                39.142059113201775
              ],
              [
                118.81420449039078,
                39.107640719504985
              ],
              [
                118.85186022177517,
                39.09796171950427
              ],
              [
                118.86357753564744,
                39.142059113201775
              ]
            ]
          ]
        },
        "id": 152
      },
      {
        "type": "Feature",
        "properties": {},
        "geometry": {
          "type": "Polygon",
          "coordinates": [
            [
              [
                114.66601379577924,
                8.211939255076391
              ],
              [
                114.68753419278593,
                8.187005892382398
              ],
              [
                114.73737008274294,
                8.191098011578278
              ],
              [
                114.72259485187041,
                8.212443940032902
              ],
              [
                114.66601379577924,
                8.211939255076391
              ]
            ]
          ]
        },
        "id": 153
      },
      {
        "type": "Feature",
        "properties": {},
        "geometry": {
          "type": "Polygon",
          "coordinates": [
            [
              [
                114.50391957884023,
                8.121762021787555
              ],
              [
                114.5261640893941,
                8.105225464832225
              ],
              [
                114.59218158539142,
                8.122516598884065
              ],
              [
                114.62050380356685,
                8.151551704440358
              ],
              [
                114.59218023161934,
                8.15986523896829
              ],
              [
                114.50391957884023,
                8.121762021787555
              ]
            ]
          ]
        },
        "id": 154
      },
      {
        "type": "Feature",
        "properties": {},
        "geometry": {
          "type": "Polygon",
          "coordinates": [
            [
              [
                113.89087491855203,
                8.006885330163692
              ],
              [
                113.90073884439056,
                7.965370932805939
              ],
              [
                113.96658941650234,
                7.946290570983759
              ],
              [
                113.96535876598743,
                7.976543191327363
              ],
              [
                113.93583736868945,
                8.019901722832701
              ],
              [
                113.89087491855203,
                8.006885330163692
              ]
            ]
          ]
        },
        "id": 155
      },
      {
        "type": "Feature",
        "properties": {},
        "geometry": {
          "type": "Polygon",
          "coordinates": [
            [
              [
                115.16344234597145,
                8.388307899732693
              ],
              [
                115.17701800550168,
                8.347460553354582
              ],
              [
                115.23190553769412,
                8.323836703696172
              ],
              [
                115.28115799881485,
                8.316708514443025
              ],
              [
                115.31128786746424,
                8.358130716731884
              ],
              [
                115.2953018762042,
                8.37237569739712
              ],
              [
                115.19860919312444,
                8.397254877263524
              ],
              [
                115.16344234597145,
                8.388307899732693
              ]
            ]
          ]
        },
        "id": 156
      },
      {
        "type": "Feature",
        "properties": {},
        "geometry": {
          "type": "Polygon",
          "coordinates": [
            [
              [
                115.43188344438752,
                9.39512334584375
              ],
              [
                115.44607903579774,
                9.346735145645503
              ],
              [
                115.4658375656565,
                9.360952498365739
              ],
              [
                115.45224916687734,
                9.418777384331243
              ],
              [
                115.43188344438752,
                9.39512334584375
              ]
            ]
          ]
        },
        "id": 157
      },
      {
        "type": "Feature",
        "properties": {},
        "geometry": {
          "type": "Polygon",
          "coordinates": [
            [
              [
                120.35101599263429,
                22.330103548837055
              ],
              [
                120.39164467378653,
                22.34501071323656
              ],
              [
                120.37932532045689,
                22.358303705137516
              ],
              [
                120.35101599263429,
                22.330103548837055
              ]
            ]
          ]
        },
        "id": 158
      },
      {
        "type": "Feature",
        "properties": {},
        "geometry": {
          "type": "Polygon",
          "coordinates": [
            [
              [
                116.4534363865527,
                9.176084649022563
              ],
              [
                116.47319875407686,
                9.138921187155963
              ],
              [
                116.49667132860124,
                9.166163266258739
              ],
              [
                116.4534363865527,
                9.176084649022563
              ]
            ]
          ]
        },
        "id": 159
      },
      {
        "type": "Feature",
        "properties": {},
        "geometry": {
          "type": "Polygon",
          "coordinates": [
            [
              [
                113.63381658519617,
                8.979004853225304
              ],
              [
                113.65042796335511,
                8.964201825250623
              ],
              [
                113.72610379438409,
                9.006043654165405
              ],
              [
                113.71502046485004,
                9.022009004150544
              ],
              [
                113.64058451986548,
                8.991404659935565
              ],
              [
                113.63381658519617,
                8.979004853225304
              ]
            ]
          ]
        },
        "id": 160
      },
      {
        "type": "Feature",
        "properties": {},
        "geometry": {
          "type": "Polygon",
          "coordinates": [
            [
              [
                114.69295885457669,
                11.006044321554254
              ],
              [
                114.70648984375477,
                11.003675380711735
              ],
              [
                114.789028121651,
                11.078229037288361
              ],
              [
                114.79581216308816,
                11.106410951770602
              ],
              [
                114.76251303557714,
                11.111654059071313
              ],
              [
                114.70648830694302,
                11.041245243224663
              ],
              [
                114.69295885457669,
                11.006044321554254
              ]
            ]
          ]
        },
        "id": 161
      },
      {
        "type": "Feature",
        "properties": {},
        "geometry": {
          "type": "Polygon",
          "coordinates": [
            [
              [
                122.14803943756829,
                29.9733360495692
              ],
              [
                122.15112557291937,
                29.972823472704533
              ],
              [
                122.14989067527763,
                29.973339280988604
              ],
              [
                122.14803943756829,
                29.9733360495692
              ]
            ]
          ]
        },
        "id": 162
      },
      {
        "type": "Feature",
        "properties": {},
        "geometry": {
          "type": "Polygon",
          "coordinates": [
            [
              [
                114.61606971713171,
                11.433874586439659
              ],
              [
                114.64867192094731,
                11.438520834033305
              ],
              [
                114.6578923376183,
                11.524106301737842
              ],
              [
                114.61729721924763,
                11.52006302686373
              ],
              [
                114.61606971713171,
                11.433874586439659
              ]
            ]
          ]
        },
        "id": 163
      },
      {
        "type": "Feature",
        "properties": {},
        "geometry": {
          "type": "Polygon",
          "coordinates": [
            [
              [
                114.90682373084867,
                10.865248813289913
              ],
              [
                114.92713073276308,
                10.843498285962836
              ],
              [
                114.95601852840116,
                10.903941743463658
              ],
              [
                114.93020362049158,
                10.904578321449902
              ],
              [
                114.90682373084867,
                10.865248813289913
              ]
            ]
          ]
        },
        "id": 164
      },
      {
        "type": "Feature",
        "properties": {},
        "geometry": {
          "type": "Polygon",
          "coordinates": [
            [
              [
                111.56829462151796,
                16.472149362102897
              ],
              [
                111.57384312843635,
                16.44919900683818
              ],
              [
                111.60956381308559,
                16.442314302668404
              ],
              [
                111.58801291116671,
                16.49281922332386
              ],
              [
                111.56829462151796,
                16.472149362102897
              ]
            ]
          ]
        },
        "id": 165
      },
      {
        "type": "Feature",
        "properties": {},
        "geometry": {
          "type": "Polygon",
          "coordinates": [
            [
              [
                113.935190222738,
                8.877338190015593
              ],
              [
                113.90809840565363,
                8.890964519973783
              ],
              [
                113.88960997241723,
                8.864952614321412
              ],
              [
                113.91241279702086,
                8.840116133446971
              ],
              [
                113.935190222738,
                8.877338190015593
              ]
            ]
          ]
        },
        "id": 166
      },
      {
        "type": "Feature",
        "properties": {},
        "geometry": {
          "type": "Polygon",
          "coordinates": [
            [
              [
                109.93280642047003,
                7.850242761253034
              ],
              [
                109.93280719681184,
                7.825325143547427
              ],
              [
                109.98442460326623,
                7.813929555623502
              ],
              [
                110.04646366286595,
                7.847575134894872
              ],
              [
                110.07906228259066,
                7.897954732446102
              ],
              [
                110.0741364072633,
                7.950750634650623
              ],
              [
                110.02925439642738,
                7.9460864355334415
              ],
              [
                109.9494048647301,
                7.890551611581553
              ],
              [
                109.93280642047003,
                7.850242761253034
              ]
            ]
          ]
        },
        "id": 167
      },
      {
        "type": "Feature",
        "properties": {},
        "geometry": {
          "type": "Polygon",
          "coordinates": [
            [
              [
                116.72320415400839,
                11.502902888014955
              ],
              [
                116.76137644328308,
                11.43195058224927
              ],
              [
                116.76815406449622,
                11.447201049247715
              ],
              [
                116.73427958739155,
                11.5163803387807
              ],
              [
                116.72320415400839,
                11.502902888014955
              ]
            ]
          ]
        },
        "id": 168
      },
      {
        "type": "Feature",
        "properties": {},
        "geometry": {
          "type": "Polygon",
          "coordinates": [
            [
              [
                111.68579757004831,
                16.58963092890948
              ],
              [
                111.71962446818728,
                16.562056905787692
              ],
              [
                111.71224017522295,
                16.595898467161323
              ],
              [
                111.68579757004831,
                16.58963092890948
              ]
            ]
          ]
        },
        "id": 169
      },
      {
        "type": "Feature",
        "properties": {},
        "geometry": {
          "type": "Polygon",
          "coordinates": [
            [
              [
                121.87841551744056,
                31.242869595836048
              ],
              [
                121.90492332542303,
                31.19734670465586
              ],
              [
                121.91969668572754,
                31.23621744826967
              ],
              [
                121.87841551744056,
                31.242869595836048
              ]
            ]
          ]
        },
        "id": 170
      },
      {
        "type": "Feature",
        "properties": {},
        "geometry": {
          "type": "Polygon",
          "coordinates": [
            [
              [
                112.50257856493565,
                16.46798086957876
              ],
              [
                112.58219068778384,
                16.527811895220495
              ],
              [
                112.570479281947,
                16.539274838438338
              ],
              [
                112.4945455431461,
                16.49550037141129
              ],
              [
                112.50257856493565,
                16.46798086957876
              ]
            ]
          ]
        },
        "id": 171
      },
      {
        "type": "Feature",
        "properties": {},
        "geometry": {
          "type": "Polygon",
          "coordinates": [
            [
              [
                111.75659437343649,
                16.063457015109307
              ],
              [
                111.78680706231413,
                16.03069302672684
              ],
              [
                111.823831272352,
                16.051469256494357
              ],
              [
                111.82506474451627,
                16.072756695632073
              ],
              [
                111.75659437343649,
                16.063457015109307
              ]
            ]
          ]
        },
        "id": 172
      },
      {
        "type": "Feature",
        "properties": {},
        "geometry": {
          "type": "Polygon",
          "coordinates": [
            [
              [
                113.84143407954043,
                10.02077416257196
              ],
              [
                113.86118905054082,
                10.005479103311787
              ],
              [
                113.86797237000991,
                10.125132185296334
              ],
              [
                113.85254295914149,
                10.123931593288928
              ],
              [
                113.84143407954043,
                10.02077416257196
              ]
            ]
          ]
        },
        "id": 173
      },
      {
        "type": "Feature",
        "properties": {},
        "geometry": {
          "type": "Polygon",
          "coordinates": [
            [
              [
                114.78790778708372,
                8.162676246636458
              ],
              [
                114.77310898831462,
                8.115824379243463
              ],
              [
                114.80826810992707,
                8.112318230582863
              ],
              [
                114.81443702007668,
                8.143158161138185
              ],
              [
                114.78790778708372,
                8.162676246636458
              ]
            ]
          ]
        },
        "id": 174
      },
      {
        "type": "Feature",
        "properties": {},
        "geometry": {
          "type": "Polygon",
          "coordinates": [
            [
              [
                116.5534580659854,
                9.747177305121749
              ],
              [
                116.56271172411228,
                9.720643235586236
              ],
              [
                116.58983018319348,
                9.72597518979769
              ],
              [
                116.5534580659854,
                9.747177305121749
              ]
            ]
          ]
        },
        "id": 175
      },
      {
        "type": "Feature",
        "properties": {},
        "geometry": {
          "type": "Polygon",
          "coordinates": [
            [
              [
                115.27862368721262,
                10.193883390978513
              ],
              [
                115.28416117788093,
                10.174435956183965
              ],
              [
                115.3290427113396,
                10.202047042566335
              ],
              [
                115.28477473859651,
                10.213314943200576
              ],
              [
                115.27862368721262,
                10.193883390978513
              ]
            ]
          ]
        },
        "id": 176
      },
      {
        "type": "Feature",
        "properties": {},
        "geometry": {
          "type": "Polygon",
          "coordinates": [
            [
              [
                116.82862782124218,
                10.478958610603682
              ],
              [
                116.8514487825529,
                10.47076223325804
              ],
              [
                116.86501271668457,
                10.497845881495747
              ],
              [
                116.82862782124218,
                10.478958610603682
              ]
            ]
          ]
        },
        "id": 177
      },
      {
        "type": "Feature",
        "properties": {},
        "geometry": {
          "type": "Polygon",
          "coordinates": [
            [
              [
                114.6988761713671,
                16.172182269329685
              ],
              [
                114.8122415380738,
                16.200383646009552
              ],
              [
                114.7986667107782,
                16.217028875745697
              ],
              [
                114.70010487436826,
                16.200923361881767
              ],
              [
                114.6988761713671,
                16.172182269329685
              ]
            ]
          ]
        },
        "id": 178
      },
      {
        "type": "Feature",
        "properties": {},
        "geometry": {
          "type": "Polygon",
          "coordinates": [
            [
              [
                115.97367999282642,
                9.323910546074245
              ],
              [
                115.92264316470971,
                9.31338667171417
              ],
              [
                115.93925727747154,
                9.271436623192706
              ],
              [
                115.97245308163053,
                9.270177778318304
              ],
              [
                115.99518361632653,
                9.295503301003864
              ],
              [
                115.97367999282642,
                9.323910546074245
              ]
            ]
          ]
        },
        "id": 179
      },
      {
        "type": "Feature",
        "properties": {},
        "geometry": {
          "type": "Polygon",
          "coordinates": [
            [
              [
                113.65595301061471,
                9.233006707299776
              ],
              [
                113.67256119741378,
                9.204625149946276
              ],
              [
                113.69285937519184,
                9.227622894325101
              ],
              [
                113.65595301061471,
                9.233006707299776
              ]
            ]
          ]
        },
        "id": 180
      },
      {
        "type": "Feature",
        "properties": {},
        "geometry": {
          "type": "Polygon",
          "coordinates": [
            [
              [
                114.66173203627844,
                7.591507424801222
              ],
              [
                114.66788182279066,
                7.565381829046573
              ],
              [
                114.71769491350429,
                7.593196015577272
              ],
              [
                114.69985331440442,
                7.616364304299081
              ],
              [
                114.66173203627844,
                7.591507424801222
              ]
            ]
          ]
        },
        "id": 181
      },
      {
        "type": "Feature",
        "properties": {},
        "geometry": {
          "type": "Polygon",
          "coordinates": [
            [
              [
                117.7663984609738,
                10.775200002408221
              ],
              [
                117.79477540951669,
                10.755255369137744
              ],
              [
                117.83181043109768,
                10.805853619680164
              ],
              [
                117.827487178704,
                10.840505417696743
              ],
              [
                117.79785765561607,
                10.841626603089702
              ],
              [
                117.77133055304743,
                10.81104424737175
              ],
              [
                117.7663984609738,
                10.775200002408221
              ]
            ]
          ]
        },
        "id": 182
      },
      {
        "type": "Feature",
        "properties": {},
        "geometry": {
          "type": "Polygon",
          "coordinates": [
            [
              [
                114.48898703675012,
                10.719332843773095
              ],
              [
                114.50938078158286,
                10.724095683142561
              ],
              [
                114.55878479025439,
                10.780038862014294
              ],
              [
                114.53532611127854,
                10.795267976752713
              ],
              [
                114.48898703675012,
                10.719332843773095
              ]
            ]
          ]
        },
        "id": 183
      },
      {
        "type": "Feature",
        "properties": {},
        "geometry": {
          "type": "Polygon",
          "coordinates": [
            [
              [
                114.68494627778713,
                11.470702878853299
              ],
              [
                114.71816165186466,
                11.430781831409497
              ],
              [
                114.73354701565889,
                11.46536597167938
              ],
              [
                114.71631291712922,
                11.493523019499232
              ],
              [
                114.68494627778713,
                11.470702878853299
              ]
            ]
          ]
        },
        "id": 184
      },
      {
        "type": "Feature",
        "properties": {},
        "geometry": {
          "type": "Polygon",
          "coordinates": [
            [
              [
                114.2382236810751,
                10.243965840781113
              ],
              [
                114.25917564280206,
                10.241607448318101
              ],
              [
                114.32194565113637,
                10.286278704456993
              ],
              [
                114.30841254073131,
                10.302791311220135
              ],
              [
                114.26102226504877,
                10.277531600887112
              ],
              [
                114.2382236810751,
                10.243965840781113
              ]
            ]
          ]
        },
        "id": 185
      },
      {
        "type": "Feature",
        "properties": {},
        "geometry": {
          "type": "Polygon",
          "coordinates": [
            [
              [
                116.63472136036816,
                10.50607104154364
              ],
              [
                116.64947593440442,
                10.49310416042778
              ],
              [
                116.70479580298779,
                10.494771536432808
              ],
              [
                116.6955727425487,
                10.519493166349157
              ],
              [
                116.63472136036816,
                10.50607104154364
              ]
            ]
          ]
        },
        "id": 186
      },
      {
        "type": "Feature",
        "properties": {},
        "geometry": {
          "type": "Polygon",
          "coordinates": [
            [
              [
                110.45602276209723,
                8.11804428724154
              ],
              [
                110.46713451962773,
                8.07360503509078
              ],
              [
                110.55047912739084,
                8.095771182092628
              ],
              [
                110.5960769418265,
                8.158656080673186
              ],
              [
                110.56465975982202,
                8.174641697546623
              ],
              [
                110.45787319561299,
                8.129905743626503
              ],
              [
                110.45602276209723,
                8.11804428724154
              ]
            ]
          ]
        },
        "id": 187
      },
      {
        "type": "Feature",
        "properties": {},
        "geometry": {
          "type": "Polygon",
          "coordinates": [
            [
              [
                111.45874607625476,
                8.526847814239169
              ],
              [
                111.49270623227545,
                8.525760629473217
              ],
              [
                111.50505760353545,
                8.55243571950481
              ],
              [
                111.45874607625476,
                8.526847814239169
              ]
            ]
          ]
        },
        "id": 188
      },
      {
        "type": "Feature",
        "properties": {},
        "geometry": {
          "type": "Polygon",
          "coordinates": [
            [
              [
                115.25407302453549,
                8.511580283363086
              ],
              [
                115.26700119536848,
                8.479010331202467
              ],
              [
                115.29222152196945,
                8.512728039570536
              ],
              [
                115.25407302453549,
                8.511580283363086
              ]
            ]
          ]
        },
        "id": 189
      },
      {
        "type": "Feature",
        "properties": {},
        "geometry": {
          "type": "Polygon",
          "coordinates": [
            [
              [
                113.21724345128345,
                8.075469239647218
              ],
              [
                113.23142023480548,
                8.07014363861897
              ],
              [
                113.27882552494869,
                8.1128174340645
              ],
              [
                113.26528899856581,
                8.121723418935431
              ],
              [
                113.21724345128345,
                8.075469239647218
              ]
            ]
          ]
        },
        "id": 190
      },
      {
        "type": "Feature",
        "properties": {},
        "geometry": {
          "type": "Polygon",
          "coordinates": [
            [
              [
                114.30103417016385,
                22.372309495602295
              ],
              [
                114.30103399584172,
                22.375076935055578
              ],
              [
                114.30041875006697,
                22.375631077442797
              ],
              [
                114.30103417016385,
                22.372309495602295
              ]
            ]
          ]
        },
        "id": 191
      },
      {
        "type": "Feature",
        "properties": {},
        "geometry": {
          "type": "Polygon",
          "coordinates": [
            [
              [
                114.07037699114265,
                10.930665910525583
              ],
              [
                114.05991323230361,
                10.906014241174047
              ],
              [
                114.10550139192117,
                10.920087173170796
              ],
              [
                114.09193689777321,
                10.949444705712287
              ],
              [
                114.07037699114265,
                10.930665910525583
              ]
            ]
          ]
        },
        "id": 192
      },
      {
        "type": "Feature",
        "properties": {},
        "geometry": {
          "type": "Polygon",
          "coordinates": [
            [
              [
                117.25395958779495,
                10.322297215246232
              ],
              [
                117.29517302620735,
                10.315779957233877
              ],
              [
                117.2957865975591,
                10.345216246034703
              ],
              [
                117.27057232260972,
                10.359965712777573
              ],
              [
                117.25395958779495,
                10.322297215246232
              ]
            ]
          ]
        },
        "id": 193
      },
      {
        "type": "Feature",
        "properties": {},
        "geometry": {
          "type": "Polygon",
          "coordinates": [
            [
              [
                115.93868775803737,
                21.100241809277023
              ],
              [
                115.94914292577158,
                21.066718520994637
              ],
              [
                115.98478351252768,
                21.038139882693756
              ],
              [
                116.03577317500574,
                21.022911643448797
              ],
              [
                116.06282896419731,
                21.04296918377464
              ],
              [
                116.03945508315077,
                21.112812807657566
              ],
              [
                116.01978970625726,
                21.12681844045797
              ],
              [
                115.96081779939513,
                21.126432029456762
              ],
              [
                115.93868775803737,
                21.100241809277023
              ]
            ]
          ]
        },
        "id": 194
      },
      {
        "type": "Feature",
        "properties": {},
        "geometry": {
          "type": "Polygon",
          "coordinates": [
            [
              [
                114.20835733949335,
                16.042715376736133
              ],
              [
                114.30754058391965,
                16.036348113257137
              ],
              [
                114.30200358726518,
                16.059369565206847
              ],
              [
                114.26445904354391,
                16.061143953159462
              ],
              [
                114.20835733949335,
                16.042715376736133
              ]
            ]
          ]
        },
        "id": 195
      },
      {
        "type": "Feature",
        "properties": {},
        "geometry": {
          "type": "Polygon",
          "coordinates": [
            [
              [
                110.60531316906987,
                8.012794298952455
              ],
              [
                110.63913445319662,
                7.990815479001726
              ],
              [
                110.6379047265898,
                8.0329232289156
              ],
              [
                110.61884480646043,
                8.043028784270689
              ],
              [
                110.60531316906987,
                8.012794298952455
              ]
            ]
          ]
        },
        "id": 196
      },
      {
        "type": "Feature",
        "properties": {},
        "geometry": {
          "type": "Polygon",
          "coordinates": [
            [
              [
                115.50541224228117,
                8.492666316716143
              ],
              [
                115.51777034500098,
                8.462504367121513
              ],
              [
                115.55050008651094,
                8.46317574346717
              ],
              [
                115.56530747936432,
                8.492213106551011
              ],
              [
                115.55481736475426,
                8.525350762506916
              ],
              [
                115.5103545563274,
                8.521098347232911
              ],
              [
                115.50541224228117,
                8.492666316716143
              ]
            ]
          ]
        },
        "id": 197
      },
      {
        "type": "Feature",
        "properties": {},
        "geometry": {
          "type": "Polygon",
          "coordinates": [
            [
              [
                111.53473069051213,
                7.545791563241807
              ],
              [
                111.53843508801648,
                7.526215076953148
              ],
              [
                111.57913857574646,
                7.544676012930608
              ],
              [
                111.60808051191525,
                7.593936687931188
              ],
              [
                111.56249214770347,
                7.607568208189517
              ],
              [
                111.53473069051213,
                7.545791563241807
              ]
            ]
          ]
        },
        "id": 198
      },
      {
        "type": "Feature",
        "properties": {},
        "geometry": {
          "type": "Polygon",
          "coordinates": [
            [
              [
                111.65355438778077,
                8.675027980529462
              ],
              [
                111.6615482983271,
                8.62471855823573
              ],
              [
                111.7131954878238,
                8.651851602621425
              ],
              [
                111.69289859769319,
                8.680871814866876
              ],
              [
                111.65355438778077,
                8.675027980529462
              ]
            ]
          ]
        },
        "id": 199
      },
      {
        "type": "Feature",
        "properties": {},
        "geometry": {
          "type": "Polygon",
          "coordinates": [
            [
              [
                110.45664933741278,
                7.801325488254595
              ],
              [
                110.48381604816066,
                7.7847871053395385
              ],
              [
                110.50789912127213,
                7.807405975744661
              ],
              [
                110.4813442710684,
                7.829277611514477
              ],
              [
                110.45664933741278,
                7.801325488254595
              ]
            ]
          ]
        },
        "id": 200
      },
      {
        "type": "Feature",
        "properties": {},
        "geometry": {
          "type": "Polygon",
          "coordinates": [
            [
              [
                112.34137551025385,
                8.927886480661199
              ],
              [
                112.3881334583879,
                8.921328952507693
              ],
              [
                112.38012954521324,
                8.948522956024592
              ],
              [
                112.34137551025385,
                8.927886480661199
              ]
            ]
          ]
        },
        "id": 201
      },
      {
        "type": "Feature",
        "properties": {},
        "geometry": {
          "type": "Polygon",
          "coordinates": [
            [
              [
                111.92095470437188,
                8.072685748443913
              ],
              [
                111.94494360407792,
                8.052487540724252
              ],
              [
                111.99040918714748,
                8.048809611639706
              ],
              [
                112.01436273959976,
                8.067119768802677
              ],
              [
                112.0088329956183,
                8.095003192029697
              ],
              [
                111.95047367944815,
                8.108211299246857
              ],
              [
                111.92095470437188,
                8.072685748443913
              ]
            ]
          ]
        },
        "id": 202
      },
      {
        "type": "Feature",
        "properties": {},
        "geometry": {
          "type": "Polygon",
          "coordinates": [
            [
              [
                116.46575971023672,
                9.811827872303862
              ],
              [
                116.47564288719431,
                9.787080736413499
              ],
              [
                116.5046782953597,
                9.793066558649913
              ],
              [
                116.48676077785052,
                9.823095212419883
              ],
              [
                116.46575971023672,
                9.811827872303862
              ]
            ]
          ]
        },
        "id": 203
      },
      {
        "type": "Feature",
        "properties": {},
        "geometry": {
          "type": "Polygon",
          "coordinates": [
            [
              [
                115.92208328142091,
                20.984090274168683
              ],
              [
                115.93500689471564,
                20.94830657230106
              ],
              [
                115.96574627914181,
                20.921968221935806
              ],
              [
                115.99461772788813,
                20.925238052160307
              ],
              [
                115.99645900661748,
                20.95094393591616
              ],
              [
                115.94976153090981,
                21.00248213775467
              ],
              [
                115.92208328142091,
                20.984090274168683
              ]
            ]
          ]
        },
        "id": 204
      },
      {
        "type": "Feature",
        "properties": {},
        "geometry": {
          "type": "Polygon",
          "coordinates": [
            [
              [
                114.98119260957546,
                11.080001519843472
              ],
              [
                115.00943591790275,
                11.064656664512404
              ],
              [
                115.01741724592708,
                11.087523369633233
              ],
              [
                114.98119260957546,
                11.080001519843472
              ]
            ]
          ]
        },
        "id": 205
      },
      {
        "type": "Feature",
        "properties": {},
        "geometry": {
          "type": "Polygon",
          "coordinates": [
            [
              [
                114.45293331301113,
                15.600877054041336
              ],
              [
                114.46219999962544,
                15.578415104358223
              ],
              [
                114.48753426915998,
                15.595205397910876
              ],
              [
                114.45293331301113,
                15.600877054041336
              ]
            ]
          ]
        },
        "id": 206
      },
      {
        "type": "Feature",
        "properties": {},
        "geometry": {
          "type": "Polygon",
          "coordinates": [
            [
              [
                116.04123632354089,
                10.097152879956587
              ],
              [
                116.06337960018826,
                10.067644881051804
              ],
              [
                116.09170111623777,
                10.095323939305967
              ],
              [
                116.06645416431311,
                10.130697136428589
              ],
              [
                116.04123632354089,
                10.097152879956587
              ]
            ]
          ]
        },
        "id": 207
      },
      {
        "type": "Feature",
        "properties": {},
        "geometry": {
          "type": "Polygon",
          "coordinates": [
            [
              [
                114.10095015303914,
                16.005732438114393
              ],
              [
                114.10588505341983,
                15.979837712036964
              ],
              [
                114.12747705822449,
                16.009206770285807
              ],
              [
                114.10095015303914,
                16.005732438114393
              ]
            ]
          ]
        },
        "id": 208
      },
      {
        "type": "Feature",
        "properties": {},
        "geometry": {
          "type": "Polygon",
          "coordinates": [
            [
              [
                117.2625598184262,
                10.69349737782935
              ],
              [
                117.34432890967715,
                10.674560567892252
              ],
              [
                117.4003139278198,
                10.672744533317982
              ],
              [
                117.41386711789794,
                10.704490913106017
              ],
              [
                117.3652310278448,
                10.743882801847528
              ],
              [
                117.28900623483864,
                10.736961110071269
              ],
              [
                117.2625598184262,
                10.69349737782935
              ]
            ]
          ]
        },
        "id": 209
      },
      {
        "type": "Feature",
        "properties": {},
        "geometry": {
          "type": "Polygon",
          "coordinates": [
            [
              [
                114.85025770722712,
                7.246076701153702
              ],
              [
                114.81570547755925,
                7.19435901726054
              ],
              [
                114.86567848976226,
                7.200383024299999
              ],
              [
                114.85025770722712,
                7.246076701153702
              ]
            ]
          ]
        },
        "id": 210
      },
      {
        "type": "Feature",
        "properties": {},
        "geometry": {
          "type": "Polygon",
          "coordinates": [
            [
              [
                112.20348694510875,
                8.8375299045653
              ],
              [
                112.23123757649758,
                8.829279960774288
              ],
              [
                112.23678289117565,
                8.854706907252599
              ],
              [
                112.20348694510875,
                8.8375299045653
              ]
            ]
          ]
        },
        "id": 211
      },
      {
        "type": "Feature",
        "properties": {},
        "geometry": {
          "type": "Polygon",
          "coordinates": [
            [
              [
                111.66588473450274,
                7.652605305920863
              ],
              [
                111.70277402692253,
                7.650166552464195
              ],
              [
                111.74523698814046,
                7.705322486969879
              ],
              [
                111.72184202717759,
                7.731440810744
              ],
              [
                111.6867837847842,
                7.713094106011559
              ],
              [
                111.66588473450274,
                7.652605305920863
              ]
            ]
          ]
        },
        "id": 212
      },
      {
        "type": "Feature",
        "properties": {},
        "geometry": {
          "type": "Polygon",
          "coordinates": [
            [
              [
                112.81889290860644,
                8.912732944509418
              ],
              [
                112.85528953314027,
                8.891517087700587
              ],
              [
                112.86885434299816,
                8.910451808738287
              ],
              [
                112.81889290860644,
                8.912732944509418
              ]
            ]
          ]
        },
        "id": 213
      },
      {
        "type": "Feature",
        "properties": {},
        "geometry": {
          "type": "Polygon",
          "coordinates": [
            [
              [
                112.52339745933898,
                5.795585766405898
              ],
              [
                112.52772056283814,
                5.767602751350794
              ],
              [
                112.55858078825929,
                5.760521231875469
              ],
              [
                112.55796190160889,
                5.821868663636351
              ],
              [
                112.52339745933898,
                5.795585766405898
              ]
            ]
          ]
        },
        "id": 214
      },
      {
        "type": "Feature",
        "properties": {},
        "geometry": {
          "type": "Polygon",
          "coordinates": [
            [
              [
                114.59523553934032,
                8.8484022647405
              ],
              [
                114.64200942454589,
                8.846584906864795
              ],
              [
                114.6782855033391,
                8.88317457565388
              ],
              [
                114.6616840177004,
                8.902123629955724
              ],
              [
                114.61309157400629,
                8.883277265631868
              ],
              [
                114.59523553934032,
                8.8484022647405
              ]
            ]
          ]
        },
        "id": 215
      },
      {
        "type": "Feature",
        "properties": {},
        "geometry": {
          "type": "Polygon",
          "coordinates": [
            [
              [
                114.86441691720906,
                7.985519071051991
              ],
              [
                114.90385655886273,
                7.952920725979687
              ],
              [
                114.91062700516703,
                8.009260801516302
              ],
              [
                114.87921300114623,
                8.013408289723554
              ],
              [
                114.86441691720906,
                7.985519071051991
              ]
            ]
          ]
        },
        "id": 216
      },
      {
        "type": "Feature",
        "properties": {},
        "geometry": {
          "type": "Polygon",
          "coordinates": [
            [
              [
                112.94089349293739,
                8.412232667924181
              ],
              [
                112.9808175730297,
                8.431085026062046
              ],
              [
                112.94519400704199,
                8.434729665632196
              ],
              [
                112.94089349293739,
                8.412232667924181
              ]
            ]
          ]
        },
        "id": 217
      },
      {
        "type": "Feature",
        "properties": {},
        "geometry": {
          "type": "Polygon",
          "coordinates": [
            [
              [
                113.59571859837234,
                6.963449361342365
              ],
              [
                113.57599592622678,
                6.921862245653946
              ],
              [
                113.61912115577425,
                6.943834483317618
              ],
              [
                113.59571859837234,
                6.963449361342365
              ]
            ]
          ]
        },
        "id": 218
      },
      {
        "type": "Feature",
        "properties": {},
        "geometry": {
          "type": "Polygon",
          "coordinates": [
            [
              [
                117.34373923364707,
                10.092436771165923
              ],
              [
                117.34988743640763,
                10.064726676760682
              ],
              [
                117.3812553688786,
                10.065277864717931
              ],
              [
                117.369563529266,
                10.108310005367665
              ],
              [
                117.34373923364707,
                10.092436771165923
              ]
            ]
          ]
        },
        "id": 219
      },
      {
        "type": "Feature",
        "properties": {},
        "geometry": {
          "type": "Polygon",
          "coordinates": [
            [
              [
                116.69100272495369,
                16.34744752612193
              ],
              [
                116.7039149754425,
                16.30147705517438
              ],
              [
                116.73467105373706,
                16.30546914228456
              ],
              [
                116.74328575244152,
                16.36232722114183
              ],
              [
                116.7137498869451,
                16.37555333265876
              ],
              [
                116.69100272495369,
                16.34744752612193
              ]
            ]
          ]
        },
        "id": 220
      },
      {
        "type": "Feature",
        "properties": {},
        "geometry": {
          "type": "Polygon",
          "coordinates": [
            [
              [
                115.83009485554334,
                22.725623413646442
              ],
              [
                115.83009489031204,
                22.725071569877752
              ],
              [
                115.8307123518702,
                22.725624569472515
              ],
              [
                115.83009485554334,
                22.725623413646442
              ]
            ]
          ]
        },
        "id": 221
      },
      {
        "type": "Feature",
        "properties": {},
        "geometry": {
          "type": "Polygon",
          "coordinates": [
            [
              [
                114.3108801152414,
                22.30197452689704
              ],
              [
                114.31211037181913,
                22.30141810557084
              ],
              [
                114.31149515848304,
                22.303080657415453
              ],
              [
                114.31088008043727,
                22.302527662600973
              ],
              [
                114.3108801152414,
                22.30197452689704
              ]
            ]
          ]
        },
        "id": 222
      },
      {
        "type": "Feature",
        "properties": {},
        "geometry": {
          "type": "Polygon",
          "coordinates": [
            [
              [
                112.98828377968758,
                19.4737833324866
              ],
              [
                113.03371255581061,
                19.48211933555827
              ],
              [
                113.04292639036954,
                19.508059525397258
              ],
              [
                113.02388398871146,
                19.530678496295636
              ],
              [
                112.98828066471873,
                19.52796214763662
              ],
              [
                112.97539134928063,
                19.498090822421084
              ],
              [
                112.98828377968758,
                19.4737833324866
              ]
            ]
          ]
        },
        "id": 223
      },
      {
        "type": "Feature",
        "properties": {},
        "geometry": {
          "type": "Polygon",
          "coordinates": [
            [
              [
                114.44364888538824,
                16.035697692643247
              ],
              [
                114.48071470013531,
                16.036367625334467
              ],
              [
                114.5171764245606,
                16.05833713015167
              ],
              [
                114.46094010043124,
                16.06910459307491
              ],
              [
                114.44364888538824,
                16.035697692643247
              ]
            ]
          ]
        },
        "id": 224
      },
      {
        "type": "Feature",
        "properties": {},
        "geometry": {
          "type": "Polygon",
          "coordinates": [
            [
              [
                113.82741448901096,
                19.16035747063583
              ],
              [
                113.86939709231643,
                19.15307547233414
              ],
              [
                113.91008874399141,
                19.1740039071293
              ],
              [
                113.91562966656565,
                19.225433939935385
              ],
              [
                113.87124361442702,
                19.23899038280991
              ],
              [
                113.80209259118337,
                19.22474674679965
              ],
              [
                113.79468440341509,
                19.200997296569067
              ],
              [
                113.82741448901096,
                19.16035747063583
              ]
            ]
          ]
        },
        "id": 225
      },
      {
        "type": "Feature",
        "properties": {},
        "geometry": {
          "type": "Polygon",
          "coordinates": [
            [
              [
                112.646645745788,
                5.108155998786454
              ],
              [
                112.65156486652572,
                5.056900115763491
              ],
              [
                112.67861161153674,
                5.04969798128495
              ],
              [
                112.71488754684952,
                5.0770544068012065
              ],
              [
                112.67430616068364,
                5.122405890536091
              ],
              [
                112.646645745788,
                5.108155998786454
              ]
            ]
          ]
        },
        "id": 226
      },
      {
        "type": "Feature",
        "properties": {},
        "geometry": {
          "type": "Polygon",
          "coordinates": [
            [
              [
                111.6345219511629,
                7.908974859603778
              ],
              [
                111.66095946493783,
                7.888760264164013
              ],
              [
                111.70830086178447,
                7.888678845669088
              ],
              [
                111.70891462968133,
                7.929015158256297
              ],
              [
                111.64743329670598,
                7.934460812308771
              ],
              [
                111.6345219511629,
                7.908974859603778
              ]
            ]
          ]
        },
        "id": 227
      },
      {
        "type": "Feature",
        "properties": {},
        "geometry": {
          "type": "Polygon",
          "coordinates": [
            [
              [
                112.23986338612201,
                8.876583353357482
              ],
              [
                112.27680762816,
                8.857055189780993
              ],
              [
                112.28418929842748,
                8.887789219306121
              ],
              [
                112.23986338612201,
                8.876583353357482
              ]
            ]
          ]
        },
        "id": 228
      },
      {
        "type": "Feature",
        "properties": {},
        "geometry": {
          "type": "Polygon",
          "coordinates": [
            [
              [
                112.88799692872605,
                7.846132362787073
              ],
              [
                112.92554395027106,
                7.829505277246645
              ],
              [
                112.92738764968578,
                7.869251563269869
              ],
              [
                112.88799692872605,
                7.846132362787073
              ]
            ]
          ]
        },
        "id": 229
      },
      {
        "type": "Feature",
        "properties": {},
        "geometry": {
          "type": "Polygon",
          "coordinates": [
            [
              [
                112.57893378131308,
                5.562781426196335
              ],
              [
                112.60234175898519,
                5.518701789006189
              ],
              [
                112.61034512120507,
                5.466869973082704
              ],
              [
                112.6386401274243,
                5.490665894159167
              ],
              [
                112.61218824765253,
                5.569927215637805
              ],
              [
                112.57893378131308,
                5.562781426196335
              ]
            ]
          ]
        },
        "id": 230
      },
      {
        "type": "Feature",
        "properties": {},
        "geometry": {
          "type": "Polygon",
          "coordinates": [
            [
              [
                112.51907828764962,
                5.657383151845551
              ],
              [
                112.54069087323185,
                5.6175276006876596
              ],
              [
                112.56166922320983,
                5.631862969513433
              ],
              [
                112.5573495945564,
                5.678319182800197
              ],
              [
                112.52463616409621,
                5.688373605782378
              ],
              [
                112.51907828764962,
                5.657383151845551
              ]
            ]
          ]
        },
        "id": 231
      },
      {
        "type": "Feature",
        "properties": {},
        "geometry": {
          "type": "Polygon",
          "coordinates": [
            [
              [
                113.59251488569456,
                10.242971820875404
              ],
              [
                113.61345738516752,
                10.224115918042168
              ],
              [
                113.63376718886755,
                10.245296240626127
              ],
              [
                113.59251488569456,
                10.242971820875404
              ]
            ]
          ]
        },
        "id": 232
      },
      {
        "type": "Feature",
        "properties": {},
        "geometry": {
          "type": "Polygon",
          "coordinates": [
            [
              [
                115.35716171572037,
                13.95035850696948
              ],
              [
                115.3928546983231,
                13.926497449882877
              ],
              [
                115.43415375837458,
                13.945124952313988
              ],
              [
                115.41873298261675,
                13.97881155886871
              ],
              [
                115.37315451637132,
                13.970097662328124
              ],
              [
                115.35716171572037,
                13.95035850696948
              ]
            ]
          ]
        },
        "id": 233
      },
      {
        "type": "Feature",
        "properties": {},
        "geometry": {
          "type": "Polygon",
          "coordinates": [
            [
              [
                113.85601028583011,
                15.478902683332597
              ],
              [
                113.88932728310135,
                15.465668967736637
              ],
              [
                113.88562685430904,
                15.492774609255145
              ],
              [
                113.85601028583011,
                15.478902683332597
              ]
            ]
          ]
        },
        "id": 234
      },
      {
        "type": "Feature",
        "properties": {},
        "geometry": {
          "type": "Polygon",
          "coordinates": [
            [
              [
                114.31456449863178,
                22.385014905554023
              ],
              [
                114.3151796589273,
                22.383906586042112
              ],
              [
                114.31517962398854,
                22.384459666460376
              ],
              [
                114.31456449863178,
                22.385014905554023
              ]
            ]
          ]
        },
        "id": 235
      },
      {
        "type": "Feature",
        "properties": {},
        "geometry": {
          "type": "Polygon",
          "coordinates": [
            [
              [
                115.83009482077394,
                22.72617525710926
              ],
              [
                115.83009485554334,
                22.725623413646442
              ],
              [
                115.8307123518702,
                22.725624569472515
              ],
              [
                115.83009482077394,
                22.72617525710926
              ]
            ]
          ]
        },
        "id": 236
      },
      {
        "type": "Feature",
        "properties": {},
        "geometry": {
          "type": "Polygon",
          "coordinates": [
            [
              [
                112.9028719816858,
                4.994387942778706
              ],
              [
                112.9391658368479,
                4.993159151854262
              ],
              [
                112.94838232677688,
                5.049160009848582
              ],
              [
                112.90656442971603,
                5.039679742380866
              ],
              [
                112.9028719816858,
                4.994387942778706
              ]
            ]
          ]
        },
        "id": 237
      },
      {
        "type": "Feature",
        "properties": {},
        "geometry": {
          "type": "Polygon",
          "coordinates": [
            [
              [
                112.55304968036218,
                5.110554707572347
              ],
              [
                112.56477079626038,
                5.073030817442499
              ],
              [
                112.60666469576601,
                5.092711691084505
              ],
              [
                112.59742922738455,
                5.1213171479674715
              ],
              [
                112.55304968036218,
                5.110554707572347
              ]
            ]
          ]
        },
        "id": 238
      },
      {
        "type": "Feature",
        "properties": {},
        "geometry": {
          "type": "Polygon",
          "coordinates": [
            [
              [
                112.34579427034369,
                5.6226288220172504
              ],
              [
                112.38147711784512,
                5.616627215630477
              ],
              [
                112.38086061519836,
                5.644028638425525
              ],
              [
                112.34579427034369,
                5.6226288220172504
              ]
            ]
          ]
        },
        "id": 239
      },
      {
        "type": "Feature",
        "properties": {},
        "geometry": {
          "type": "Polygon",
          "coordinates": [
            [
              [
                112.22164505075597,
                16.76091570927937
              ],
              [
                112.24937785811208,
                16.753479902211087
              ],
              [
                112.25738203847921,
                16.77982478760636
              ],
              [
                112.20622505977684,
                16.797554124069766
              ],
              [
                112.22164505075597,
                16.76091570927937
              ]
            ]
          ]
        },
        "id": 240
      },
      {
        "type": "Feature",
        "properties": {},
        "geometry": {
          "type": "Polygon",
          "coordinates": [
            [
              [
                112.22909653934181,
                15.697823819325052
              ],
              [
                112.25497057203515,
                15.736433438800589
              ],
              [
                112.23587371004274,
                15.742772079334703
              ],
              [
                112.1988757861092,
                15.715654547933541
              ],
              [
                112.22909653934181,
                15.697823819325052
              ]
            ]
          ]
        },
        "id": 241
      },
      {
        "type": "Feature",
        "properties": {},
        "geometry": {
          "type": "Polygon",
          "coordinates": [
            [
              [
                114.36747001753469,
                22.3256903304123
              ],
              [
                114.36808551729797,
                22.326243740858594
              ],
              [
                114.36746998231142,
                22.326244450878868
              ],
              [
                114.36747001753469,
                22.3256903304123
              ]
            ]
          ]
        },
        "id": 242
      },
      {
        "type": "Feature",
        "properties": {},
        "geometry": {
          "type": "Polygon",
          "coordinates": [
            [
              [
                112.46780456866824,
                5.740625190415786
              ],
              [
                112.49251360888707,
                5.737719200011133
              ],
              [
                112.4937480321485,
                5.77643928027275
              ],
              [
                112.46780456866824,
                5.740625190415786
              ]
            ]
          ]
        },
        "id": 243
      },
      {
        "type": "Feature",
        "properties": {},
        "geometry": {
          "type": "Polygon",
          "coordinates": [
            [
              [
                112.60788612893305,
                5.36916924630757
              ],
              [
                112.63618582342806,
                5.3488835039392155
              ],
              [
                112.68105937583901,
                5.372632195151628
              ],
              [
                112.68659124684028,
                5.407772320820803
              ],
              [
                112.6195769208471,
                5.40311783228373
              ],
              [
                112.60788612893305,
                5.36916924630757
              ]
            ]
          ]
        },
        "id": 244
      },
      {
        "type": "Feature",
        "properties": {},
        "geometry": {
          "type": "Polygon",
          "coordinates": [
            [
              [
                113.21299097985239,
                6.307517101329018
              ],
              [
                113.22593752735578,
                6.286701959257704
              ],
              [
                113.23949139309133,
                6.327171749392513
              ],
              [
                113.21299097985239,
                6.307517101329018
              ]
            ]
          ]
        },
        "id": 245
      },
      {
        "type": "Feature",
        "properties": {},
        "geometry": {
          "type": "Polygon",
          "coordinates": [
            [
              [
                116.14846413271454,
                9.581091008162492
              ],
              [
                116.18550157572206,
                9.566995967571302
              ],
              [
                116.18364847324601,
                9.597090798875168
              ],
              [
                116.14846413271454,
                9.581091008162492
              ]
            ]
          ]
        },
        "id": 246
      },
      {
        "type": "Feature",
        "properties": {},
        "geometry": {
          "type": "Polygon",
          "coordinates": [
            [
              [
                114.94508743021387,
                7.510229505667292
              ],
              [
                114.95676370508527,
                7.48646203161473
              ],
              [
                115.00834688116448,
                7.486314163566367
              ],
              [
                115.00957355810509,
                7.527264041484576
              ],
              [
                114.94508743021387,
                7.510229505667292
              ]
            ]
          ]
        },
        "id": 247
      },
      {
        "type": "Feature",
        "properties": {},
        "geometry": {
          "type": "Polygon",
          "coordinates": [
            [
              [
                111.54953298357118,
                7.8092987819695505
              ],
              [
                111.5809795276433,
                7.773146574178095
              ],
              [
                111.61545621468868,
                7.841962856825385
              ],
              [
                111.59945359386602,
                7.863329390609787
              ],
              [
                111.54953298357118,
                7.8092987819695505
              ]
            ]
          ]
        },
        "id": 248
      },
      {
        "type": "Feature",
        "properties": {},
        "geometry": {
          "type": "Polygon",
          "coordinates": [
            [
              [
                113.93427421449704,
                15.837397338752995
              ],
              [
                113.96871203155608,
                15.807369864785619
              ],
              [
                113.96625252389956,
                15.841358060968693
              ],
              [
                113.93427421449704,
                15.837397338752995
              ]
            ]
          ]
        },
        "id": 249
      },
      {
        "type": "Feature",
        "properties": {},
        "geometry": {
          "type": "Polygon",
          "coordinates": [
            [
              [
                114.92197979985583,
                16.038884913748753
              ],
              [
                114.89119911101545,
                16.03832178464176
              ],
              [
                114.90659619342442,
                16.003797817569975
              ],
              [
                114.92197979985583,
                16.038884913748753
              ]
            ]
          ]
        },
        "id": 250
      },
      {
        "type": "Feature",
        "properties": {},
        "geometry": {
          "type": "Polygon",
          "coordinates": [
            [
              [
                114.31887542115939,
                22.30029706956604
              ],
              [
                114.31949049521194,
                22.300295897713042
              ],
              [
                114.31887538624368,
                22.300851206568684
              ],
              [
                114.31887542115939,
                22.30029706956604
              ]
            ]
          ]
        },
        "id": 251
      },
      {
        "type": "Feature",
        "properties": {},
        "geometry": {
          "type": "Polygon",
          "coordinates": [
            [
              [
                116.74546145054549,
                9.05864263349548
              ],
              [
                116.6956318972693,
                9.05100595300058
              ],
              [
                116.70485499790298,
                9.026173920982213
              ],
              [
                116.73684417903958,
                9.030282001237394
              ],
              [
                116.74546145054549,
                9.05864263349548
              ]
            ]
          ]
        },
        "id": 252
      },
      {
        "type": "Feature",
        "properties": {},
        "geometry": {
          "type": "Polygon",
          "coordinates": [
            [
              [
                112.64189088620705,
                16.387738231939032
              ],
              [
                112.67692566769396,
                16.402601451529037
              ],
              [
                112.65541269556356,
                16.428474240289514
              ],
              [
                112.64189088620705,
                16.387738231939032
              ]
            ]
          ]
        },
        "id": 253
      },
      {
        "type": "Feature",
        "properties": {},
        "geometry": {
          "type": "Polygon",
          "coordinates": [
            [
              [
                115.75420923017712,
                10.462966351961219
              ],
              [
                115.77209013036318,
                10.436498525335335
              ],
              [
                115.79800205214346,
                10.46536577731572
              ],
              [
                115.75420923017712,
                10.462966351961219
              ]
            ]
          ]
        },
        "id": 254
      },
      {
        "type": "Feature",
        "properties": {},
        "geometry": {
          "type": "Polygon",
          "coordinates": [
            [
              [
                111.19851781254188,
                19.927586581767166
              ],
              [
                111.19851784386279,
                19.92702312155008
              ],
              [
                111.19913435148695,
                19.927587516555114
              ],
              [
                111.19913432022256,
                19.928149976055128
              ],
              [
                111.19851781254188,
                19.927586581767166
              ]
            ]
          ]
        },
        "id": 255
      },
      {
        "type": "Feature",
        "properties": {},
        "geometry": {
          "type": "Polygon",
          "coordinates": [
            [
              [
                117.20958659885147,
                10.73697019366542
              ],
              [
                117.18306931329082,
                10.743392898741432
              ],
              [
                117.20280604496793,
                10.709338339758641
              ],
              [
                117.20958659885147,
                10.73697019366542
              ]
            ]
          ]
        },
        "id": 256
      },
      {
        "type": "Feature",
        "properties": {},
        "geometry": {
          "type": "Polygon",
          "coordinates": [
            [
              [
                115.77825350331108,
                10.542992360816577
              ],
              [
                115.79121228519617,
                10.501832948404694
              ],
              [
                115.80108589776852,
                10.526555263864022
              ],
              [
                115.77825350331108,
                10.542992360816577
              ]
            ]
          ]
        },
        "id": 257
      },
      {
        "type": "Feature",
        "properties": {},
        "geometry": {
          "type": "Polygon",
          "coordinates": [
            [
              [
                112.66709534547759,
                16.333712596850972
              ],
              [
                112.69659944063962,
                16.33365955464336
              ],
              [
                112.67323965824578,
                16.36126718159294
              ],
              [
                112.66709534547759,
                16.333712596850972
              ]
            ]
          ]
        },
        "id": 258
      },
      {
        "type": "Feature",
        "properties": {},
        "geometry": {
          "type": "Polygon",
          "coordinates": [
            [
              [
                113.58142963114321,
                22.204162719023177
              ],
              [
                113.57094736312129,
                22.204154934038808
              ],
              [
                113.57094778444612,
                22.19750360112629
              ],
              [
                113.58142963114321,
                22.204162719023177
              ]
            ]
          ]
        },
        "id": 259
      },
      {
        "type": "Feature",
        "properties": {},
        "geometry": {
          "type": "Polygon",
          "coordinates": [
            [
              [
                112.50782359273775,
                9.546421564889762
              ],
              [
                112.50411839587579,
                9.52752284242527
              ],
              [
                112.56461801160813,
                9.518810778399711
              ],
              [
                112.56276630998751,
                9.555991643566925
              ],
              [
                112.50782359273775,
                9.546421564889762
              ]
            ]
          ]
        },
        "id": 260
      },
      {
        "type": "Feature",
        "properties": {},
        "geometry": {
          "type": "Polygon",
          "coordinates": [
            [
              [
                114.60603403795076,
                15.651327124871345
              ],
              [
                114.57707682142168,
                15.62711526291789
              ],
              [
                114.60665141755872,
                15.617318602664469
              ],
              [
                114.60603403795076,
                15.651327124871345
              ]
            ]
          ]
        },
        "id": 261
      },
      {
        "type": "Feature",
        "properties": {},
        "geometry": {
          "type": "Polygon",
          "coordinates": [
            [
              [
                117.29514001578947,
                11.079335525950253
              ],
              [
                117.2600819874717,
                11.06470104285123
              ],
              [
                117.28038489532071,
                11.027116213270626
              ],
              [
                117.30005961652579,
                11.028848137644669
              ],
              [
                117.29514001578947,
                11.079335525950253
              ]
            ]
          ]
        },
        "id": 262
      },
      {
        "type": "Feature",
        "properties": {},
        "geometry": {
          "type": "Polygon",
          "coordinates": [
            [
              [
                117.68696219122828,
                11.050677528949842
              ],
              [
                117.64945415945088,
                11.047813172651269
              ],
              [
                117.65191501637503,
                11.026675944938805
              ],
              [
                117.68634858235447,
                11.018393270023944
              ],
              [
                117.68696219122828,
                11.050677528949842
              ]
            ]
          ]
        },
        "id": 263
      },
      {
        "type": "Feature",
        "properties": {},
        "geometry": {
          "type": "Polygon",
          "coordinates": [
            [
              [
                114.16234540301936,
                9.386316331716706
              ],
              [
                114.17099209993837,
                9.34382256214459
              ],
              [
                114.19136785414327,
                9.352716532380564
              ],
              [
                114.19013239844237,
                9.39345309590136
              ],
              [
                114.16234540301936,
                9.386316331716706
              ]
            ]
          ]
        },
        "id": 264
      },
      {
        "type": "Feature",
        "properties": {},
        "geometry": {
          "type": "Polygon",
          "coordinates": [
            [
              [
                114.71084590195767,
                9.738783573913256
              ],
              [
                114.68931927451764,
                9.742945666117459
              ],
              [
                114.67702416549717,
                9.70933980770908
              ],
              [
                114.70100544980305,
                9.70221850686837
              ],
              [
                114.71084590195767,
                9.738783573913256
              ]
            ]
          ]
        },
        "id": 265
      },
      {
        "type": "Feature",
        "properties": {},
        "geometry": {
          "type": "Polygon",
          "coordinates": [
            [
              [
                112.54993654587753,
                5.979674112732865
              ],
              [
                112.54932058122188,
                5.943942868734813
              ],
              [
                112.57152422967833,
                5.972559572883487
              ],
              [
                112.54993654587753,
                5.979674112732865
              ]
            ]
          ]
        },
        "id": 266
      },
      {
        "type": "Feature",
        "properties": {},
        "geometry": {
          "type": "Polygon",
          "coordinates": [
            [
              [
                122.51506239079876,
                23.463359996880822
              ],
              [
                122.79482282806612,
                24.576514716215353
              ],
              [
                122.79510217146905,
                24.5796315513055
              ],
              [
                122.79440377129707,
                24.5826806262975
              ],
              [
                122.79279603045624,
                24.585363503441965
              ],
              [
                122.79043641808406,
                24.587417662124892
              ],
              [
                122.7875560230288,
                24.58864214924039
              ],
              [
                122.7844369060093,
                24.588917195306774
              ],
              [
                122.78138441066255,
                24.588215907084933
              ],
              [
                122.77869731020472,
                24.58660688350341
              ],
              [
                122.77663851916662,
                24.58424753432463
              ],
              [
                122.77540942024991,
                24.581368672587658
              ],
              [
                122.49560755605043,
                23.468181146360163
              ],
              [
                122.49532765110142,
                23.46506437905295
              ],
              [
                122.49602739702502,
                23.462016794929255
              ],
              [
                122.49763829027326,
                23.459336698066792
              ],
              [
                122.5000026350964,
                23.457286448031933
              ],
              [
                122.50288896772823,
                23.45606669386356
              ],
              [
                122.5060147148667,
                23.455796810780786
              ],
              [
                122.5090738619178,
                23.456503175088187
              ],
              [
                122.51176696996527,
                23.458116647408914
              ],
              [
                122.51383046223509,
                23.46047932672043
              ],
              [
                122.51506239079876,
                23.463359996880822
              ]
            ]
          ]
        },
        "id": 267
      },
      {
        "type": "Feature",
        "properties": {},
        "geometry": {
          "type": "Polygon",
          "coordinates": [
            [
              [
                121.16824845453384,
                20.807842426694545
              ],
              [
                121.90594866077461,
                21.69015996464037
              ],
              [
                121.9075550128599,
                21.69284507288311
              ],
              [
                121.90825308187489,
                21.695895671320848
              ],
              [
                121.90797463336457,
                21.699013245235395
              ],
              [
                121.90674687539641,
                21.701892583298765
              ],
              [
                121.90468983525409,
                21.704251687233754
              ],
              [
                121.9020046828034,
                21.70585943742592
              ],
              [
                121.89895405034441,
                21.70655829431021
              ],
              [
                121.89583648679846,
                21.706279743851145
              ],
              [
                121.89295720937413,
                21.70505111081564
              ],
              [
                121.89059819793927,
                21.702992804275453
              ],
              [
                121.15287533301782,
                20.820642645743277
              ],
              [
                121.15126609133455,
                20.817954910722204
              ],
              [
                121.15056673978584,
                20.81490374083205
              ],
              [
                121.15084570328703,
                20.81178776758602
              ],
              [
                121.15207569702338,
                20.808912020895338
              ],
              [
                121.15413636490331,
                20.806558044379074
              ],
              [
                121.15682602219998,
                20.80495630589133
              ],
              [
                121.15988144060904,
                20.804263620963493
              ],
              [
                121.16300350205672,
                20.804547785044164
              ],
              [
                121.16588659338029,
                20.805780966902383
              ],
              [
                121.16824845453384,
                20.807842426694545
              ]
            ]
          ]
        },
        "id": 268
      },
      {
        "type": "Feature",
        "properties": {},
        "geometry": {
          "type": "Polygon",
          "coordinates": [
            [
              [
                119.46938995477167,
                18.008540115352627
              ],
              [
                120.02173255151243,
                19.025647105765337
              ],
              [
                120.02277430933108,
                19.028593328719573
              ],
              [
                120.02285555293166,
                19.031720487833784
              ],
              [
                120.02196832129198,
                19.034722454561262
              ],
              [
                120.02019952280773,
                19.037305431465764
              ],
              [
                120.01772238922842,
                19.03921664311365
              ],
              [
                120.01477945133732,
                19.040269095605964
              ],
              [
                120.0116588307979,
                19.04035977649877
              ],
              [
                120.00866596291044,
                19.03947978727074
              ],
              [
                120.00609376306215,
                19.03771523890829
              ],
              [
                120.0041939637113,
                19.035238786364836
              ],
              [
                119.45175974084424,
                18.01804093746506
              ],
              [
                119.45071302915511,
                18.01508812077542
              ],
              [
                119.45063140013822,
                18.011959119210125
              ],
              [
                119.45152283925604,
                18.008960200581043
              ],
              [
                119.45330018210872,
                18.006385000494266
              ],
              [
                119.45578958228721,
                18.004485727496824
              ],
              [
                119.45874748401968,
                18.003448423627905
              ],
              [
                119.46188444168837,
                18.003374681436306
              ],
              [
                119.46489336019809,
                18.004271720711184
              ],
              [
                119.46747962867494,
                18.006051637585177
              ],
              [
                119.46938995477167,
                18.008540115352627
              ]
            ]
          ]
        },
        "id": 269
      },
      {
        "type": "Feature",
        "properties": {},
        "geometry": {
          "type": "Polygon",
          "coordinates": [
            [
              [
                119.0684198352757,
                15.042563328730267
              ],
              [
                119.06836726291077,
                16.045512512974764
              ],
              [
                119.06787826700835,
                16.048604125783136
              ],
              [
                119.06645955766857,
                16.051394284414073
              ],
              [
                119.06425015211411,
                16.053610032160957
              ],
              [
                119.06146653134655,
                16.055034652875374
              ],
              [
                119.05838132092455,
                16.05552886009265
              ],
              [
                119.0552965759959,
                16.055044306176427
              ],
              [
                119.05251417766581,
                16.053628377482873
              ],
              [
                119.05030635194558,
                16.051419506760396
              ],
              [
                119.04888900718919,
                16.04863374999443
              ],
              [
                119.04840076155156,
                16.04554365106734
              ],
              [
                119.04845314978776,
                15.042668383022004
              ],
              [
                119.04796408492354,
                15.009428770725249
              ],
              [
                119.04840699515636,
                15.00633159110182
              ],
              [
                119.0497833120982,
                15.003521226181576
              ],
              [
                119.0519584573989,
                15.00127292252851
              ],
              [
                119.05471968411248,
                14.999806918466316
              ],
              [
                119.05779686291743,
                14.999266879782379
              ],
              [
                119.06088885589404,
                14.999705721870773
              ],
              [
                119.0636929454773,
                15.001080464292702
              ],
              [
                119.06593451381421,
                15.003256391961392
              ],
              [
                119.06739393290276,
                15.006020313144134
              ],
              [
                119.06792817981255,
                15.009101519506949
              ],
              [
                119.06841874424424,
                15.042415466978746
              ],
              [
                119.0684198352757,
                15.042563328730267
              ]
            ]
          ]
        },
        "id": 270
      },
      {
        "type": "Feature",
        "properties": {},
        "geometry": {
          "type": "Polygon",
          "coordinates": [
            [
              [
                118.6826624210671,
                11.19122551494865
              ],
              [
                118.5213875976247,
                10.917297353360677
              ],
              [
                118.52023911349299,
                10.914384517522503
              ],
              [
                118.52004924382808,
                10.911263085049656
              ],
              [
                118.52083660176775,
                10.908238617633545
              ],
              [
                118.52252404016949,
                10.905607134571527
              ],
              [
                118.52494632110715,
                10.903626127108625
              ],
              [
                118.52786619901234,
                10.902489411101147
              ],
              [
                118.53099777823819,
                10.902308178629855
              ],
              [
                118.53403448078322,
                10.90310012496348
              ],
              [
                118.53667909341111,
                10.904787770934563
              ],
              [
                118.53867286831358,
                10.90720604567334
              ],
              [
                118.70025769097401,
                11.18171744168702
              ],
              [
                118.70092646036905,
                11.183082568554791
              ],
              [
                118.87058876174015,
                11.60823746551035
              ],
              [
                118.87087249606368,
                11.609048032093696
              ],
              [
                118.9850570521851,
                11.98719605082762
              ],
              [
                118.98548129642158,
                11.990294989313266
              ],
              [
                118.98492993633444,
                11.993376690173974
              ],
              [
                118.98345691290585,
                11.99613947709787
              ],
              [
                118.98120638016698,
                11.998312876045187
              ],
              [
                118.9783985670995,
                11.999684062447447
              ],
              [
                118.9753082755384,
                12.000118771860793
              ],
              [
                118.97223795498563,
                11.999574404396345
              ],
              [
                118.96948816004938,
                11.998104248836874
              ],
              [
                118.96732812238703,
                11.995852268890852
              ],
              [
                118.96596935950308,
                11.993039014773204
              ],
              [
                118.85182736046833,
                11.615219975925703
              ],
              [
                118.6826624210671,
                11.19122551494865
              ]
            ]
          ]
        },
        "id": 271
      },
      {
        "type": "Feature",
        "properties": {},
        "geometry": {
          "type": "Polygon",
          "coordinates": [
            [
              [
                115.54081551081329,
                7.14817638016236
              ],
              [
                116.24671448658233,
                7.980925831148651
              ],
              [
                116.24833967114046,
                7.983601256746618
              ],
              [
                116.2490589032366,
                7.986648231564219
              ],
              [
                116.24880186058742,
                7.989768586185586
              ],
              [
                116.24759368000637,
                7.99265683541424
              ],
              [
                116.24555249937735,
                7.995030142770952
              ],
              [
                116.24287796353188,
                7.996656027951197
              ],
              [
                116.23983172125706,
                7.997375192969331
              ],
              [
                116.23671187033926,
                7.997117162754343
              ],
              [
                116.23382385033297,
                7.995907229106661
              ],
              [
                116.23145047944415,
                7.993863953637124
              ],
              [
                115.52551921795147,
                7.16107114210493
              ],
              [
                115.52388971333978,
                7.158393265648874
              ],
              [
                115.52316851090717,
                7.155346551151629
              ],
              [
                115.52342624496136,
                7.152229291619639
              ],
              [
                115.524637686634,
                7.14934658635679
              ],
              [
                115.52668417713963,
                7.146980564903756
              ],
              [
                115.52936527720114,
                7.145362707614743
              ],
              [
                115.53241843662362,
                7.144651265970245
              ],
              [
                115.5355447374691,
                7.144915814998845
              ],
              [
                115.53843814272764,
                7.146130458915772
              ],
              [
                115.54081551081329,
                7.14817638016236
              ]
            ]
          ]
        },
        "id": 272
      },
      {
        "type": "Feature",
        "properties": {},
        "geometry": {
          "type": "Polygon",
          "coordinates": [
            [
              [
                112.30272307066205,
                3.535575968856519
              ],
              [
                111.78257700942385,
                3.4176091632748333
              ],
              [
                111.77966804180646,
                3.416444214661751
              ],
              [
                111.77726086906667,
                3.414438847175964
              ],
              [
                111.77559101775086,
                3.4117892557911786
              ],
              [
                111.7748218099118,
                3.4087546824307196
              ],
              [
                111.77502846128513,
                3.405632092796646
              ],
              [
                111.77619079017526,
                3.402727174149905
              ],
              [
                111.77819509029511,
                3.400324378849425
              ],
              [
                111.78084531245791,
                3.3986590193134996
              ],
              [
                111.78388214813359,
                3.397894237343409
              ],
              [
                111.78700836532076,
                3.398104927557703
              ],
              [
                112.30747987388824,
                3.5161324354911585
              ],
              [
                112.30815132415276,
                3.516308686932013
              ],
              [
                112.51726908179543,
                3.5794342190602175
              ],
              [
                112.51861254214367,
                3.5799493077824494
              ],
              [
                112.84787030824634,
                3.7335672120379093
              ],
              [
                112.85046794277226,
                3.735321627879311
              ],
              [
                112.85239706130307,
                3.737791233558539
              ],
              [
                112.8534689233903,
                3.7407344069448962
              ],
              [
                112.85357867211455,
                3.7438630844608896
              ],
              [
                112.85271555959551,
                3.74687103538543
              ],
              [
                112.8509640332937,
                3.7494637660155896
              ],
              [
                112.84849545536,
                3.7513873842938317
              ],
              [
                112.84555139833417,
                3.752453526463078
              ],
              [
                112.84242000198616,
                3.752557789042216
              ],
              [
                112.8394078149479,
                3.751689999146639
              ],
              [
                112.51079214624798,
                3.5983662859532126
              ],
              [
                112.30272307066205,
                3.535575968856519
              ]
            ]
          ]
        },
        "id": 273
      },
      {
        "type": "Feature",
        "properties": {},
        "geometry": {
          "type": "Polygon",
          "coordinates": [
            [
              [
                108.25728138181385,
                6.090281610651805
              ],
              [
                108.28683473888682,
                6.013757512281478
              ],
              [
                108.28840406479182,
                6.011048531529953
              ],
              [
                108.29073148277588,
                6.008956611730284
              ],
              [
                108.29358904599296,
                6.0076864325939665
              ],
              [
                108.29669698468348,
                6.007362267189414
              ],
              [
                108.29975105947987,
                6.008015834166258
              ],
              [
                108.3024523832629,
                6.009583213592855
              ],
              [
                108.30453659461084,
                6.011911070185861
              ],
              [
                108.30579977634817,
                6.01477159729731
              ],
              [
                108.30611833069172,
                6.017884852307552
              ],
              [
                108.30546108094957,
                6.020946091687416
              ],
              [
                108.2762736860227,
                6.096580600263694
              ],
              [
                108.25283584433086,
                6.228745787554158
              ],
              [
                108.21348229611078,
                6.539452645708846
              ],
              [
                108.21543723018306,
                6.950921761837854
              ],
              [
                108.24088825664035,
                7.075193017721746
              ],
              [
                108.24102830612217,
                7.078318325849082
              ],
              [
                108.2401952483476,
                7.081333728310208
              ],
              [
                108.23847053922587,
                7.083943984020933
              ],
              [
                108.23602284097171,
                7.085893409837497
              ],
              [
                108.23309159986408,
                7.086991039109728
              ],
              [
                108.22996364201668,
                7.087129310039508
              ],
              [
                108.22694514478857,
                7.086294691420181
              ],
              [
                108.224331655067,
                7.084568966683086
              ],
              [
                108.22237916848928,
                7.0821211996840505
              ],
              [
                108.22127894345157,
                7.079191165330336
              ],
              [
                108.19561319452183,
                6.953935220716411
              ],
              [
                108.19540992282609,
                6.951977821556502
              ],
              [
                108.19344617127985,
                6.538864770549795
              ],
              [
                108.19352539710334,
                6.5375613112861135
              ],
              [
                108.23301885092982,
                6.225983392208973
              ],
              [
                108.2330936675798,
                6.225491278813695
              ],
              [
                108.25676203061802,
                6.092142349438059
              ],
              [
                108.25728138181385,
                6.090281610651805
              ]
            ]
          ]
        },
        "id": 274
      },
      {
        "type": "Feature",
        "properties": {},
        "geometry": {
          "type": "Polygon",
          "coordinates": [
            [
              [
                110.12419320759234,
                11.370224349084813
              ],
              [
                110.05152751862371,
                11.254711215493762
              ],
              [
                110.05029918835857,
                11.25183864065989
              ],
              [
                110.05001821059174,
                11.248724899491961
              ],
              [
                110.05071204130057,
                11.24567476235492
              ],
              [
                110.05231285231008,
                11.24298686412676
              ],
              [
                110.0546640778216,
                11.24092447688537
              ],
              [
                110.05753575835486,
                11.239689629309773
              ],
              [
                110.06064692795421,
                11.239403356451135
              ],
              [
                110.06369308017022,
                11.240093703721193
              ],
              [
                110.06637596773277,
                11.24169302859999
              ],
              [
                110.06843280412984,
                11.24404462809221
              ],
              [
                110.14140437836537,
                11.360013300437897
              ],
              [
                110.14187696433862,
                11.36085072812484
              ],
              [
                110.20309747541471,
                11.482662368162774
              ],
              [
                110.20337655844942,
                11.483267199361471
              ],
              [
                110.25465905387848,
                11.604968246274868
              ],
              [
                110.25513221232062,
                11.60637615714274
              ],
              [
                110.30041442612888,
                11.783940761540965
              ],
              [
                110.30061990851677,
                11.784969706283219
              ],
              [
                110.32422400261218,
                11.94702126673169
              ],
              [
                110.32432400528924,
                11.948162175583674
              ],
              [
                110.33021863086245,
                12.142935400671643
              ],
              [
                110.3302211960468,
                12.143439639951898
              ],
              [
                110.32825007963802,
                12.241743730273718
              ],
              [
                110.32769982870765,
                12.244825012744347
              ],
              [
                110.32622685724516,
                12.247586894829602
              ],
              [
                110.32397534753594,
                12.249759044970531
              ],
              [
                110.32116569459679,
                12.251128815567665
              ],
              [
                110.31807290053978,
                12.25156211281927
              ],
              [
                110.3149996757743,
                12.25101649114807
              ],
              [
                110.31224683374293,
                12.249545360592695
              ],
              [
                110.31008387604012,
                12.247292735239606
              ],
              [
                110.30872255951887,
                12.244479144732978
              ],
              [
                110.30829618266057,
                12.241380035734675
              ],
              [
                110.3102624282024,
                12.143328247541087
              ],
              [
                110.30439198926766,
                11.949379853768372
              ],
              [
                110.28093820183204,
                11.788407973216042
              ],
              [
                110.23593964281851,
                11.612044104416759
              ],
              [
                110.18504497335712,
                11.491305795746527
              ],
              [
                110.12419320759234,
                11.370224349084813
              ]
            ]
          ]
        },
        "id": 275
      },
      {
        "type": "Feature",
        "properties": {},
        "geometry": {
          "type": "Polygon",
          "coordinates": [
            [
              [
                109.82559273634612,
                15.230774949520807
              ],
              [
                109.8413355702536,
                15.15501811805487
              ],
              [
                109.84244407039897,
                15.152094197193449
              ],
              [
                109.84440428374364,
                15.149656748930711
              ],
              [
                109.84702426042166,
                15.14794430030917
              ],
              [
                109.85004744546606,
                15.147124400804323
              ],
              [
                109.85317785200452,
                15.147277237209192
              ],
              [
                109.85610905796264,
                15.148387849618423
              ],
              [
                109.8585541604033,
                15.150347563081201
              ],
              [
                109.86027393902954,
                15.15296464711165
              ],
              [
                109.86110013939185,
                15.155983044199576
              ],
              [
                109.86095195776659,
                15.159107329519717
              ],
              [
                109.84515060830088,
                15.235172556746617
              ],
              [
                109.84500566354995,
                15.235775422970207
              ],
              [
                109.78574255941017,
                15.452398066576016
              ],
              [
                109.78523549161456,
                15.453819814023555
              ],
              [
                109.68668589195275,
                15.676090947914824
              ],
              [
                109.68607859766388,
                15.677252219690942
              ],
              [
                109.58763479632044,
                15.83870576619757
              ],
              [
                109.58732107567577,
                15.839187343686117
              ],
              [
                109.52808787718094,
                15.924457792918327
              ],
              [
                109.52773813607888,
                15.92493004744224
              ],
              [
                109.30486206791656,
                16.20905098356657
              ],
              [
                109.30257547528082,
                16.21118540197046
              ],
              [
                109.29974399204276,
                16.21250808546742
              ],
              [
                109.29664469665177,
                16.212889487288923
              ],
              [
                109.29358093519508,
                16.212292232195466
              ],
              [
                109.2908526421414,
                16.21077480175459
              ],
              [
                109.28872693035507,
                16.20848580800205
              ],
              [
                109.28741200921394,
                16.20564941617839
              ],
              [
                109.28703665122592,
                16.20254333777807
              ],
              [
                109.2876376400473,
                16.19947164748445
              ],
              [
                109.28915609322443,
                16.196734997421483
              ],
              [
                109.51177521378463,
                15.912774274640588
              ],
              [
                109.57071148740535,
                15.82801618576139
              ],
              [
                109.66870668985074,
                15.66741282465404
              ],
              [
                109.76662686011761,
                15.446382174503428
              ],
              [
                109.82559273634612,
                15.230774949520807
              ]
            ]
          ]
        },
        "id": 276
      }
    ]
  }